[INFO] Error stacktraces are turned on.
[INFO] Scanning for projects...
[WARNING] 
[WARNING] Some problems were encountered while building the effective model for org.openhab.core.bundles:org.openhab.core.ai.mcp:jar:5.0.0-SNAPSHOT
[WARNING] 'build.plugins.plugin.version' for org.apache.maven.plugins:maven-failsafe-plugin is missing. @ line 195, column 15
[WARNING] 
[WARNING] It is highly recommended to fix these problems because they threaten the stability of your build.
[WARNING] 
[WARNING] For this reason, future Maven versions might no longer support building such malformed projects.
[WARNING] 
[INFO] ------------------------------------------------------------------------
[INFO] Reactor Build Order:
[INFO] 
[INFO] openHAB Core :: Bundles                                            [pom]
[INFO] openHAB Core :: Bundles :: Core                                    [jar]
[INFO] openHAB Core :: Bundles :: Test                                    [jar]
[INFO] openHAB Core :: Bundles :: Configuration Core                      [jar]
[INFO] openHAB Core :: Bundles :: Add-on XML                              [jar]
[INFO] openHAB Core :: Bundles :: Eclipse Add-on Service                  [jar]
[INFO] openHAB Core :: Bundles :: Console                                 [jar]
[INFO] openHAB Core :: Bundles :: Transformation Service                  [jar]
[INFO] openHAB Core :: Bundles :: Semantics                               [jar]
[INFO] openHAB Core :: Bundles :: Thing                                   [jar]
[INFO] openHAB Core :: Bundles :: Ephemeris                               [jar]
[INFO] openHAB Core :: Bundles :: Automation                              [jar]
[INFO] openHAB Core :: Bundles :: Model Core                              [jar]
[INFO] openHAB Core :: Bundles :: Persistence                             [jar]
[INFO] openHAB Core :: Bundles :: Model Sitemap                           [jar]
[INFO] openHAB Core :: Bundles :: UI                                      [jar]
[INFO] openHAB Core :: Bundles :: Marketplace Add-on Services             [jar]
[INFO] openHAB Core :: Bundles :: Community Marketplace Add-on Service :: Karaf [jar]
[INFO] openHAB Core :: Bundles :: AI :: Common                            [jar]
[INFO] openHAB Core :: Bundles :: AI :: MCP                               [jar]
[INFO] openHAB Core :: Bundles :: AI :: A2A                               [jar]
[INFO] openHAB Core :: Bundles :: JAAS Authentication                     [jar]
[INFO] openHAB Core :: Bundles :: Network I/O                             [jar]
[INFO] openHAB Core :: Bundles :: OAuth2Client                            [jar]
[INFO] openHAB Core :: Bundles :: Automation Script Modules               [jar]
[INFO] openHAB Core :: Bundles :: Audio                                   [jar]
[INFO] openHAB Core :: Bundles :: Voice                                   [jar]
[INFO] openHAB Core :: Bundles :: Automation Media Modules                [jar]
[INFO] openHAB Core :: Bundles :: Automation Script RuleSupport           [jar]
[INFO] openHAB Core :: Bundles :: REST Interface                          [jar]
[INFO] openHAB Core :: Bundles :: Automation REST API                     [jar]
[INFO] openHAB Core :: Bundles :: Configuration Discovery                 [jar]
[INFO] openHAB Core :: Bundles :: Add-on Suggestion Service               [jar]
[INFO] openHAB Core :: Bundles :: IP-based Suggested Add-on Finder        [jar]
[INFO] openHAB Core :: Bundles :: mDNS Service                            [jar]
[INFO] openHAB Core :: Bundles :: mDNS Suggested Add-on Finder            [jar]
[INFO] openHAB Core :: Bundles :: Process-based Suggested Add-on Finder   [jar]
[INFO] openHAB Core :: Bundles :: Configuration SDDP Discovery            [jar]
[INFO] openHAB Core :: Bundles :: SDDP Suggested Add-on Finder            [jar]
[INFO] openHAB Core :: Bundles :: uPnP Suggested Add-on Finder            [jar]
[INFO] openHAB Core :: Bundles :: Configuration USB-Serial Discovery      [jar]
[INFO] openHAB Core :: Bundles :: USB Suggested Add-on Finder             [jar]
[INFO] openHAB Core :: Bundles :: Configuration mDNS Discovery            [jar]
[INFO] openHAB Core :: Bundles :: Configuration USB-Serial Discovery for Linux using sysfs scanning [jar]
[INFO] openHAB Core :: Bundles :: Configuration USB-Serial Discovery using ser2net mDNS scanning [jar]
[INFO] openHAB Core :: Bundles :: Configuration USB-Serial Discovery for Windows [jar]
[INFO] openHAB Core :: Bundles :: Configuration UPnP Discovery            [jar]
[INFO] openHAB Core :: Bundles :: Configuration Dispatcher                [jar]
[INFO] openHAB Core :: Bundles :: Serial Transport                        [jar]
[INFO] openHAB Core :: Bundles :: Configuration Serial                    [jar]
[INFO] openHAB Core :: Bundles :: ID                                      [jar]
[INFO] openHAB Core :: Bundles :: Karaf Integration                       [jar]
[INFO] openHAB Core :: Bundles :: Binary To JSON converter                [jar]
[INFO] openHAB Core :: Bundles :: Console for OSGi framework Eclipse Equinox [jar]
[INFO] openHAB Core :: Bundles :: Console for OSGi Console RFC 147        [jar]
[INFO] openHAB Core :: Bundles :: Console for OSGi runtime Karaf          [jar]
[INFO] openHAB Core :: Bundles :: HTTP Interface                          [jar]
[INFO] openHAB Core :: Bundles :: HTTP Interface Authentication           [jar]
[INFO] openHAB Core :: Bundles :: Monitor                                 [jar]
[INFO] openHAB Core :: Bundles :: Audio REST Interface                    [jar]
[INFO] openHAB Core :: Bundles :: Authentication Support for the REST Interface [jar]
[INFO] openHAB Core :: Bundles :: REST Interface :: Core                  [jar]
[INFO] openHAB Core :: Bundles :: REST UI Logging Module                  [jar]
[INFO] openHAB Core :: Bundles :: REST mDNS Announcer                     [jar]
[INFO] openHAB Core :: Bundles :: Sitemap REST Interface                  [jar]
[INFO] openHAB Core :: Bundles :: SSE Interface                           [jar]
[INFO] openHAB Core :: Bundles :: REST Interface :: Swagger 1             [jar]
[INFO] openHAB Core :: Bundles :: Transformation REST Interface           [jar]
[INFO] openHAB Core :: Bundles :: UI REST Interface                       [jar]
[INFO] openHAB Core :: Bundles :: Voice REST Interface                    [jar]
[INFO] openHAB Core :: Bundles :: Modbus Transport                        [jar]
[INFO] openHAB Core :: Bundles :: MQTT Transport                          [jar]
[INFO] openHAB Core :: Bundles :: Serial Transport for Java Communications API [jar]
[INFO] openHAB Core :: Bundles :: Serial Transport for RXTX               [jar]
[INFO] openHAB Core :: Bundles :: Serial Transport for RFC2217            [jar]
[INFO] openHAB Core :: Bundles :: UPnP Transport                          [jar]
[INFO] openHAB Core :: Bundles :: WebSocket                               [jar]
[INFO] openHAB Core :: Bundles :: SSL Certificate Generator               [jar]
[INFO] openHAB Core :: Bundles :: Model Items                             [jar]
[INFO] openHAB Core :: Bundles :: Model Item IDE                          [jar]
[INFO] openHAB Core :: Bundles :: Model Items Runtime                     [jar]
[INFO] openHAB Core :: Bundles :: Model Persistence                       [jar]
[INFO] openHAB Core :: Bundles :: Model Persistence IDE                   [jar]
[INFO] openHAB Core :: Bundles :: Model Script                            [jar]
[INFO] openHAB Core :: Bundles :: Model Rules                             [jar]
[INFO] openHAB Core :: Bundles :: Model Rule IDE                          [jar]
[INFO] openHAB Core :: Bundles :: Model Script IDE                        [jar]
[INFO] openHAB Core :: Bundles :: Model Sitemap IDE                       [jar]
[INFO] openHAB Core :: Bundles :: Model Thing                             [jar]
[INFO] openHAB Core :: Bundles :: Model Thing IDE                         [jar]
[INFO] openHAB Core :: Bundles :: Language Server                         [jar]
[INFO] openHAB Core :: Bundles :: Model Persistence Runtime               [jar]
[INFO] openHAB Core :: Bundles :: Model Script Runtime                    [jar]
[INFO] openHAB Core :: Bundles :: Model Rules Runtime                     [jar]
[INFO] openHAB Core :: Bundles :: Model Sitemap Runtime                   [jar]
[INFO] openHAB Core :: Bundles :: Model Thing Runtime                     [jar]
[INFO] openHAB Core :: Bundles :: Model YAML                              [jar]
[INFO] openHAB Core :: Bundles :: JSON Storage                            [jar]
[INFO] openHAB Core :: Bundles :: Magic Bundle                            [jar]
[INFO] openHAB Core :: Bundles :: UI Icon Support                         [jar]
[INFO] 
[INFO] -----< org.openhab.core.bundles:org.openhab.core.reactor.bundles >------
[INFO] Building openHAB Core :: Bundles 5.0.0-SNAPSHOT                  [1/100]
[INFO]   from pom.xml
[INFO] --------------------------------[ pom ]---------------------------------
[INFO] 
[INFO] --- clean:3.5.0:clean (default-clean) @ org.openhab.core.reactor.bundles ---
[INFO] Deleting /Users/kgoderis/Development/openhab/git/openhab-core/bundles/target
[INFO] 
[INFO] --- enforcer:3.5.0:enforce (enforce-java) @ org.openhab.core.reactor.bundles ---
[INFO] Rule 0: org.apache.maven.enforcer.rules.version.RequireMavenVersion passed
[INFO] Rule 1: org.apache.maven.enforcer.rules.version.RequireJavaVersion passed
[INFO] 
[INFO] --- directory:1.0:highest-basedir (directories) @ org.openhab.core.reactor.bundles ---
[INFO] Highest basedir set to: /Users/kgoderis/Development/openhab/git/openhab-core
[INFO] 
[INFO] --- spotless:2.44.3:check (codestyle_check) @ org.openhab.core.reactor.bundles ---
[INFO] Index file does not exist. Fallback to an empty index
[INFO] Sorting file /var/folders/cf/ygdx6pbs6m9fm3vzdlc6757h0000gn/T/pom2021300339159948180.xml
[INFO] Pom file is already sorted, exiting
[INFO] Spotless.Pom is keeping 1 files clean - 0 needs changes to be clean, 1 were already clean, 0 were skipped because caching determined they were already clean
[INFO] 
[INFO] --- dependency:3.8.1:unpack (unpack-eea) @ org.openhab.core.reactor.bundles ---
[INFO] Configured Artifact: org.lastnpe.eea:eea-all:2.4.0:jar
[INFO] 
[INFO] -------------< org.openhab.core.bundles:org.openhab.core >--------------
[INFO] Building openHAB Core :: Bundles :: Core 5.0.0-SNAPSHOT          [2/100]
[INFO]   from org.openhab.core/pom.xml
[INFO] --------------------------------[ jar ]---------------------------------
[INFO] 
[INFO] --- clean:3.5.0:clean (default-clean) @ org.openhab.core ---
[INFO] Deleting /Users/kgoderis/Development/openhab/git/openhab-core/bundles/org.openhab.core/target
[INFO] 
[INFO] --- enforcer:3.5.0:enforce (enforce-java) @ org.openhab.core ---
[INFO] 
[INFO] --- directory:1.0:highest-basedir (directories) @ org.openhab.core ---
[INFO] Highest basedir set to: /Users/kgoderis/Development/openhab/git/openhab-core
[INFO] 
[INFO] --- spotless:2.44.3:check (codestyle_check) @ org.openhab.core ---
[INFO] Index file does not exist. Fallback to an empty index
[INFO] Spotless.Format is keeping 5 files clean - 0 needs changes to be clean, 5 were already clean, 0 were skipped because caching determined they were already clean
[INFO] Spotless.Java is keeping 380 files clean - 0 needs changes to be clean, 380 were already clean, 0 were skipped because caching determined they were already clean
[INFO] Sorting file /var/folders/cf/ygdx6pbs6m9fm3vzdlc6757h0000gn/T/pom14413442056892652562.xml
[INFO] Pom file is already sorted, exiting
[INFO] Spotless.Pom is keeping 1 files clean - 0 needs changes to be clean, 1 were already clean, 0 were skipped because caching determined they were already clean
[INFO] 
[INFO] --- build-helper:3.6.1:cpu-count (get-cpu-count) @ org.openhab.core ---
[INFO] CPU count: 7
[INFO] 
[INFO] --- dependency:3.8.1:unpack (unpack-eea) @ org.openhab.core ---
[INFO] Configured Artifact: org.lastnpe.eea:eea-all:2.4.0:jar
[INFO] 
[INFO] --- resources:3.3.1:resources (default-resources) @ org.openhab.core ---
[INFO] Copying 84 resources from src/main/resources to target/classes
[INFO] 
[INFO] --- compiler:3.14.0:compile (default-compile) @ org.openhab.core ---
[INFO] Recompiling the module because of changed source code.
[INFO] Compiling with eclipse [debug deprecation release 21] to target/classes
[INFO] /Users/kgoderis/Development/openhab/git/openhab-core/bundles/org.openhab.core/src/main/java/org/openhab/core/cache/ExpiringCacheMap.java:[136,25] At least one of the problems in category 'org.eclipse.jdt.core.compiler.problem.nullUncheckedConversion' is not analysed due to a compiler option being ignored
[INFO] /Users/kgoderis/Development/openhab/git/openhab-core/bundles/org.openhab.core/src/main/java/org/openhab/core/cache/ExpiringCacheMap.java:[136,33] At least one of the problems in category 'org.eclipse.jdt.core.compiler.problem.unusedParameter' is not analysed due to a compiler option being ignored
[INFO] /Users/kgoderis/Development/openhab/git/openhab-core/bundles/org.openhab.core/src/main/java/org/openhab/core/cache/ExpiringCacheMap.java:[187,25] At least one of the problems in category 'org.eclipse.jdt.core.compiler.problem.nullUncheckedConversion' is not analysed due to a compiler option being ignored
[INFO] /Users/kgoderis/Development/openhab/git/openhab-core/bundles/org.openhab.core/src/main/java/org/openhab/core/cache/ExpiringCacheMap.java:[187,33] At least one of the problems in category 'org.eclipse.jdt.core.compiler.problem.unusedParameter' is not analysed due to a compiler option being ignored
[INFO] /Users/kgoderis/Development/openhab/git/openhab-core/bundles/org.openhab.core/src/main/java/org/openhab/core/cache/ExpiringCacheMap.java:[216,25] At least one of the problems in category 'org.eclipse.jdt.core.compiler.problem.nullUncheckedConversion' is not analysed due to a compiler option being ignored
[INFO] /Users/kgoderis/Development/openhab/git/openhab-core/bundles/org.openhab.core/src/main/java/org/openhab/core/cache/ExpiringCacheMap.java:[216,33] At least one of the problems in category 'org.eclipse.jdt.core.compiler.problem.unusedParameter' is not analysed due to a compiler option being ignored
[INFO] /Users/kgoderis/Development/openhab/git/openhab-core/bundles/org.openhab.core/src/main/java/org/openhab/core/cache/ExpiringCacheMap.java:[239,25] At least one of the problems in category 'org.eclipse.jdt.core.compiler.problem.nullUncheckedConversion' is not analysed due to a compiler option being ignored
[INFO] /Users/kgoderis/Development/openhab/git/openhab-core/bundles/org.openhab.core/src/main/java/org/openhab/core/cache/ExpiringCacheMap.java:[239,33] At least one of the problems in category 'org.eclipse.jdt.core.compiler.problem.unusedParameter' is not analysed due to a compiler option being ignored
[WARNING] /Users/kgoderis/Development/openhab/git/openhab-core/bundles/org.openhab.core/src/main/java/org/openhab/core/cache/lru/LRUMediaCache.java:[136,30] Null type mismatch (type annotations): required 'V' but this expression has type '@Nullable V', where 'V' is a free type variable
[INFO] /Users/kgoderis/Development/openhab/git/openhab-core/bundles/org.openhab.core/src/main/java/org/openhab/core/cache/lru/LRUMediaCache.java:[176,20] Unsafe interpretation of method return type as '@NonNull' based on the receiver type 'java.util.function.@NonNull Supplier<org.openhab.core.cache.lru.@NonNull LRUMediaCacheEntry<V>>'. Type 'java.util.function.Supplier<T>' doesn't seem to be designed with null type annotations in mind
[INFO] /Users/kgoderis/Development/openhab/git/openhab-core/bundles/org.openhab.core/src/main/java/org/openhab/core/cache/lru/LRUMediaCache.java:[185,20] Unsafe interpretation of method return type as '@NonNull' based on the receiver type 'java.util.function.@NonNull Supplier<org.openhab.core.cache.lru.@NonNull LRUMediaCacheEntry<V>>'. Type 'java.util.function.Supplier<T>' doesn't seem to be designed with null type annotations in mind
[INFO] /Users/kgoderis/Development/openhab/git/openhab-core/bundles/org.openhab.core/src/main/java/org/openhab/core/cache/lru/LRUMediaCache.java:[198,26] Unsafe interpretation of method return type as '@NonNull' based on the receiver type 'java.util.function.@NonNull Supplier<org.openhab.core.cache.lru.@NonNull LRUMediaCacheEntry<V>>'. Type 'java.util.function.Supplier<T>' doesn't seem to be designed with null type annotations in mind
[WARNING] /Users/kgoderis/Development/openhab/git/openhab-core/bundles/org.openhab.core/src/main/java/org/openhab/core/cache/lru/LRUMediaCacheEntry.java:[114,33] Null type mismatch (type annotations): required 'V' but this expression has type '@Nullable V', where 'V' is a free type variable
[WARNING] /Users/kgoderis/Development/openhab/git/openhab-core/bundles/org.openhab.core/src/main/java/org/openhab/core/common/PoolBasedSequentialScheduledExecutorService.java:[129,25] Null type mismatch (type annotations): 'null' is not compatible to the free type variable '?'
[WARNING] /Users/kgoderis/Development/openhab/git/openhab-core/bundles/org.openhab.core/src/main/java/org/openhab/core/common/PoolBasedSequentialScheduledExecutorService.java:[149,24] Potential null pointer access: The variable entry may be null at this location
[WARNING] /Users/kgoderis/Development/openhab/git/openhab-core/bundles/org.openhab.core/src/main/java/org/openhab/core/common/PoolBasedSequentialScheduledExecutorService.java:[150,31] Potential null pointer access: this expression has a '@Nullable' type
[WARNING] /Users/kgoderis/Development/openhab/git/openhab-core/bundles/org.openhab.core/src/main/java/org/openhab/core/common/PoolBasedSequentialScheduledExecutorService.java:[157,38] Potential null pointer access: this expression has a '@Nullable' type
[INFO] /Users/kgoderis/Development/openhab/git/openhab-core/bundles/org.openhab.core/src/main/java/org/openhab/core/common/PoolBasedSequentialScheduledExecutorService.java:[227,41] Unsafe interpretation of method return type as '@NonNull' based on the receiver type 'java.util.function.@NonNull Function<java.util.concurrent.@NonNull CompletableFuture<java.util.concurrent.@NonNull RunnableFuture<?>>,java.util.concurrent.@NonNull ScheduledFuture<V>>'. Type 'java.util.function.Function<T,R>' doesn't seem to be designed with null type annotations in mind
[WARNING] /Users/kgoderis/Development/openhab/git/openhab-core/bundles/org.openhab.core/src/main/java/org/openhab/core/common/PoolBasedSequentialScheduledExecutorService.java:[295,20] Redundant null check: comparing 'PoolBasedSequentialScheduledExecutorService.@NonNull BasePoolExecutor' against null
[WARNING] /Users/kgoderis/Development/openhab/git/openhab-core/bundles/org.openhab.core/src/main/java/org/openhab/core/common/PoolBasedSequentialScheduledExecutorService.java:[302,20] Redundant null check: comparing 'PoolBasedSequentialScheduledExecutorService.@NonNull BasePoolExecutor' against null
[WARNING] /Users/kgoderis/Development/openhab/git/openhab-core/bundles/org.openhab.core/src/main/java/org/openhab/core/common/PoolBasedSequentialScheduledExecutorService.java:[302,36] Potential null pointer access: this expression has a '@Nullable' type
[WARNING] /Users/kgoderis/Development/openhab/git/openhab-core/bundles/org.openhab.core/src/main/java/org/openhab/core/common/PoolBasedSequentialScheduledExecutorService.java:[308,55] Potential null pointer access: this expression has a '@Nullable' type
[WARNING] /Users/kgoderis/Development/openhab/git/openhab-core/bundles/org.openhab.core/src/main/java/org/openhab/core/common/PoolBasedSequentialScheduledExecutorService.java:[328,13] Potential null pointer access: this expression has a '@Nullable' type
[INFO] /Users/kgoderis/Development/openhab/git/openhab-core/bundles/org.openhab.core/src/main/java/org/openhab/core/common/PoolBasedSequentialScheduledExecutorService.java:[338,28] The explicit type bound 'Object' is not affected by the nullness default for DefaultLocation.TYPE_BOUND.
[WARNING] /Users/kgoderis/Development/openhab/git/openhab-core/bundles/org.openhab.core/src/main/java/org/openhab/core/common/PoolBasedSequentialScheduledExecutorService.java:[341,24] Potential null pointer access: this expression has a '@Nullable' type
[WARNING] /Users/kgoderis/Development/openhab/git/openhab-core/bundles/org.openhab.core/src/main/java/org/openhab/core/common/PoolBasedSequentialScheduledExecutorService.java:[364,32] Potential null pointer access: this expression has a '@Nullable' type
[WARNING] /Users/kgoderis/Development/openhab/git/openhab-core/bundles/org.openhab.core/src/main/java/org/openhab/core/common/PoolBasedSequentialScheduledExecutorService.java:[370,22] Potential null pointer access: this expression has a '@Nullable' type
[WARNING] /Users/kgoderis/Development/openhab/git/openhab-core/bundles/org.openhab.core/src/main/java/org/openhab/core/common/PoolBasedSequentialScheduledExecutorService.java:[389,15] Type safety: Unchecked cast from java.lang.Exception to E
[WARNING] /Users/kgoderis/Development/openhab/git/openhab-core/bundles/org.openhab.core/src/main/java/org/openhab/core/common/PoolBasedSequentialScheduledExecutorService.java:[395,13] Potential null pointer access: this expression has a '@Nullable' type
[WARNING] /Users/kgoderis/Development/openhab/git/openhab-core/bundles/org.openhab.core/src/main/java/org/openhab/core/common/PoolBasedSequentialScheduledExecutorService.java:[412,33] Potential null pointer access: this expression has a '@Nullable' type
[WARNING] /Users/kgoderis/Development/openhab/git/openhab-core/bundles/org.openhab.core/src/main/java/org/openhab/core/common/PoolBasedSequentialScheduledExecutorService.java:[434,33] Potential null pointer access: this expression has a '@Nullable' type
[WARNING] /Users/kgoderis/Development/openhab/git/openhab-core/bundles/org.openhab.core/src/main/java/org/openhab/core/common/PoolBasedSequentialScheduledExecutorService.java:[463,55] Potential null pointer access: this expression has a '@Nullable' type
[WARNING] /Users/kgoderis/Development/openhab/git/openhab-core/bundles/org.openhab.core/src/main/java/org/openhab/core/common/PoolBasedSequentialScheduledExecutorService.java:[472,33] Potential null pointer access: this expression has a '@Nullable' type
[WARNING] /Users/kgoderis/Development/openhab/git/openhab-core/bundles/org.openhab.core/src/main/java/org/openhab/core/common/PoolBasedSequentialScheduledExecutorService.java:[563,20] Type safety: Unchecked cast from java.util.concurrent.CompletableFuture<capture#6-of ? extends U> to org.openhab.core.common.PoolBasedSequentialScheduledExecutorService.RunnableCompletableFuture<U>
[INFO] /Users/kgoderis/Development/openhab/git/openhab-core/bundles/org.openhab.core/src/main/java/org/openhab/core/common/PoolBasedSequentialScheduledExecutorService.java:[563,69] Unsafe null type conversion (type annotations): The value of type 'java.util.function.@NonNull BiFunction<capture#of ? super V,java.lang.@NonNull Throwable,capture#of ? extends U>' is made accessible using the less-annotated type 'java.util.function.@NonNull BiFunction<? super V,java.lang.Throwable,? extends capture#of ? extends U>'
[WARNING] /Users/kgoderis/Development/openhab/git/openhab-core/bundles/org.openhab.core/src/main/java/org/openhab/core/common/PoolBasedSequentialScheduledExecutorService.java:[574,31] Potential null pointer access: this expression has a '@Nullable' type
[WARNING] /Users/kgoderis/Development/openhab/git/openhab-core/bundles/org.openhab.core/src/main/java/org/openhab/core/common/QueueingThreadPoolExecutor.java:[182,50] Resource leak: 'tpe' is never closed
[WARNING] /Users/kgoderis/Development/openhab/git/openhab-core/bundles/org.openhab.core/src/main/java/org/openhab/core/common/ThreadPoolManager.java:[255,20] Potential null pointer access: this expression has type 'T', a free type variable that may represent a '@Nullable' type
[WARNING] /Users/kgoderis/Development/openhab/git/openhab-core/bundles/org.openhab.core/src/main/java/org/openhab/core/common/ThreadPoolManager.java:[260,20] Potential null pointer access: this expression has type 'T', a free type variable that may represent a '@Nullable' type
[WARNING] /Users/kgoderis/Development/openhab/git/openhab-core/bundles/org.openhab.core/src/main/java/org/openhab/core/common/ThreadPoolManager.java:[265,20] Potential null pointer access: this expression has type 'T', a free type variable that may represent a '@Nullable' type
[WARNING] /Users/kgoderis/Development/openhab/git/openhab-core/bundles/org.openhab.core/src/main/java/org/openhab/core/common/ThreadPoolManager.java:[269,17] The type parameter T is hiding the type T
[WARNING] /Users/kgoderis/Development/openhab/git/openhab-core/bundles/org.openhab.core/src/main/java/org/openhab/core/common/ThreadPoolManager.java:[270,20] Potential null pointer access: this expression has type 'T', a free type variable that may represent a '@Nullable' type
[WARNING] /Users/kgoderis/Development/openhab/git/openhab-core/bundles/org.openhab.core/src/main/java/org/openhab/core/common/ThreadPoolManager.java:[274,17] The type parameter T is hiding the type T
[WARNING] /Users/kgoderis/Development/openhab/git/openhab-core/bundles/org.openhab.core/src/main/java/org/openhab/core/common/ThreadPoolManager.java:[275,20] Potential null pointer access: this expression has type 'T', a free type variable that may represent a '@Nullable' type
[WARNING] /Users/kgoderis/Development/openhab/git/openhab-core/bundles/org.openhab.core/src/main/java/org/openhab/core/common/ThreadPoolManager.java:[280,20] Potential null pointer access: this expression has type 'T', a free type variable that may represent a '@Nullable' type
[WARNING] /Users/kgoderis/Development/openhab/git/openhab-core/bundles/org.openhab.core/src/main/java/org/openhab/core/common/ThreadPoolManager.java:[284,17] The type parameter T is hiding the type T
[WARNING] /Users/kgoderis/Development/openhab/git/openhab-core/bundles/org.openhab.core/src/main/java/org/openhab/core/common/ThreadPoolManager.java:[285,20] Potential null pointer access: this expression has type 'T', a free type variable that may represent a '@Nullable' type
[WARNING] /Users/kgoderis/Development/openhab/git/openhab-core/bundles/org.openhab.core/src/main/java/org/openhab/core/common/ThreadPoolManager.java:[289,17] The type parameter T is hiding the type T
[WARNING] /Users/kgoderis/Development/openhab/git/openhab-core/bundles/org.openhab.core/src/main/java/org/openhab/core/common/ThreadPoolManager.java:[291,20] Potential null pointer access: this expression has type 'T', a free type variable that may represent a '@Nullable' type
[WARNING] /Users/kgoderis/Development/openhab/git/openhab-core/bundles/org.openhab.core/src/main/java/org/openhab/core/common/ThreadPoolManager.java:[295,17] The type parameter T is hiding the type T
[WARNING] /Users/kgoderis/Development/openhab/git/openhab-core/bundles/org.openhab.core/src/main/java/org/openhab/core/common/ThreadPoolManager.java:[297,20] Potential null pointer access: this expression has type 'T', a free type variable that may represent a '@Nullable' type
[WARNING] /Users/kgoderis/Development/openhab/git/openhab-core/bundles/org.openhab.core/src/main/java/org/openhab/core/common/ThreadPoolManager.java:[301,17] The type parameter T is hiding the type T
[WARNING] /Users/kgoderis/Development/openhab/git/openhab-core/bundles/org.openhab.core/src/main/java/org/openhab/core/common/ThreadPoolManager.java:[303,20] Potential null pointer access: this expression has type 'T', a free type variable that may represent a '@Nullable' type
[WARNING] /Users/kgoderis/Development/openhab/git/openhab-core/bundles/org.openhab.core/src/main/java/org/openhab/core/common/ThreadPoolManager.java:[308,13] Potential null pointer access: this expression has type 'T', a free type variable that may represent a '@Nullable' type
[WARNING] /Users/kgoderis/Development/openhab/git/openhab-core/bundles/org.openhab.core/src/main/java/org/openhab/core/common/ThreadPoolManager.java:[325,42] Potential null pointer access: this expression has type 'T', a free type variable that may represent a '@Nullable' type
[WARNING] /Users/kgoderis/Development/openhab/git/openhab-core/bundles/org.openhab.core/src/main/java/org/openhab/core/common/ThreadPoolManager.java:[331,42] Potential null pointer access: this expression has type 'T', a free type variable that may represent a '@Nullable' type
[WARNING] /Users/kgoderis/Development/openhab/git/openhab-core/bundles/org.openhab.core/src/main/java/org/openhab/core/common/ThreadPoolManager.java:[337,42] Potential null pointer access: this expression has type 'T', a free type variable that may represent a '@Nullable' type
[WARNING] /Users/kgoderis/Development/openhab/git/openhab-core/bundles/org.openhab.core/src/main/java/org/openhab/core/common/ThreadPoolManager.java:[346,42] Potential null pointer access: this expression has type 'T', a free type variable that may represent a '@Nullable' type
[WARNING] /Users/kgoderis/Development/openhab/git/openhab-core/bundles/org.openhab.core/src/main/java/org/openhab/core/common/ThreadPoolManager.java:[352,42] Potential null pointer access: this expression has type 'T', a free type variable that may represent a '@Nullable' type
[WARNING] /Users/kgoderis/Development/openhab/git/openhab-core/bundles/org.openhab.core/src/main/java/org/openhab/core/common/ThreadPoolManager.java:[357,24] The serializable class  does not declare a static final serialVersionUID field of type long
[WARNING] /Users/kgoderis/Development/openhab/git/openhab-core/bundles/org.openhab.core/src/main/java/org/openhab/core/common/ThreadPoolManager.java:[360,50] Potential null pointer access: this expression has type 'T', a free type variable that may represent a '@Nullable' type
[WARNING] /Users/kgoderis/Development/openhab/git/openhab-core/bundles/org.openhab.core/src/main/java/org/openhab/core/common/ThreadPoolManager.java:[365,50] Potential null pointer access: this expression has type 'T', a free type variable that may represent a '@Nullable' type
[INFO] /Users/kgoderis/Development/openhab/git/openhab-core/bundles/org.openhab.core/src/main/java/org/openhab/core/common/osgi/ResourceBundleClassLoader.java:[80,35] Unsafe interpretation of method return type as '@NonNull' based on the receiver type 'java.util.Enumeration<java.net.@NonNull URL>'. Type 'java.util.Enumeration<E>' doesn't seem to be designed with null type annotations in mind
[WARNING] /Users/kgoderis/Development/openhab/git/openhab-core/bundles/org.openhab.core/src/main/java/org/openhab/core/common/registry/AbstractRegistry.java:[110,85] Null type mismatch: required 'java.lang.@NonNull Class<@NonNull P extends org.openhab.core.common.registry.Provider<@NonNull E extends org.openhab.core.common.registry.Identifiable<@NonNull K>>>' but the provided value is inferred as @org.eclipse.jdt.annotation.Nullable
[INFO] /Users/kgoderis/Development/openhab/git/openhab-core/bundles/org.openhab.core/src/main/java/org/openhab/core/common/registry/AbstractRegistry.java:[148,31] Unsafe interpretation of method return type as '@NonNull' based on substitution 'S=@NonNull P extends org.openhab.core.common.registry.Provider<@NonNull E extends org.openhab.core.common.registry.Identifiable<@NonNull K>>'. Declaring type 'org.osgi.framework.BundleContext' doesn't seem to be designed with null type annotations in mind
[WARNING] /Users/kgoderis/Development/openhab/git/openhab-core/bundles/org.openhab.core/src/main/java/org/openhab/core/events/AbstractEventFactory.java:[108,16] Null type mismatch (type annotations): required 'T' but this expression has type '@Nullable T', where 'T' is a free type variable
[INFO] /Users/kgoderis/Development/openhab/git/openhab-core/bundles/org.openhab.core/src/main/java/org/openhab/core/events/AbstractEventFactory.java:[118,16] Unsafe null type conversion (type annotations): The value of type 'java.lang.@NonNull String @org.eclipse.jdt.annotation.NonNull[]' is made accessible using the less-annotated type 'java.lang.String @org.eclipse.jdt.annotation.NonNull[]'
[INFO] /Users/kgoderis/Development/openhab/git/openhab-core/bundles/org.openhab.core/src/main/java/org/openhab/core/i18n/I18nUtil.java:[50,20] Unsafe interpretation of method return type as '@NonNull' based on the receiver type 'java.util.function.@NonNull Supplier<java.lang.@NonNull String>'. Type 'java.util.function.Supplier<T>' doesn't seem to be designed with null type annotations in mind
[WARNING] /Users/kgoderis/Development/openhab/git/openhab-core/bundles/org.openhab.core/src/main/java/org/openhab/core/internal/common/AbstractInvocationHandler.java:[149,50] Null type safety: required '@NonNull' but this expression has type 'T', a free type variable that may represent a '@Nullable' type
[WARNING] /Users/kgoderis/Development/openhab/git/openhab-core/bundles/org.openhab.core/src/main/java/org/openhab/core/internal/common/SafeCallerImpl.java:[67,44] Null type safety: required '@NonNull' but this expression has type 'T', a free type variable that may represent a '@Nullable' type
[WARNING] /Users/kgoderis/Development/openhab/git/openhab-core/bundles/org.openhab.core/src/main/java/org/openhab/core/internal/events/OSGiEventPublisher.java:[69,13] Potential null pointer access: this expression has a '@Nullable' type
[INFO] /Users/kgoderis/Development/openhab/git/openhab-core/bundles/org.openhab.core/src/main/java/org/openhab/core/internal/events/OSGiEventPublisher.java:[69,78] Unsafe null type conversion (type annotations): The value of type 'java.util.Dictionary<java.lang.@NonNull String,java.lang.@NonNull Object>' is made accessible using the less-annotated type 'java.util.Dictionary<java.lang.String,?>'
[WARNING] /Users/kgoderis/Development/openhab/git/openhab-core/bundles/org.openhab.core/src/main/java/org/openhab/core/internal/events/OSGiEventPublisher.java:[80,13] Null comparison always yields false: The variable value cannot be null at this location
[WARNING] /Users/kgoderis/Development/openhab/git/openhab-core/bundles/org.openhab.core/src/main/java/org/openhab/core/internal/events/OSGiEventPublisher.java:[83,13] Null comparison always yields false: The variable value cannot be null at this location
[WARNING] /Users/kgoderis/Development/openhab/git/openhab-core/bundles/org.openhab.core/src/main/java/org/openhab/core/internal/events/OSGiEventPublisher.java:[86,13] Null comparison always yields false: The variable value cannot be null at this location
[INFO] /Users/kgoderis/Development/openhab/git/openhab-core/bundles/org.openhab.core/src/main/java/org/openhab/core/internal/i18n/LanguageResourceBundleManager.java:[112,35] Unsafe interpretation of method return type as '@NonNull' based on the receiver type 'java.util.Enumeration<java.net.@NonNull URL>'. Type 'java.util.Enumeration<E>' doesn't seem to be designed with null type annotations in mind
[WARNING] /Users/kgoderis/Development/openhab/git/openhab-core/bundles/org.openhab.core/src/main/java/org/openhab/core/internal/i18n/ResourceBundleTracker.java:[54,20] Null type mismatch: required 'org.osgi.service.packageadmin.@NonNull PackageAdmin' but the provided value is inferred as @org.eclipse.jdt.annotation.Nullable
[WARNING] /Users/kgoderis/Development/openhab/git/openhab-core/bundles/org.openhab.core/src/main/java/org/openhab/core/internal/items/ExpireManager.java:[357,31] Potential null pointer access: The method get(Object) may return null
[WARNING] /Users/kgoderis/Development/openhab/git/openhab-core/bundles/org.openhab.core/src/main/java/org/openhab/core/internal/items/ExpireManager.java:[375,33] Potential null pointer access: The method get(Object) may return null
[WARNING] /Users/kgoderis/Development/openhab/git/openhab-core/bundles/org.openhab.core/src/main/java/org/openhab/core/internal/items/ExpireManager.java:[383,31] Potential null pointer access: The method get(Object) may return null
[WARNING] /Users/kgoderis/Development/openhab/git/openhab-core/bundles/org.openhab.core/src/main/java/org/openhab/core/internal/items/ItemBuilderImpl.java:[130,29] The type org.openhab.core.items.ActiveItem is deprecated
[WARNING] /Users/kgoderis/Development/openhab/git/openhab-core/bundles/org.openhab.core/src/main/java/org/openhab/core/internal/items/ItemBuilderImpl.java:[131,24] The method setLabel(java.lang.String) from the type org.openhab.core.items.ActiveItem is deprecated
[WARNING] /Users/kgoderis/Development/openhab/git/openhab-core/bundles/org.openhab.core/src/main/java/org/openhab/core/internal/items/ItemBuilderImpl.java:[132,24] The method setCategory(java.lang.String) from the type org.openhab.core.items.ActiveItem is deprecated
[WARNING] /Users/kgoderis/Development/openhab/git/openhab-core/bundles/org.openhab.core/src/main/java/org/openhab/core/internal/items/ItemBuilderImpl.java:[133,24] The method addGroupNames(java.util.List<java.lang.String>) from the type org.openhab.core.items.ActiveItem is deprecated
[WARNING] /Users/kgoderis/Development/openhab/git/openhab-core/bundles/org.openhab.core/src/main/java/org/openhab/core/internal/items/ItemBuilderImpl.java:[134,24] The method addTags(java.util.Collection<java.lang.String>) from the type org.openhab.core.items.ActiveItem is deprecated
[INFO] /Users/kgoderis/Development/openhab/git/openhab-core/bundles/org.openhab.core/src/main/java/org/openhab/core/internal/items/ItemUpdater.java:[66,48] Unsafe interpretation of method return type as '@NonNull' based on the receiver type 'java.lang.reflect.@NonNull Constructor<capture#of ? extends org.openhab.core.types.@NonNull State>'. Type 'java.lang.reflect.Constructor<T>' doesn't seem to be designed with null type annotations in mind
[WARNING] /Users/kgoderis/Development/openhab/git/openhab-core/bundles/org.openhab.core/src/main/java/org/openhab/core/internal/library/unit/CurrencyConverter.java:[101,58] The value of the local variable unused is not used
[WARNING] /Users/kgoderis/Development/openhab/git/openhab-core/bundles/org.openhab.core/src/main/java/org/openhab/core/internal/scheduler/PeriodicAdjuster.java:[59,29] Potential null pointer access: this expression has a '@Nullable' type
[WARNING] /Users/kgoderis/Development/openhab/git/openhab-core/bundles/org.openhab.core/src/main/java/org/openhab/core/internal/scheduler/SchedulerImpl.java:[106,20] Null type mismatch (type annotations): 'null' is not compatible to the free type variable 'T'
[WARNING] /Users/kgoderis/Development/openhab/git/openhab-core/bundles/org.openhab.core/src/main/java/org/openhab/core/internal/scheduler/SchedulerImpl.java:[122,20] Null type mismatch (type annotations): 'null' is not compatible to the free type variable 'T'
[WARNING] /Users/kgoderis/Development/openhab/git/openhab-core/bundles/org.openhab.core/src/main/java/org/openhab/core/internal/scheduler/SchedulerImpl.java:[130,20] Null type mismatch (type annotations): 'null' is not compatible to the free type variable 'T'
[WARNING] /Users/kgoderis/Development/openhab/git/openhab-core/bundles/org.openhab.core/src/main/java/org/openhab/core/internal/scheduler/SchedulerImpl.java:[190,20] Null type mismatch (type annotations): 'null' is not compatible to the free type variable 'T'
[WARNING] /Users/kgoderis/Development/openhab/git/openhab-core/bundles/org.openhab.core/src/main/java/org/openhab/core/internal/scheduler/SchedulerImpl.java:[214,24] Null type mismatch (type annotations): 'null' is not compatible to the free type variable 'T'
[WARNING] /Users/kgoderis/Development/openhab/git/openhab-core/bundles/org.openhab.core/src/main/java/org/openhab/core/internal/scheduler/SchedulerImpl.java:[228,32] Null type mismatch (type annotations): 'null' is not compatible to the free type variable 'T'
[INFO] /Users/kgoderis/Development/openhab/git/openhab-core/bundles/org.openhab.core/src/main/java/org/openhab/core/internal/service/WatchServiceFactoryImpl.java:[73,31] Unsafe null type conversion (type annotations): The value of type 'java.util.Dictionary<java.lang.@NonNull String,java.lang.@NonNull Object>' is made accessible using the less-annotated type 'java.util.Dictionary<java.lang.String,?>'
[INFO] /Users/kgoderis/Development/openhab/git/openhab-core/bundles/org.openhab.core/src/main/java/org/openhab/core/internal/service/WatchServiceFactoryImpl.java:[79,31] Unsafe null type conversion (type annotations): The value of type 'java.util.Dictionary<java.lang.@NonNull String,java.lang.@NonNull Object>' is made accessible using the less-annotated type 'java.util.Dictionary<java.lang.String,?>'
[INFO] /Users/kgoderis/Development/openhab/git/openhab-core/bundles/org.openhab.core/src/main/java/org/openhab/core/internal/service/WatchServiceImpl.java:[156,76] Unsafe null type conversion (type annotations): The value of type 'java.util.Dictionary<java.lang.@NonNull String,java.lang.@NonNull Object>' is made accessible using the less-annotated type 'java.util.Dictionary<java.lang.String,?>'
[WARNING] /Users/kgoderis/Development/openhab/git/openhab-core/bundles/org.openhab.core/src/main/java/org/openhab/core/internal/service/WatchServiceImpl.java:[233,13] Potential null pointer access: The method computeIfAbsent(Path, Function) may return null
[WARNING] /Users/kgoderis/Development/openhab/git/openhab-core/bundles/org.openhab.core/src/main/java/org/openhab/core/items/GenericItem.java:[59,46] The type org.openhab.core.items.ActiveItem is deprecated
[INFO] /Users/kgoderis/Development/openhab/git/openhab-core/bundles/org.openhab.core/src/main/java/org/openhab/core/items/GroupItem.java:[204,24] Unsafe interpretation of method return type as '@NonNull' based on the receiver type 'java.util.concurrent.@NonNull CopyOnWriteArrayList<org.openhab.core.items.@NonNull Item>'. Type 'java.util.concurrent.CopyOnWriteArrayList<E>' doesn't seem to be designed with null type annotations in mind
[INFO] /Users/kgoderis/Development/openhab/git/openhab-core/bundles/org.openhab.core/src/main/java/org/openhab/core/items/dto/ItemDTOMapper.java:[112,24] Unsafe null type conversion (type annotations): The value of type 'java.util.@NonNull Set<java.lang.@NonNull String>' is made accessible using the less-annotated type 'java.util.Set<java.lang.String>'
[INFO] /Users/kgoderis/Development/openhab/git/openhab-core/bundles/org.openhab.core/src/main/java/org/openhab/core/items/dto/ItemDTOMapper.java:[114,30] Unsafe null type conversion (type annotations): The value of type 'java.util.@NonNull List<java.lang.@NonNull String>' is made accessible using the less-annotated type 'java.util.List<java.lang.String>'
[INFO] /Users/kgoderis/Development/openhab/git/openhab-core/bundles/org.openhab.core/src/main/java/org/openhab/core/items/events/ItemEventFactory.java:[709,31] Unsafe null type conversion (type annotations): The value of type 'java.util.List<org.openhab.core.items.events.ItemEventFactory.ItemTimeSeriesEventPayloadBean.@NonNull TimeSeriesPayload>' is made accessible using the less-annotated type 'java.util.List<org.openhab.core.items.events.ItemEventFactory.ItemTimeSeriesEventPayloadBean.TimeSeriesPayload>'
[WARNING] /Users/kgoderis/Development/openhab/git/openhab-core/bundles/org.openhab.core/src/main/java/org/openhab/core/library/types/PlayPauseType.java:[16,8] The import org.openhab.core.library.items.PlayerItem is never used
[WARNING] /Users/kgoderis/Development/openhab/git/openhab-core/bundles/org.openhab.core/src/main/java/org/openhab/core/library/types/PointType.java:[17,8] The import java.util.Formatter is never used
[WARNING] /Users/kgoderis/Development/openhab/git/openhab-core/bundles/org.openhab.core/src/main/java/org/openhab/core/library/types/QuantityType.java:[49,8] The import org.openhab.core.items.events.ItemStateEvent is never used
[WARNING] /Users/kgoderis/Development/openhab/git/openhab-core/bundles/org.openhab.core/src/main/java/org/openhab/core/library/types/QuantityType.java:[381,24] Type safety: Unchecked cast from javax.measure.Unit<capture#36-of ?> to javax.measure.Unit<T>
[WARNING] /Users/kgoderis/Development/openhab/git/openhab-core/bundles/org.openhab.core/src/main/java/org/openhab/core/library/types/QuantityTypeArithmeticGroupFunction.java:[26,8] The import org.openhab.core.items.GroupItem is never used
[WARNING] /Users/kgoderis/Development/openhab/git/openhab-core/bundles/org.openhab.core/src/main/java/org/openhab/core/library/types/RewindFastforwardType.java:[16,8] The import org.openhab.core.library.items.PlayerItem is never used
[INFO] /Users/kgoderis/Development/openhab/git/openhab-core/bundles/org.openhab.core/src/main/java/org/openhab/core/library/unit/CurrencyUnit.java:[78,16] Unsafe null type conversion (type annotations): The value of type 'javax.measure.@NonNull Unit<org.openhab.core.library.dimension.@NonNull Currency>' is made accessible using the less-annotated type 'javax.measure.@NonNull Unit<org.openhab.core.library.dimension.Currency>'
[INFO] /Users/kgoderis/Development/openhab/git/openhab-core/bundles/org.openhab.core/src/main/java/org/openhab/core/library/unit/Units.java:[122,73] Unsafe null type conversion (type annotations): The value of type 'javax.measure.@NonNull Unit<javax.measure.quantity.@NonNull ElectricCharge>' is made accessible using the less-annotated type 'javax.measure.@NonNull Unit<javax.measure.quantity.ElectricCharge>'
[INFO] /Users/kgoderis/Development/openhab/git/openhab-core/bundles/org.openhab.core/src/main/java/org/openhab/core/library/unit/Units.java:[131,61] Unsafe null type conversion (type annotations): The value of type 'javax.measure.@NonNull Unit<javax.measure.quantity.@NonNull Energy>' is made accessible using the less-annotated type 'javax.measure.@NonNull Unit<javax.measure.quantity.Energy>'
[INFO] /Users/kgoderis/Development/openhab/git/openhab-core/bundles/org.openhab.core/src/main/java/org/openhab/core/library/unit/Units.java:[136,62] Unsafe null type conversion (type annotations): The value of type 'javax.measure.@NonNull Unit<javax.measure.quantity.@NonNull Energy>' is made accessible using the less-annotated type 'javax.measure.@NonNull Unit<javax.measure.quantity.Energy>'
[INFO] /Users/kgoderis/Development/openhab/git/openhab-core/bundles/org.openhab.core/src/main/java/org/openhab/core/library/unit/Units.java:[137,62] Unsafe null type conversion (type annotations): The value of type 'javax.measure.@NonNull Unit<javax.measure.quantity.@NonNull Energy>' is made accessible using the less-annotated type 'javax.measure.@NonNull Unit<javax.measure.quantity.Energy>'
[INFO] /Users/kgoderis/Development/openhab/git/openhab-core/bundles/org.openhab.core/src/main/java/org/openhab/core/library/unit/Units.java:[141,55] Unsafe null type conversion (type annotations): The value of type 'javax.measure.@NonNull Unit<javax.measure.quantity.@NonNull Power>' is made accessible using the less-annotated type 'javax.measure.@NonNull Unit<javax.measure.quantity.Power>'
[INFO] /Users/kgoderis/Development/openhab/git/openhab-core/bundles/org.openhab.core/src/main/java/org/openhab/core/library/unit/Units.java:[144,61] Unsafe null type conversion (type annotations): The value of type 'javax.measure.@NonNull Unit<javax.measure.quantity.@NonNull Energy>' is made accessible using the less-annotated type 'javax.measure.@NonNull Unit<javax.measure.quantity.Energy>'
[INFO] /Users/kgoderis/Development/openhab/git/openhab-core/bundles/org.openhab.core/src/main/java/org/openhab/core/library/unit/Units.java:[147,63] Unsafe null type conversion (type annotations): The value of type 'javax.measure.@NonNull Unit<javax.measure.quantity.@NonNull Power>' is made accessible using the less-annotated type 'javax.measure.@NonNull Unit<javax.measure.quantity.Power>'
[INFO] /Users/kgoderis/Development/openhab/git/openhab-core/bundles/org.openhab.core/src/main/java/org/openhab/core/library/unit/Units.java:[171,59] Unsafe null type conversion (type annotations): The value of type 'javax.measure.@NonNull Unit<javax.measure.quantity.@NonNull Pressure>' is made accessible using the less-annotated type 'javax.measure.@NonNull Unit<javax.measure.quantity.Pressure>'
[INFO] /Users/kgoderis/Development/openhab/git/openhab-core/bundles/org.openhab.core/src/main/java/org/openhab/core/library/unit/Units.java:[174,67] Unsafe null type conversion (type annotations): The value of type 'javax.measure.@NonNull Unit<javax.measure.quantity.@NonNull Radioactivity>' is made accessible using the less-annotated type 'javax.measure.@NonNull Unit<javax.measure.quantity.Radioactivity>'
[INFO] /Users/kgoderis/Development/openhab/git/openhab-core/bundles/org.openhab.core/src/main/java/org/openhab/core/library/unit/Units.java:[175,67] Unsafe null type conversion (type annotations): The value of type 'javax.measure.@NonNull Unit<javax.measure.quantity.@NonNull Radioactivity>' is made accessible using the less-annotated type 'javax.measure.@NonNull Unit<javax.measure.quantity.Radioactivity>'
[INFO] /Users/kgoderis/Development/openhab/git/openhab-core/bundles/org.openhab.core/src/main/java/org/openhab/core/library/unit/Units.java:[176,66] Unsafe null type conversion (type annotations): The value of type 'javax.measure.@NonNull Unit<javax.measure.quantity.@NonNull Radioactivity>' is made accessible using the less-annotated type 'javax.measure.@NonNull Unit<javax.measure.quantity.Radioactivity>'
[INFO] /Users/kgoderis/Development/openhab/git/openhab-core/bundles/org.openhab.core/src/main/java/org/openhab/core/library/unit/Units.java:[177,66] Unsafe null type conversion (type annotations): The value of type 'javax.measure.@NonNull Unit<javax.measure.quantity.@NonNull Radioactivity>' is made accessible using the less-annotated type 'javax.measure.@NonNull Unit<javax.measure.quantity.Radioactivity>'
[INFO] /Users/kgoderis/Development/openhab/git/openhab-core/bundles/org.openhab.core/src/main/java/org/openhab/core/library/unit/Units.java:[217,60] Unsafe null type conversion (type annotations): The value of type 'javax.measure.@NonNull Unit<org.openhab.core.library.dimension.@NonNull DataAmount>' is made accessible using the less-annotated type 'javax.measure.@NonNull Unit<org.openhab.core.library.dimension.DataAmount>'
[INFO] /Users/kgoderis/Development/openhab/git/openhab-core/bundles/org.openhab.core/src/main/java/org/openhab/core/library/unit/Units.java:[218,60] Unsafe null type conversion (type annotations): The value of type 'javax.measure.@NonNull Unit<org.openhab.core.library.dimension.@NonNull DataAmount>' is made accessible using the less-annotated type 'javax.measure.@NonNull Unit<org.openhab.core.library.dimension.DataAmount>'
[INFO] /Users/kgoderis/Development/openhab/git/openhab-core/bundles/org.openhab.core/src/main/java/org/openhab/core/library/unit/Units.java:[219,60] Unsafe null type conversion (type annotations): The value of type 'javax.measure.@NonNull Unit<org.openhab.core.library.dimension.@NonNull DataAmount>' is made accessible using the less-annotated type 'javax.measure.@NonNull Unit<org.openhab.core.library.dimension.DataAmount>'
[INFO] /Users/kgoderis/Development/openhab/git/openhab-core/bundles/org.openhab.core/src/main/java/org/openhab/core/library/unit/Units.java:[220,60] Unsafe null type conversion (type annotations): The value of type 'javax.measure.@NonNull Unit<org.openhab.core.library.dimension.@NonNull DataAmount>' is made accessible using the less-annotated type 'javax.measure.@NonNull Unit<org.openhab.core.library.dimension.DataAmount>'
[INFO] /Users/kgoderis/Development/openhab/git/openhab-core/bundles/org.openhab.core/src/main/java/org/openhab/core/library/unit/Units.java:[221,60] Unsafe null type conversion (type annotations): The value of type 'javax.measure.@NonNull Unit<org.openhab.core.library.dimension.@NonNull DataAmount>' is made accessible using the less-annotated type 'javax.measure.@NonNull Unit<org.openhab.core.library.dimension.DataAmount>'
[INFO] /Users/kgoderis/Development/openhab/git/openhab-core/bundles/org.openhab.core/src/main/java/org/openhab/core/library/unit/Units.java:[224,61] Unsafe null type conversion (type annotations): The value of type 'javax.measure.@NonNull Unit<org.openhab.core.library.dimension.@NonNull DataAmount>' is made accessible using the less-annotated type 'javax.measure.@NonNull Unit<org.openhab.core.library.dimension.DataAmount>'
[INFO] /Users/kgoderis/Development/openhab/git/openhab-core/bundles/org.openhab.core/src/main/java/org/openhab/core/library/unit/Units.java:[225,61] Unsafe null type conversion (type annotations): The value of type 'javax.measure.@NonNull Unit<org.openhab.core.library.dimension.@NonNull DataAmount>' is made accessible using the less-annotated type 'javax.measure.@NonNull Unit<org.openhab.core.library.dimension.DataAmount>'
[INFO] /Users/kgoderis/Development/openhab/git/openhab-core/bundles/org.openhab.core/src/main/java/org/openhab/core/library/unit/Units.java:[226,61] Unsafe null type conversion (type annotations): The value of type 'javax.measure.@NonNull Unit<org.openhab.core.library.dimension.@NonNull DataAmount>' is made accessible using the less-annotated type 'javax.measure.@NonNull Unit<org.openhab.core.library.dimension.DataAmount>'
[INFO] /Users/kgoderis/Development/openhab/git/openhab-core/bundles/org.openhab.core/src/main/java/org/openhab/core/library/unit/Units.java:[227,61] Unsafe null type conversion (type annotations): The value of type 'javax.measure.@NonNull Unit<org.openhab.core.library.dimension.@NonNull DataAmount>' is made accessible using the less-annotated type 'javax.measure.@NonNull Unit<org.openhab.core.library.dimension.DataAmount>'
[INFO] /Users/kgoderis/Development/openhab/git/openhab-core/bundles/org.openhab.core/src/main/java/org/openhab/core/library/unit/Units.java:[228,61] Unsafe null type conversion (type annotations): The value of type 'javax.measure.@NonNull Unit<org.openhab.core.library.dimension.@NonNull DataAmount>' is made accessible using the less-annotated type 'javax.measure.@NonNull Unit<org.openhab.core.library.dimension.DataAmount>'
[INFO] /Users/kgoderis/Development/openhab/git/openhab-core/bundles/org.openhab.core/src/main/java/org/openhab/core/library/unit/Units.java:[229,61] Unsafe null type conversion (type annotations): The value of type 'javax.measure.@NonNull Unit<org.openhab.core.library.dimension.@NonNull DataAmount>' is made accessible using the less-annotated type 'javax.measure.@NonNull Unit<org.openhab.core.library.dimension.DataAmount>'
[INFO] /Users/kgoderis/Development/openhab/git/openhab-core/bundles/org.openhab.core/src/main/java/org/openhab/core/library/unit/Units.java:[230,61] Unsafe null type conversion (type annotations): The value of type 'javax.measure.@NonNull Unit<org.openhab.core.library.dimension.@NonNull DataAmount>' is made accessible using the less-annotated type 'javax.measure.@NonNull Unit<org.openhab.core.library.dimension.DataAmount>'
[INFO] /Users/kgoderis/Development/openhab/git/openhab-core/bundles/org.openhab.core/src/main/java/org/openhab/core/library/unit/Units.java:[231,61] Unsafe null type conversion (type annotations): The value of type 'javax.measure.@NonNull Unit<org.openhab.core.library.dimension.@NonNull DataAmount>' is made accessible using the less-annotated type 'javax.measure.@NonNull Unit<org.openhab.core.library.dimension.DataAmount>'
[INFO] /Users/kgoderis/Development/openhab/git/openhab-core/bundles/org.openhab.core/src/main/java/org/openhab/core/library/unit/Units.java:[232,61] Unsafe null type conversion (type annotations): The value of type 'javax.measure.@NonNull Unit<org.openhab.core.library.dimension.@NonNull DataAmount>' is made accessible using the less-annotated type 'javax.measure.@NonNull Unit<org.openhab.core.library.dimension.DataAmount>'
[INFO] /Users/kgoderis/Development/openhab/git/openhab-core/bundles/org.openhab.core/src/main/java/org/openhab/core/library/unit/Units.java:[233,61] Unsafe null type conversion (type annotations): The value of type 'javax.measure.@NonNull Unit<org.openhab.core.library.dimension.@NonNull DataAmount>' is made accessible using the less-annotated type 'javax.measure.@NonNull Unit<org.openhab.core.library.dimension.DataAmount>'
[INFO] /Users/kgoderis/Development/openhab/git/openhab-core/bundles/org.openhab.core/src/main/java/org/openhab/core/library/unit/Units.java:[234,62] Unsafe null type conversion (type annotations): The value of type 'javax.measure.@NonNull Unit<org.openhab.core.library.dimension.@NonNull DataAmount>' is made accessible using the less-annotated type 'javax.measure.@NonNull Unit<org.openhab.core.library.dimension.DataAmount>'
[INFO] /Users/kgoderis/Development/openhab/git/openhab-core/bundles/org.openhab.core/src/main/java/org/openhab/core/library/unit/Units.java:[235,62] Unsafe null type conversion (type annotations): The value of type 'javax.measure.@NonNull Unit<org.openhab.core.library.dimension.@NonNull DataAmount>' is made accessible using the less-annotated type 'javax.measure.@NonNull Unit<org.openhab.core.library.dimension.DataAmount>'
[INFO] /Users/kgoderis/Development/openhab/git/openhab-core/bundles/org.openhab.core/src/main/java/org/openhab/core/library/unit/Units.java:[236,62] Unsafe null type conversion (type annotations): The value of type 'javax.measure.@NonNull Unit<org.openhab.core.library.dimension.@NonNull DataAmount>' is made accessible using the less-annotated type 'javax.measure.@NonNull Unit<org.openhab.core.library.dimension.DataAmount>'
[INFO] /Users/kgoderis/Development/openhab/git/openhab-core/bundles/org.openhab.core/src/main/java/org/openhab/core/library/unit/Units.java:[237,62] Unsafe null type conversion (type annotations): The value of type 'javax.measure.@NonNull Unit<org.openhab.core.library.dimension.@NonNull DataAmount>' is made accessible using the less-annotated type 'javax.measure.@NonNull Unit<org.openhab.core.library.dimension.DataAmount>'
[INFO] /Users/kgoderis/Development/openhab/git/openhab-core/bundles/org.openhab.core/src/main/java/org/openhab/core/library/unit/Units.java:[238,62] Unsafe null type conversion (type annotations): The value of type 'javax.measure.@NonNull Unit<org.openhab.core.library.dimension.@NonNull DataAmount>' is made accessible using the less-annotated type 'javax.measure.@NonNull Unit<org.openhab.core.library.dimension.DataAmount>'
[INFO] /Users/kgoderis/Development/openhab/git/openhab-core/bundles/org.openhab.core/src/main/java/org/openhab/core/library/unit/Units.java:[241,77] Unsafe null type conversion (type annotations): The value of type 'javax.measure.@NonNull Unit<org.openhab.core.library.dimension.@NonNull DataTransferRate>' is made accessible using the less-annotated type 'javax.measure.@NonNull Unit<org.openhab.core.library.dimension.DataTransferRate>'
[INFO] /Users/kgoderis/Development/openhab/git/openhab-core/bundles/org.openhab.core/src/main/java/org/openhab/core/library/unit/Units.java:[242,77] Unsafe null type conversion (type annotations): The value of type 'javax.measure.@NonNull Unit<org.openhab.core.library.dimension.@NonNull DataTransferRate>' is made accessible using the less-annotated type 'javax.measure.@NonNull Unit<org.openhab.core.library.dimension.DataTransferRate>'
[INFO] /Users/kgoderis/Development/openhab/git/openhab-core/bundles/org.openhab.core/src/main/java/org/openhab/core/library/unit/Units.java:[243,77] Unsafe null type conversion (type annotations): The value of type 'javax.measure.@NonNull Unit<org.openhab.core.library.dimension.@NonNull DataTransferRate>' is made accessible using the less-annotated type 'javax.measure.@NonNull Unit<org.openhab.core.library.dimension.DataTransferRate>'
[INFO] /Users/kgoderis/Development/openhab/git/openhab-core/bundles/org.openhab.core/src/main/java/org/openhab/core/library/unit/Units.java:[244,77] Unsafe null type conversion (type annotations): The value of type 'javax.measure.@NonNull Unit<org.openhab.core.library.dimension.@NonNull DataTransferRate>' is made accessible using the less-annotated type 'javax.measure.@NonNull Unit<org.openhab.core.library.dimension.DataTransferRate>'
[INFO] /Users/kgoderis/Development/openhab/git/openhab-core/bundles/org.openhab.core/src/main/java/org/openhab/core/net/NetUtil.java:[221,50] Unsafe interpretation of method return type as '@NonNull' based on the receiver type 'java.util.Enumeration<java.net.@NonNull NetworkInterface>'. Type 'java.util.Enumeration<E>' doesn't seem to be designed with null type annotations in mind
[INFO] /Users/kgoderis/Development/openhab/git/openhab-core/bundles/org.openhab.core/src/main/java/org/openhab/core/net/NetUtil.java:[227,53] Unsafe interpretation of method return type as '@NonNull' based on the receiver type 'java.util.Enumeration<java.net.@NonNull InetAddress>'. Type 'java.util.Enumeration<E>' doesn't seem to be designed with null type annotations in mind
[INFO] /Users/kgoderis/Development/openhab/git/openhab-core/bundles/org.openhab.core/src/main/java/org/openhab/core/net/NetUtil.java:[255,59] Unsafe interpretation of method return type as '@NonNull' based on the receiver type 'java.util.Enumeration<java.net.@NonNull NetworkInterface>'. Type 'java.util.Enumeration<E>' doesn't seem to be designed with null type annotations in mind
[INFO] /Users/kgoderis/Development/openhab/git/openhab-core/bundles/org.openhab.core/src/main/java/org/openhab/core/net/NetUtil.java:[341,49] Unsafe interpretation of method return type as '@NonNull' based on the receiver type 'java.util.Enumeration<java.net.@NonNull NetworkInterface>'. Type 'java.util.Enumeration<E>' doesn't seem to be designed with null type annotations in mind
[INFO] /Users/kgoderis/Development/openhab/git/openhab-core/bundles/org.openhab.core/src/main/java/org/openhab/core/net/NetUtil.java:[457,50] Unsafe interpretation of method return type as '@NonNull' based on the receiver type 'java.util.Enumeration<java.net.@NonNull NetworkInterface>'. Type 'java.util.Enumeration<E>' doesn't seem to be designed with null type annotations in mind
[INFO] /Users/kgoderis/Development/openhab/git/openhab-core/bundles/org.openhab.core/src/main/java/org/openhab/core/net/NetUtil.java:[654,20] Unsafe null type conversion (type annotations): The value of type 'java.util.stream.@NonNull Collector<java.net.@NonNull InetAddress,capture#of ?,java.util.@NonNull List<java.net.@NonNull InetAddress>>' is made accessible using the less-annotated type 'java.util.stream.@NonNull Collector<? super java.net.InetAddress,java.lang.Object,java.util.@NonNull List<java.net.@NonNull InetAddress>>'
[WARNING] /Users/kgoderis/Development/openhab/git/openhab-core/bundles/org.openhab.core/src/main/java/org/openhab/core/scheduler/CronAdjuster.java:[519,24] Potential null pointer access: this expression has a '@Nullable' type
[INFO] /Users/kgoderis/Development/openhab/git/openhab-core/bundles/org.openhab.core/src/main/java/org/openhab/core/service/StartLevelService.java:[163,34] Unsafe interpretation of method return type as '@NonNull' based on substitution 'A=org.osgi.framework.startlevel.@NonNull FrameworkStartLevel'. Declaring type 'org.osgi.framework.Bundle' doesn't seem to be designed with null type annotations in mind
[WARNING] /Users/kgoderis/Development/openhab/git/openhab-core/bundles/org.openhab.core/src/main/java/org/openhab/core/types/util/UnitUtils.java:[193,53] Type safety: The expression of type javax.measure.Unit needs unchecked conversion to conform to javax.measure.Unit<? extends javax.measure.Quantity<?>>
[INFO] /Users/kgoderis/Development/openhab/git/openhab-core/bundles/org.openhab.core/src/main/java/org/openhab/core/types/util/UnitUtils.java:[203,83] Unsafe null type conversion (type annotations): The value of type 'java.util.stream.@NonNull Collector<java.lang.@NonNull String,capture#of ?,java.util.@NonNull Set<java.lang.@NonNull String>>' is made accessible using the less-annotated type 'java.util.stream.@NonNull Collector<? super java.lang.String,java.lang.Object,java.util.@NonNull Set<java.lang.@NonNull String>>'
[INFO] /Users/kgoderis/Development/openhab/git/openhab-core/bundles/org.openhab.core/src/main/java/org/openhab/core/types/util/UnitUtils.java:[204,83] Unsafe null type conversion (type annotations): The value of type 'java.util.stream.@NonNull Collector<java.lang.@NonNull String,capture#of ?,java.util.@NonNull Set<java.lang.@NonNull String>>' is made accessible using the less-annotated type 'java.util.stream.@NonNull Collector<? super java.lang.String,java.lang.Object,java.util.@NonNull Set<java.lang.@NonNull String>>'
[INFO] 
[INFO] -----------< org.openhab.core.bundles:org.openhab.core.test >-----------
[INFO] Building openHAB Core :: Bundles :: Test 5.0.0-SNAPSHOT          [3/100]
[INFO]   from org.openhab.core.test/pom.xml
[INFO] --------------------------------[ jar ]---------------------------------
[INFO] 
[INFO] --- clean:3.5.0:clean (default-clean) @ org.openhab.core.test ---
[INFO] Deleting /Users/kgoderis/Development/openhab/git/openhab-core/bundles/org.openhab.core.test/target
[INFO] 
[INFO] --- enforcer:3.5.0:enforce (enforce-java) @ org.openhab.core.test ---
[INFO] 
[INFO] --- directory:1.0:highest-basedir (directories) @ org.openhab.core.test ---
[INFO] Highest basedir set to: /Users/kgoderis/Development/openhab/git/openhab-core
[INFO] 
[INFO] --- spotless:2.44.3:check (codestyle_check) @ org.openhab.core.test ---
[INFO] Index file does not exist. Fallback to an empty index
[INFO] Spotless.Format is keeping 1 files clean - 0 needs changes to be clean, 1 were already clean, 0 were skipped because caching determined they were already clean
[INFO] Spotless.Java is keeping 11 files clean - 0 needs changes to be clean, 11 were already clean, 0 were skipped because caching determined they were already clean
[INFO] Sorting file /var/folders/cf/ygdx6pbs6m9fm3vzdlc6757h0000gn/T/pom15328607734476453644.xml
[INFO] Pom file is already sorted, exiting
[INFO] Spotless.Pom is keeping 1 files clean - 0 needs changes to be clean, 1 were already clean, 0 were skipped because caching determined they were already clean
[INFO] 
[INFO] --- dependency:3.8.1:unpack (unpack-eea) @ org.openhab.core.test ---
[INFO] Configured Artifact: org.lastnpe.eea:eea-all:2.4.0:jar
[INFO] 
[INFO] --- resources:3.3.1:resources (default-resources) @ org.openhab.core.test ---
[INFO] Copying 1 resource from src/main/resources to target/classes
[INFO] 
[INFO] --- compiler:3.14.0:compile (default-compile) @ org.openhab.core.test ---
[INFO] Recompiling the module because of changed dependency.
[INFO] Compiling with eclipse [debug deprecation release 21] to target/classes
[WARNING] /Users/kgoderis/Development/openhab/git/openhab-core/bundles/org.openhab.core.test/src/main/java/org/openhab/core/test/SyntheticBundleInstaller.java:[286,17] Potential null pointer access: The variable readyService may be null at this location
[WARNING] /Users/kgoderis/Development/openhab/git/openhab-core/bundles/org.openhab.core.test/src/main/java/org/openhab/core/test/TestServer.java:[17,8] The import javax.servlet.Servlet is never used
[INFO] /Users/kgoderis/Development/openhab/git/openhab-core/bundles/org.openhab.core.test/src/main/java/org/openhab/core/test/internal/java/MissingServiceAnalyzer.java:[55,43] Unsafe interpretation of method return type as '@NonNull' based on substitution 'S=org.osgi.service.component.runtime.@NonNull ServiceComponentRuntime'. Declaring type 'org.osgi.framework.BundleContext' doesn't seem to be designed with null type annotations in mind
[WARNING] /Users/kgoderis/Development/openhab/git/openhab-core/bundles/org.openhab.core.test/src/main/java/org/openhab/core/test/internal/java/MissingServiceAnalyzer.java:[56,17] Redundant null check: The variable scr cannot be null at this location
[WARNING] /Users/kgoderis/Development/openhab/git/openhab-core/bundles/org.openhab.core.test/src/main/java/org/openhab/core/test/internal/java/MissingServiceAnalyzer.java:[57,17] Potential null pointer access: this expression has a '@Nullable' type
[WARNING] /Users/kgoderis/Development/openhab/git/openhab-core/bundles/org.openhab.core.test/src/main/java/org/openhab/core/test/internal/java/MissingServiceAnalyzer.java:[61,13] Potential null pointer access: this expression has a '@Nullable' type
[WARNING] /Users/kgoderis/Development/openhab/git/openhab-core/bundles/org.openhab.core.test/src/main/java/org/openhab/core/test/internal/java/MissingServiceAnalyzer.java:[69,13] Potential null pointer access: this expression has a '@Nullable' type
[WARNING] /Users/kgoderis/Development/openhab/git/openhab-core/bundles/org.openhab.core.test/src/main/java/org/openhab/core/test/internal/java/MissingServiceAnalyzer.java:[70,13] Potential null pointer access: this expression has a '@Nullable' type
[WARNING] /Users/kgoderis/Development/openhab/git/openhab-core/bundles/org.openhab.core.test/src/main/java/org/openhab/core/test/internal/java/MissingServiceAnalyzer.java:[76,21] Potential null pointer access: this expression has a '@Nullable' type
[WARNING] /Users/kgoderis/Development/openhab/git/openhab-core/bundles/org.openhab.core.test/src/main/java/org/openhab/core/test/internal/java/MissingServiceAnalyzer.java:[79,25] Potential null pointer access: this expression has a '@Nullable' type
[INFO] /Users/kgoderis/Development/openhab/git/openhab-core/bundles/org.openhab.core.test/src/main/java/org/openhab/core/test/internal/java/MissingServiceAnalyzer.java:[91,26] Unsafe null type conversion (type annotations): The value of type 'java.util.stream.@NonNull Collector<java.lang.@NonNull String,capture#of ?,java.util.@NonNull Set<java.lang.@NonNull String>>' is made accessible using the less-annotated type 'java.util.stream.@NonNull Collector<? super java.lang.String,java.lang.Object,java.util.@NonNull Set<java.lang.@NonNull String>>'
[INFO] /Users/kgoderis/Development/openhab/git/openhab-core/bundles/org.openhab.core.test/src/main/java/org/openhab/core/test/java/JavaOSGiTest.java:[122,25] Unsafe null type conversion (type annotations): The value of type 'java.util.function.@NonNull Predicate<org.osgi.framework.@NonNull ServiceReference<T>>' is made accessible using the less-annotated type 'java.util.function.@NonNull Predicate<? super org.osgi.framework.ServiceReference<@Nullable T>>'
[INFO] /Users/kgoderis/Development/openhab/git/openhab-core/bundles/org.openhab.core.test/src/main/java/org/openhab/core/test/java/JavaOSGiTest.java:[262,101] Unsafe null type conversion (type annotations): The value of type 'java.util.@Nullable Dictionary<java.lang.@NonNull String,capture#of ?>' is made accessible using the less-annotated type 'java.util.Dictionary<java.lang.String,?>'
[INFO] /Users/kgoderis/Development/openhab/git/openhab-core/bundles/org.openhab.core.test/src/main/java/org/openhab/core/test/java/JavaOSGiTest.java:[288,102] Unsafe null type conversion (type annotations): The value of type 'java.util.@NonNull Dictionary<java.lang.@NonNull String,capture#of ?>' is made accessible using the less-annotated type 'java.util.Dictionary<java.lang.String,?>'
[INFO] /Users/kgoderis/Development/openhab/git/openhab-core/bundles/org.openhab.core.test/src/main/java/org/openhab/core/test/java/JavaTest.java:[74,28] Unsafe null type conversion (type annotations): The value of type 'ch.qos.logback.core.read.ListAppender<ch.qos.logback.classic.spi.@NonNull ILoggingEvent>' is made accessible using the less-annotated type 'ch.qos.logback.core.Appender<ch.qos.logback.classic.spi.ILoggingEvent>', corresponding supertype is 'ch.qos.logback.core.Appender<ch.qos.logback.classic.spi.@NonNull ILoggingEvent>'
[WARNING] /Users/kgoderis/Development/openhab/git/openhab-core/bundles/org.openhab.core.test/src/main/java/org/openhab/core/test/java/JavaTest.java:[88,9] Potential null pointer access: The variable logger may be null at this location
[INFO] /Users/kgoderis/Development/openhab/git/openhab-core/bundles/org.openhab.core.test/src/main/java/org/openhab/core/test/java/JavaTest.java:[88,31] Unsafe null type conversion (type annotations): The value of type 'ch.qos.logback.core.read.ListAppender<ch.qos.logback.classic.spi.@NonNull ILoggingEvent>' is made accessible using the less-annotated type 'ch.qos.logback.core.Appender<ch.qos.logback.classic.spi.ILoggingEvent>', corresponding supertype is 'ch.qos.logback.core.Appender<ch.qos.logback.classic.spi.@NonNull ILoggingEvent>'
[WARNING] /Users/kgoderis/Development/openhab/git/openhab-core/bundles/org.openhab.core.test/src/main/java/org/openhab/core/test/java/JavaTest.java:[101,14] Potential null pointer access: The variable appender may be null at this location
[WARNING] /Users/kgoderis/Development/openhab/git/openhab-core/bundles/org.openhab.core.test/src/main/java/org/openhab/core/test/java/JavaTest.java:[118,29] Potential null pointer access: The variable appender may be null at this location
[WARNING] /Users/kgoderis/Development/openhab/git/openhab-core/bundles/org.openhab.core.test/src/main/java/org/openhab/core/test/java/JavaTest.java:[265,16] Null type mismatch (type annotations): 'null' is not compatible to the free type variable 'T'
[WARNING] /Users/kgoderis/Development/openhab/git/openhab-core/bundles/org.openhab.core.test/src/main/java/org/openhab/core/test/java/JavaTest.java:[276,23] Unsupported @SuppressWarnings("PMD.AvoidCatchingNPE")
[WARNING] /Users/kgoderis/Development/openhab/git/openhab-core/bundles/org.openhab.core.test/src/main/java/org/openhab/core/test/storage/VolatileStorage.java:[36,33] Null type mismatch (type annotations): required 'T' but this expression has type '@Nullable T', where 'T' is a free type variable
[INFO] 
[INFO] -------< org.openhab.core.bundles:org.openhab.core.config.core >--------
[INFO] Building openHAB Core :: Bundles :: Configuration Core 5.0.0-SNAPSHOT [4/100]
[INFO]   from org.openhab.core.config.core/pom.xml
[INFO] --------------------------------[ jar ]---------------------------------
[INFO] 
[INFO] --- clean:3.5.0:clean (default-clean) @ org.openhab.core.config.core ---
[INFO] Deleting /Users/kgoderis/Development/openhab/git/openhab-core/bundles/org.openhab.core.config.core/target
[INFO] 
[INFO] --- enforcer:3.5.0:enforce (enforce-java) @ org.openhab.core.config.core ---
[INFO] 
[INFO] --- directory:1.0:highest-basedir (directories) @ org.openhab.core.config.core ---
[INFO] Highest basedir set to: /Users/kgoderis/Development/openhab/git/openhab-core
[INFO] 
[INFO] --- spotless:2.44.3:check (codestyle_check) @ org.openhab.core.config.core ---
[INFO] Index file does not exist. Fallback to an empty index
[INFO] Spotless.Format is keeping 1 files clean - 0 needs changes to be clean, 1 were already clean, 0 were skipped because caching determined they were already clean
[INFO] Spotless.Java is keeping 106 files clean - 0 needs changes to be clean, 106 were already clean, 0 were skipped because caching determined they were already clean
[INFO] Sorting file /var/folders/cf/ygdx6pbs6m9fm3vzdlc6757h0000gn/T/pom639061408501288317.xml
[INFO] Pom file is already sorted, exiting
[INFO] Spotless.Pom is keeping 1 files clean - 0 needs changes to be clean, 1 were already clean, 0 were skipped because caching determined they were already clean
[INFO] 
[INFO] --- jaxb2:0.15.3:generate (generate-jaxb-sources) @ org.openhab.core.config.core ---
[WARNING] Failed to build parent project for com.sun.xml.bind.mvn:jaxb-bundles:pom:2.2.11
[WARNING] Failed to build parent project for com.sun.xml.bind:jaxb-xjc:jar:2.2.11
[WARNING] Invalid POM for com.sun.xml.bind:jaxb-xjc:jar:2.2.11, transitive dependencies (if any) will not be available, enable debug logging for more details
[WARNING] Failed to build parent project for com.sun.xml.bind.mvn:jaxb-bundles:pom:2.2.11
[WARNING] Failed to build parent project for com.sun.xml.bind:jaxb-core:jar:2.2.11
[WARNING] Invalid POM for com.sun.xml.bind:jaxb-core:jar:2.2.11, transitive dependencies (if any) will not be available, enable debug logging for more details
[INFO] Latest timestamp of the source resources is [2025-03-13 11:51:59.295], earliest timestamp of the target resources is [2025-03-13 11:54:19.984].
[INFO] Sources are up-to-date, XJC will be skipped.
[INFO] 
[INFO] --- dependency:3.8.1:unpack (unpack-eea) @ org.openhab.core.config.core ---
[INFO] Configured Artifact: org.lastnpe.eea:eea-all:2.4.0:jar
[INFO] 
[INFO] --- build-helper:3.6.1:add-resource (default) @ org.openhab.core.config.core ---
[INFO] 
[INFO] --- resources:3.3.1:resources (default-resources) @ org.openhab.core.config.core ---
[INFO] Copying 54 resources from src/main/resources to target/classes
[INFO] Copying 1 resource from src/generated/java to target/classes
[INFO] Copying 11 resources from src/generated to target/classes
[INFO] 
[INFO] --- compiler:3.14.0:compile (default-compile) @ org.openhab.core.config.core ---
[INFO] Recompiling the module because of changed dependency.
[INFO] Compiling with eclipse [debug deprecation release 21] to target/classes
[INFO] /Users/kgoderis/Development/openhab/git/openhab-core/bundles/org.openhab.core.config.core/src/generated/java/org/openhab/core/config/core/dto/ObjectFactory.java:[104,80] Unsafe null type conversion (type annotations): The value of type 'java.lang.Class<org.openhab.core.config.core.dto.@NonNull XmlConfigDescription>' is made accessible using the less-annotated type 'java.lang.Class<org.openhab.core.config.core.dto.XmlConfigDescription>'
[WARNING] /Users/kgoderis/Development/openhab/git/openhab-core/bundles/org.openhab.core.config.core/src/main/java/org/openhab/core/config/core/ConfigDescription.java:[66,13] Redundant null check: comparing '@NonNull URI' against null
[WARNING] /Users/kgoderis/Development/openhab/git/openhab-core/bundles/org.openhab.core.config.core/src/main/java/org/openhab/core/config/core/ConfigDescription.java:[66,26] Dead code
[WARNING] /Users/kgoderis/Development/openhab/git/openhab-core/bundles/org.openhab.core.config.core/src/main/java/org/openhab/core/config/core/ConfigDescriptionParameter.java:[110,38] The value of the field org.openhab.core.config.core.ConfigDescriptionParameter.UNITS is not used
[WARNING] /Users/kgoderis/Development/openhab/git/openhab-core/bundles/org.openhab.core.config.core/src/main/java/org/openhab/core/config/core/ConfigDescriptionParameter.java:[177,14] Redundant null check: comparing '@NonNull String' against null
[WARNING] /Users/kgoderis/Development/openhab/git/openhab-core/bundles/org.openhab.core.config.core/src/main/java/org/openhab/core/config/core/ConfigDescriptionParameter.java:[181,13] Redundant null check: comparing 'ConfigDescriptionParameter.@NonNull Type' against null
[WARNING] /Users/kgoderis/Development/openhab/git/openhab-core/bundles/org.openhab.core.config.core/src/main/java/org/openhab/core/config/core/ConfigDescriptionParameter.java:[181,27] Dead code
[WARNING] /Users/kgoderis/Development/openhab/git/openhab-core/bundles/org.openhab.core.config.core/src/main/java/org/openhab/core/config/core/ConfigDescriptionParameterGroupBuilder.java:[97,87] Potential null pointer access: This expression of type java.lang.Boolean may be null but requires auto-unboxing
[INFO] /Users/kgoderis/Development/openhab/git/openhab-core/bundles/org.openhab.core.config.core/src/main/java/org/openhab/core/config/core/ConfigDescriptionRegistry.java:[271,34] Unsafe null type conversion (type annotations): The value of type 'java.util.List<org.openhab.core.config.core.@NonNull ParameterOption>' is made accessible using the less-annotated type 'java.util.List<org.openhab.core.config.core.ParameterOption>'
[INFO] /Users/kgoderis/Development/openhab/git/openhab-core/bundles/org.openhab.core.config.core/src/main/java/org/openhab/core/config/core/ConfigDescriptionRegistry.java:[272,41] Unsafe null type conversion (type annotations): The value of type 'java.util.@NonNull List<org.openhab.core.config.core.@NonNull FilterCriteria>' is made accessible using the less-annotated type 'java.util.List<org.openhab.core.config.core.FilterCriteria>'
[WARNING] /Users/kgoderis/Development/openhab/git/openhab-core/bundles/org.openhab.core.config.core/src/main/java/org/openhab/core/config/core/ConfigParser.java:[83,27] Null type mismatch (type annotations): 'null' is not compatible to the free type variable 'T'
[WARNING] /Users/kgoderis/Development/openhab/git/openhab-core/bundles/org.openhab.core.config.core/src/main/java/org/openhab/core/config/core/ConfigParser.java:[185,65] Null type safety: required '@NonNull' but this expression has type 'T', a free type variable that may represent a '@Nullable' type
[WARNING] /Users/kgoderis/Development/openhab/git/openhab-core/bundles/org.openhab.core.config.core/src/main/java/org/openhab/core/config/core/ConfigUtil.java:[35,8] The import org.openhab.core.config.core.validation.ConfigDescriptionValidator is never used
[WARNING] /Users/kgoderis/Development/openhab/git/openhab-core/bundles/org.openhab.core.config.core/src/main/java/org/openhab/core/config/core/ConfigUtil.java:[194,73] Potential null pointer access: this expression has a '@Nullable' type
[WARNING] /Users/kgoderis/Development/openhab/git/openhab-core/bundles/org.openhab.core.config.core/src/main/java/org/openhab/core/config/core/ConfigUtil.java:[266,25] Null type mismatch: required 'java.lang.@NonNull Object' but the provided value is inferred as @org.eclipse.jdt.annotation.Nullable
[WARNING] /Users/kgoderis/Development/openhab/git/openhab-core/bundles/org.openhab.core.config.core/src/main/java/org/openhab/core/config/core/ConfigUtil.java:[267,21] Potential null pointer access: The variable normalized may be null at this location
[WARNING] /Users/kgoderis/Development/openhab/git/openhab-core/bundles/org.openhab.core.config.core/src/main/java/org/openhab/core/config/core/ConfigurableService.java:[21,8] The import org.osgi.framework.Constants is never used
[WARNING] /Users/kgoderis/Development/openhab/git/openhab-core/bundles/org.openhab.core.config.core/src/main/java/org/openhab/core/config/core/ConfigurableService.java:[22,8] The import org.osgi.service.component.ComponentConstants is never used
[INFO] /Users/kgoderis/Development/openhab/git/openhab-core/bundles/org.openhab.core.config.core/src/main/java/org/openhab/core/config/core/Configuration.java:[74,27] Unsafe null type conversion (type annotations): The value of type 'java.util.@NonNull Map<java.lang.@NonNull String,java.lang.@Nullable Object>' is made accessible using the less-annotated type 'java.util.Map<java.lang.String,java.lang.Object>'
[WARNING] /Users/kgoderis/Development/openhab/git/openhab-core/bundles/org.openhab.core.config.core/src/main/java/org/openhab/core/config/core/Configuration.java:[79,20] Null type mismatch (type annotations): required 'T' but this expression has type '@Nullable T', where 'T' is a free type variable
[WARNING] /Users/kgoderis/Development/openhab/git/openhab-core/bundles/org.openhab.core.config.core/src/main/java/org/openhab/core/config/core/ConfigurationDeserializer.java:[16,8] The import java.math.BigDecimal is never used
[INFO] /Users/kgoderis/Development/openhab/git/openhab-core/bundles/org.openhab.core.config.core/src/main/java/org/openhab/core/config/core/OrderingMapSerializer.java:[37,50] At least one of the problems in category 'org.eclipse.jdt.core.compiler.problem.nullUncheckedConversion' is not analysed due to a compiler option being ignored
[WARNING] /Users/kgoderis/Development/openhab/git/openhab-core/bundles/org.openhab.core.config.core/src/main/java/org/openhab/core/config/core/dto/ConfigDescriptionDTO.java:[17,8] The import org.openhab.core.config.core.ConfigDescription is never used
[INFO] /Users/kgoderis/Development/openhab/git/openhab-core/bundles/org.openhab.core.config.core/src/main/java/org/openhab/core/config/core/dto/ConfigDescriptionDTOMapper.java:[49,86] Unsafe null type conversion (type annotations): The value of type 'java.util.List<org.openhab.core.config.core.dto.@NonNull ConfigDescriptionParameterDTO>' is made accessible using the less-annotated type 'java.util.List<org.openhab.core.config.core.dto.ConfigDescriptionParameterDTO>'
[INFO] /Users/kgoderis/Development/openhab/git/openhab-core/bundles/org.openhab.core.config.core/src/main/java/org/openhab/core/config/core/dto/ConfigDescriptionDTOMapper.java:[49,98] Unsafe null type conversion (type annotations): The value of type 'java.util.List<org.openhab.core.config.core.dto.@NonNull ConfigDescriptionParameterGroupDTO>' is made accessible using the less-annotated type 'java.util.List<org.openhab.core.config.core.dto.ConfigDescriptionParameterGroupDTO>'
[WARNING] /Users/kgoderis/Development/openhab/git/openhab-core/bundles/org.openhab.core.config.core/src/main/java/org/openhab/core/config/core/dto/ConfigDescriptionDTOMapper.java:[58,13] Redundant null check: comparing '@NonNull List<@NonNull ConfigDescriptionParameterDTO>' against null
[WARNING] /Users/kgoderis/Development/openhab/git/openhab-core/bundles/org.openhab.core.config.core/src/main/java/org/openhab/core/config/core/dto/ConfigDescriptionDTOMapper.java:[58,33] Dead code
[INFO] /Users/kgoderis/Development/openhab/git/openhab-core/bundles/org.openhab.core.config.core/src/main/java/org/openhab/core/config/core/dto/ConfigDescriptionDTOMapper.java:[71,69] Unsafe null type conversion (type annotations): The value of type 'java.util.@NonNull List<org.openhab.core.config.core.@NonNull ParameterOption>' is made accessible using the less-annotated type 'java.util.List<org.openhab.core.config.core.ParameterOption>'
[INFO] /Users/kgoderis/Development/openhab/git/openhab-core/bundles/org.openhab.core.config.core/src/main/java/org/openhab/core/config/core/dto/ConfigDescriptionDTOMapper.java:[72,41] Unsafe null type conversion (type annotations): The value of type 'java.util.@NonNull List<org.openhab.core.config.core.@NonNull FilterCriteria>' is made accessible using the less-annotated type 'java.util.List<org.openhab.core.config.core.FilterCriteria>'
[WARNING] /Users/kgoderis/Development/openhab/git/openhab-core/bundles/org.openhab.core.config.core/src/main/java/org/openhab/core/config/core/dto/ConfigDescriptionDTOMapper.java:[79,13] Redundant null check: comparing '@NonNull List<@NonNull ConfigDescriptionParameterGroupDTO>' against null
[WARNING] /Users/kgoderis/Development/openhab/git/openhab-core/bundles/org.openhab.core.config.core/src/main/java/org/openhab/core/config/core/dto/ConfigDescriptionDTOMapper.java:[79,38] Dead code
[WARNING] /Users/kgoderis/Development/openhab/git/openhab-core/bundles/org.openhab.core.config.core/src/main/java/org/openhab/core/config/core/dto/ConfigDescriptionDTOMapper.java:[92,13] Redundant null check: comparing '@NonNull List<@NonNull FilterCriteriaDTO>' against null
[WARNING] /Users/kgoderis/Development/openhab/git/openhab-core/bundles/org.openhab.core.config.core/src/main/java/org/openhab/core/config/core/dto/ConfigDescriptionDTOMapper.java:[92,37] Dead code
[WARNING] /Users/kgoderis/Development/openhab/git/openhab-core/bundles/org.openhab.core.config.core/src/main/java/org/openhab/core/config/core/dto/ConfigDescriptionDTOMapper.java:[103,13] Redundant null check: comparing '@NonNull List<@NonNull ParameterOptionDTO>' against null
[WARNING] /Users/kgoderis/Development/openhab/git/openhab-core/bundles/org.openhab.core.config.core/src/main/java/org/openhab/core/config/core/dto/ConfigDescriptionDTOMapper.java:[103,30] Dead code
[INFO] /Users/kgoderis/Development/openhab/git/openhab-core/bundles/org.openhab.core.config.core/src/main/java/org/openhab/core/config/core/dto/ConfigDescriptionDTOMapper.java:[129,66] Unsafe null type conversion (type annotations): The value of type 'java.util.@NonNull List<org.openhab.core.config.core.dto.@NonNull ParameterOptionDTO>' is made accessible using the less-annotated type 'java.util.List<org.openhab.core.config.core.dto.ParameterOptionDTO>'
[INFO] /Users/kgoderis/Development/openhab/git/openhab-core/bundles/org.openhab.core.config.core/src/main/java/org/openhab/core/config/core/dto/ConfigDescriptionDTOMapper.java:[130,21] Unsafe null type conversion (type annotations): The value of type 'java.util.@NonNull List<org.openhab.core.config.core.dto.@NonNull FilterCriteriaDTO>' is made accessible using the less-annotated type 'java.util.List<org.openhab.core.config.core.dto.FilterCriteriaDTO>'
[WARNING] /Users/kgoderis/Development/openhab/git/openhab-core/bundles/org.openhab.core.config.core/src/main/java/org/openhab/core/config/core/dto/ConfigDescriptionDTOMapper.java:[160,13] Redundant null check: comparing '@NonNull List<@NonNull FilterCriteria>' against null
[WARNING] /Users/kgoderis/Development/openhab/git/openhab-core/bundles/org.openhab.core.config.core/src/main/java/org/openhab/core/config/core/dto/ConfigDescriptionDTOMapper.java:[160,37] Dead code
[WARNING] /Users/kgoderis/Development/openhab/git/openhab-core/bundles/org.openhab.core.config.core/src/main/java/org/openhab/core/config/core/dto/ConfigDescriptionDTOMapper.java:[171,13] Redundant null check: comparing '@NonNull List<@NonNull ParameterOption>' against null
[WARNING] /Users/kgoderis/Development/openhab/git/openhab-core/bundles/org.openhab.core.config.core/src/main/java/org/openhab/core/config/core/dto/ConfigDescriptionDTOMapper.java:[171,30] Dead code
[WARNING] /Users/kgoderis/Development/openhab/git/openhab-core/bundles/org.openhab.core.config.core/src/main/java/org/openhab/core/config/core/i18n/ConfigI18nLocalizationService.java:[143,30] Null comparison always yields false: The variable options cannot be null at this location
[INFO] /Users/kgoderis/Development/openhab/git/openhab-core/bundles/org.openhab.core.config.core/src/main/java/org/openhab/core/config/core/i18n/ConfigI18nLocalizationService.java:[143,69] Unsafe null type conversion (type annotations): The value of type 'java.util.@NonNull List<org.openhab.core.config.core.@NonNull ParameterOption>' is made accessible using the less-annotated type 'java.util.List<org.openhab.core.config.core.ParameterOption>'
[INFO] /Users/kgoderis/Development/openhab/git/openhab-core/bundles/org.openhab.core.config.core/src/main/java/org/openhab/core/config/core/i18n/ConfigI18nLocalizationService.java:[143,94] Unsafe null type conversion (type annotations): The value of type 'java.util.List<org.openhab.core.config.core.@NonNull ParameterOption>' is made accessible using the less-annotated type 'java.util.List<org.openhab.core.config.core.ParameterOption>'
[INFO] /Users/kgoderis/Development/openhab/git/openhab-core/bundles/org.openhab.core.config.core/src/main/java/org/openhab/core/config/core/i18n/ConfigI18nLocalizationService.java:[144,37] Unsafe null type conversion (type annotations): The value of type 'java.util.@NonNull List<org.openhab.core.config.core.@NonNull FilterCriteria>' is made accessible using the less-annotated type 'java.util.List<org.openhab.core.config.core.FilterCriteria>'
[WARNING] /Users/kgoderis/Development/openhab/git/openhab-core/bundles/org.openhab.core.config.core/src/main/java/org/openhab/core/config/core/i18n/ConfigI18nLocalizationService.java:[205,13] Redundant null check: comparing '@NonNull List<@NonNull ParameterOption>' against null
[INFO] /Users/kgoderis/Development/openhab/git/openhab-core/bundles/org.openhab.core.config.core/src/main/java/org/openhab/core/config/core/internal/i18n/I18nConfigOptionsProvider.java:[105,22] Unsafe null type conversion (type annotations): The value of type 'java.util.function.@NonNull Function<java.util.@NonNull Locale,org.openhab.core.config.core.@NonNull ParameterOption>' is made accessible using the less-annotated type 'java.util.function.@NonNull Function<? super java.util.Locale,? extends org.openhab.core.config.core.@NonNull ParameterOption>'
[INFO] /Users/kgoderis/Development/openhab/git/openhab-core/bundles/org.openhab.core.config.core/src/main/java/org/openhab/core/config/core/internal/metadata/MetadataConfigDescriptionProviderImpl.java:[114,33] Unsafe null type conversion (type annotations): The value of type 'java.util.List<org.openhab.core.config.core.@NonNull ParameterOption>' is made accessible using the less-annotated type 'java.util.List<org.openhab.core.config.core.ParameterOption>'
[INFO] /Users/kgoderis/Development/openhab/git/openhab-core/bundles/org.openhab.core.config.core/src/main/java/org/openhab/core/config/core/internal/net/NetworkConfigOptionProvider.java:[69,57] Unsafe interpretation of method return type as '@NonNull' based on the receiver type 'java.util.Enumeration<java.net.@NonNull NetworkInterface>'. Type 'java.util.Enumeration<E>' doesn't seem to be designed with null type annotations in mind
[INFO] /Users/kgoderis/Development/openhab/git/openhab-core/bundles/org.openhab.core.config.core/src/main/java/org/openhab/core/config/core/internal/net/NetworkConfigOptionProvider.java:[86,39] Unsafe interpretation of method return type as '@NonNull' based on the receiver type 'java.util.Enumeration<java.net.@NonNull InetAddress>'. Type 'java.util.Enumeration<E>' doesn't seem to be designed with null type annotations in mind
[WARNING] /Users/kgoderis/Development/openhab/git/openhab-core/bundles/org.openhab.core.config.core/src/main/java/org/openhab/core/config/core/internal/normalization/BooleanNormalizer.java:[18,8] The import org.openhab.core.config.core.ConfigDescriptionParameter is never used
[WARNING] /Users/kgoderis/Development/openhab/git/openhab-core/bundles/org.openhab.core.config.core/src/main/java/org/openhab/core/config/core/internal/normalization/DecimalNormalizer.java:[18,8] The import org.openhab.core.config.core.ConfigDescriptionParameter is never used
[WARNING] /Users/kgoderis/Development/openhab/git/openhab-core/bundles/org.openhab.core.config.core/src/main/java/org/openhab/core/config/core/internal/normalization/IntNormalizer.java:[18,8] The import org.openhab.core.config.core.ConfigDescriptionParameter is never used
[WARNING] /Users/kgoderis/Development/openhab/git/openhab-core/bundles/org.openhab.core.config.core/src/main/java/org/openhab/core/config/core/internal/normalization/Normalizer.java:[17,8] The import org.openhab.core.config.core.ConfigDescriptionParameter is never used
[WARNING] /Users/kgoderis/Development/openhab/git/openhab-core/bundles/org.openhab.core.config.core/src/main/java/org/openhab/core/config/core/internal/normalization/TextNormalizer.java:[16,8] The import org.openhab.core.config.core.ConfigDescriptionParameter is never used
[WARNING] /Users/kgoderis/Development/openhab/git/openhab-core/bundles/org.openhab.core.config.core/src/main/java/org/openhab/core/config/core/internal/validation/ConfigDescriptionValidatorImpl.java:[28,8] The import org.openhab.core.config.core.Configuration is never used
[WARNING] /Users/kgoderis/Development/openhab/git/openhab-core/bundles/org.openhab.core.config.core/src/main/java/org/openhab/core/config/core/internal/validation/MinMaxValidator.java:[42,40] Potential null pointer access: The method normalizeType(Object, ConfigDescriptionParameter) may return null
[WARNING] /Users/kgoderis/Development/openhab/git/openhab-core/bundles/org.openhab.core.config.core/src/main/java/org/openhab/core/config/core/internal/validation/MinMaxValidator.java:[56,25] Null type mismatch: required 'java.math.@NonNull BigDecimal' but the provided value is inferred as @org.eclipse.jdt.annotation.Nullable
[WARNING] /Users/kgoderis/Development/openhab/git/openhab-core/bundles/org.openhab.core.config.core/src/main/java/org/openhab/core/config/core/internal/validation/MinMaxValidator.java:[63,25] Null type mismatch: required 'java.math.@NonNull BigDecimal' but the provided value is inferred as @org.eclipse.jdt.annotation.Nullable
[WARNING] /Users/kgoderis/Development/openhab/git/openhab-core/bundles/org.openhab.core.config.core/src/main/java/org/openhab/core/config/core/status/ConfigStatusInfo.java:[109,13] Redundant null check: comparing '@NonNull ConfigStatusMessage' against null
[WARNING] /Users/kgoderis/Development/openhab/git/openhab-core/bundles/org.openhab.core.config.core/src/main/java/org/openhab/core/config/core/status/ConfigStatusInfo.java:[109,42] Dead code
[WARNING] /Users/kgoderis/Development/openhab/git/openhab-core/bundles/org.openhab.core.config.core/src/main/java/org/openhab/core/config/core/status/ConfigStatusInfo.java:[122,13] Redundant null check: comparing '@NonNull Collection<@NonNull ConfigStatusMessage>' against null
[WARNING] /Users/kgoderis/Development/openhab/git/openhab-core/bundles/org.openhab.core.config.core/src/main/java/org/openhab/core/config/core/status/ConfigStatusInfo.java:[122,43] Dead code
[WARNING] /Users/kgoderis/Development/openhab/git/openhab-core/bundles/org.openhab.core.config.core/src/main/java/org/openhab/core/config/core/status/ConfigStatusInfo.java:[146,37] Redundant null check: comparing '@NonNull Collection<@NonNull ConfigStatusMessage>' against null
[WARNING] /Users/kgoderis/Development/openhab/git/openhab-core/bundles/org.openhab.core.config.core/src/main/java/org/openhab/core/config/core/status/ConfigStatusInfo.java:[162,13] Redundant null check: comparing '@NonNull Collection<@NonNull ConfigStatusMessage>' against null
[WARNING] /Users/kgoderis/Development/openhab/git/openhab-core/bundles/org.openhab.core.config.core/src/main/java/org/openhab/core/config/core/status/ConfigStatusInfo.java:[162,43] Dead code
[WARNING] /Users/kgoderis/Development/openhab/git/openhab-core/bundles/org.openhab.core.config.core/src/main/java/org/openhab/core/config/core/status/ConfigStatusInfo.java:[163,23] Redundant null check: comparing '@NonNull Collection<@NonNull ConfigStatusMessage>' against null
[WARNING] /Users/kgoderis/Development/openhab/git/openhab-core/bundles/org.openhab.core.config.core/src/main/java/org/openhab/core/config/core/status/ConfigStatusMessage.java:[245,60] Potential null pointer access: this expression has a '@Nullable' type
[WARNING] /Users/kgoderis/Development/openhab/git/openhab-core/bundles/org.openhab.core.config.core/src/main/java/org/openhab/core/config/core/status/ConfigStatusMessage.java:[247,63] Potential null pointer access: this expression has a '@Nullable' type
[WARNING] /Users/kgoderis/Development/openhab/git/openhab-core/bundles/org.openhab.core.config.core/src/main/java/org/openhab/core/config/core/status/ConfigStatusMessage.java:[268,21] Potential null pointer access: this expression has a '@Nullable' type
[WARNING] /Users/kgoderis/Development/openhab/git/openhab-core/bundles/org.openhab.core.config.core/src/main/java/org/openhab/core/config/core/status/ConfigStatusMessage.java:[282,21] Potential null pointer access: this expression has a '@Nullable' type
[WARNING] /Users/kgoderis/Development/openhab/git/openhab-core/bundles/org.openhab.core.config.core/src/main/java/org/openhab/core/config/core/status/ConfigStatusProvider.java:[16,8] The import java.util.Locale is never used
[WARNING] /Users/kgoderis/Development/openhab/git/openhab-core/bundles/org.openhab.core.config.core/src/main/java/org/openhab/core/config/core/status/ConfigStatusProvider.java:[20,8] The import org.openhab.core.config.core.Configuration is never used
[WARNING] /Users/kgoderis/Development/openhab/git/openhab-core/bundles/org.openhab.core.config.core/src/main/java/org/openhab/core/config/core/status/ConfigStatusService.java:[86,13] Redundant null check: comparing '@NonNull String' against null
[WARNING] /Users/kgoderis/Development/openhab/git/openhab-core/bundles/org.openhab.core.config.core/src/main/java/org/openhab/core/config/core/status/ConfigStatusService.java:[116,13] Null comparison always yields false: The variable configStatusMessages cannot be null at this location
[WARNING] /Users/kgoderis/Development/openhab/git/openhab-core/bundles/org.openhab.core.config.core/src/main/java/org/openhab/core/config/core/status/ConfigStatusService.java:[116,43] Dead code
[WARNING] /Users/kgoderis/Development/openhab/git/openhab-core/bundles/org.openhab.core.config.core/src/main/java/org/openhab/core/config/core/validation/ConfigDescriptionValidator.java:[19,8] The import org.openhab.core.config.core.ConfigDescription is never used
[WARNING] /Users/kgoderis/Development/openhab/git/openhab-core/bundles/org.openhab.core.config.core/src/main/java/org/openhab/core/config/core/validation/ConfigDescriptionValidator.java:[20,8] The import org.openhab.core.config.core.Configuration is never used
[WARNING] /Users/kgoderis/Development/openhab/git/openhab-core/bundles/org.openhab.core.config.core/src/main/java/org/openhab/core/config/core/validation/ConfigValidationException.java:[24,8] The import org.openhab.core.config.core.ConfigDescription is never used
[WARNING] /Users/kgoderis/Development/openhab/git/openhab-core/bundles/org.openhab.core.config.core/src/main/java/org/openhab/core/config/core/validation/ConfigValidationException.java:[25,8] The import org.openhab.core.config.core.Configuration is never used
[WARNING] /Users/kgoderis/Development/openhab/git/openhab-core/bundles/org.openhab.core.config.core/src/main/java/org/openhab/core/config/core/validation/ConfigValidationMessage.java:[19,8] The import org.openhab.core.config.core.ConfigDescription is never used
[WARNING] /Users/kgoderis/Development/openhab/git/openhab-core/bundles/org.openhab.core.config.core/src/main/java/org/openhab/core/config/core/validation/ConfigValidationMessage.java:[20,8] The import org.openhab.core.config.core.ConfigDescriptionParameter is never used
[WARNING] /Users/kgoderis/Development/openhab/git/openhab-core/bundles/org.openhab.core.config.core/src/main/java/org/openhab/core/config/core/xml/ConfigDescriptionConverter.java:[32,8] The import com.thoughtworks.xstream.converters.Converter is never used
[WARNING] /Users/kgoderis/Development/openhab/git/openhab-core/bundles/org.openhab.core.config.core/src/main/java/org/openhab/core/config/core/xml/ConfigDescriptionParameterConverter.java:[33,8] The import com.thoughtworks.xstream.converters.Converter is never used
[INFO] /Users/kgoderis/Development/openhab/git/openhab-core/bundles/org.openhab.core.config.core/src/main/java/org/openhab/core/config/core/xml/ConfigDescriptionParameterConverter.java:[141,59] Unsafe null type conversion (type annotations): The value of type 'java.util.List<org.openhab.core.config.core.@NonNull ParameterOption>' is made accessible using the less-annotated type 'java.util.List<org.openhab.core.config.core.ParameterOption>'
[INFO] /Users/kgoderis/Development/openhab/git/openhab-core/bundles/org.openhab.core.config.core/src/main/java/org/openhab/core/config/core/xml/ConfigDescriptionParameterConverter.java:[141,87] Unsafe null type conversion (type annotations): The value of type 'java.util.List<org.openhab.core.config.core.@NonNull FilterCriteria>' is made accessible using the less-annotated type 'java.util.List<org.openhab.core.config.core.FilterCriteria>'
[WARNING] /Users/kgoderis/Development/openhab/git/openhab-core/bundles/org.openhab.core.config.core/src/main/java/org/openhab/core/config/core/xml/ConfigDescriptionParameterConverter.java:[153,36] Potential null pointer access: The method getAttributes() may return null
[WARNING] /Users/kgoderis/Development/openhab/git/openhab-core/bundles/org.openhab.core.config.core/src/main/java/org/openhab/core/config/core/xml/ConfigDescriptionParameterConverter.java:[154,36] Potential null pointer access: The method getValue() may return null
[WARNING] /Users/kgoderis/Development/openhab/git/openhab-core/bundles/org.openhab.core.config.core/src/main/java/org/openhab/core/config/core/xml/ConfigXmlConfigDescriptionProvider.java:[72,13] Potential null pointer access: this expression has a '@Nullable' type
[WARNING] /Users/kgoderis/Development/openhab/git/openhab-core/bundles/org.openhab.core.config.core/src/main/java/org/openhab/core/config/core/xml/internal/ConfigDescriptionXmlProvider.java:[19,8] The import org.openhab.core.config.core.ConfigDescriptionProvider is never used
[WARNING] /Users/kgoderis/Development/openhab/git/openhab-core/bundles/org.openhab.core.config.core/src/main/java/org/openhab/core/config/core/xml/osgi/XmlDocumentBundleTracker.java:[179,9] Potential null pointer access: this expression has a '@Nullable' type
[WARNING] /Users/kgoderis/Development/openhab/git/openhab-core/bundles/org.openhab.core.config.core/src/main/java/org/openhab/core/config/core/xml/osgi/XmlDocumentBundleTracker.java:[194,13] Potential null pointer access: this expression has a '@Nullable' type
[INFO] /Users/kgoderis/Development/openhab/git/openhab-core/bundles/org.openhab.core.config.core/src/main/java/org/openhab/core/config/core/xml/osgi/XmlDocumentBundleTracker.java:[287,24] Unsafe interpretation of method return type as '@NonNull' based on the receiver type 'java.util.@NonNull Enumeration<java.net.@NonNull URL>'. Type 'java.util.Enumeration<E>' doesn't seem to be designed with null type annotations in mind
[WARNING] /Users/kgoderis/Development/openhab/git/openhab-core/bundles/org.openhab.core.config.core/src/main/java/org/openhab/core/config/core/xml/osgi/XmlDocumentProvider.java:[17,8] The import org.openhab.core.config.core.xml.internal.ConfigDescriptionReader is never used
[WARNING] /Users/kgoderis/Development/openhab/git/openhab-core/bundles/org.openhab.core.config.core/src/main/java/org/openhab/core/config/core/xml/util/NodeAttributes.java:[68,20] Potential null pointer access: this expression has a '@Nullable' type
[WARNING] /Users/kgoderis/Development/openhab/git/openhab-core/bundles/org.openhab.core.config.core/src/main/java/org/openhab/core/config/core/xml/util/NodeAttributesConverter.java:[20,8] The import com.thoughtworks.xstream.converters.Converter is never used
[WARNING] /Users/kgoderis/Development/openhab/git/openhab-core/bundles/org.openhab.core.config.core/src/main/java/org/openhab/core/config/core/xml/util/NodeListConverter.java:[22,8] The import com.thoughtworks.xstream.converters.Converter is never used
[WARNING] /Users/kgoderis/Development/openhab/git/openhab-core/bundles/org.openhab.core.config.core/src/main/java/org/openhab/core/config/core/xml/util/NodeValueConverter.java:[20,8] The import com.thoughtworks.xstream.converters.Converter is never used
[WARNING] /Users/kgoderis/Development/openhab/git/openhab-core/bundles/org.openhab.core.config.core/src/main/java/org/openhab/core/config/core/xml/util/XmlDocumentReader.java:[22,8] The import com.thoughtworks.xstream.XStreamException is never used
[WARNING] /Users/kgoderis/Development/openhab/git/openhab-core/bundles/org.openhab.core.config.core/src/main/java/org/openhab/core/config/core/xml/util/XmlDocumentReader.java:[24,8] The import com.thoughtworks.xstream.converters.Converter is never used
[INFO] 
[INFO] ----------< org.openhab.core.bundles:org.openhab.core.addon >-----------
[INFO] Building openHAB Core :: Bundles :: Add-on XML 5.0.0-SNAPSHOT    [5/100]
[INFO]   from org.openhab.core.addon/pom.xml
[INFO] --------------------------------[ jar ]---------------------------------
[INFO] 
[INFO] --- clean:3.5.0:clean (default-clean) @ org.openhab.core.addon ---
[INFO] Deleting /Users/kgoderis/Development/openhab/git/openhab-core/bundles/org.openhab.core.addon/target
[INFO] 
[INFO] --- enforcer:3.5.0:enforce (enforce-java) @ org.openhab.core.addon ---
[INFO] 
[INFO] --- directory:1.0:highest-basedir (directories) @ org.openhab.core.addon ---
[INFO] Highest basedir set to: /Users/kgoderis/Development/openhab/git/openhab-core
[INFO] 
[INFO] --- spotless:2.44.3:check (codestyle_check) @ org.openhab.core.addon ---
[INFO] Index file does not exist. Fallback to an empty index
[INFO] Spotless.Format is keeping 2 files clean - 0 needs changes to be clean, 2 were already clean, 0 were skipped because caching determined they were already clean
[INFO] Spotless.Java is keeping 29 files clean - 0 needs changes to be clean, 29 were already clean, 0 were skipped because caching determined they were already clean
[INFO] Sorting file /var/folders/cf/ygdx6pbs6m9fm3vzdlc6757h0000gn/T/pom3418948579722454293.xml
[INFO] Pom file is already sorted, exiting
[INFO] Spotless.Pom is keeping 1 files clean - 0 needs changes to be clean, 1 were already clean, 0 were skipped because caching determined they were already clean
[INFO] 
[INFO] --- jaxb2:0.15.3:generate (generate-jaxb-sources) @ org.openhab.core.addon ---
[INFO] Latest timestamp of the source resources is [2025-08-02 13:13:28.026], earliest timestamp of the target resources is [2025-08-02 13:05:33.513].
[INFO] Sources are not up-to-date, XJC will be executed.
[INFO] Episode file [/Users/kgoderis/Development/openhab/git/openhab-core/bundles/org.openhab.core.addon/src/generated/java/META-INF/sun-jaxb.episode] was augmented with if-exists="true" attributes.
[INFO] 
[INFO] --- dependency:3.8.1:unpack (unpack-eea) @ org.openhab.core.addon ---
[INFO] Configured Artifact: org.lastnpe.eea:eea-all:2.4.0:jar
[INFO] 
[INFO] --- build-helper:3.6.1:add-resource (default) @ org.openhab.core.addon ---
[INFO] 
[INFO] --- resources:3.3.1:resources (default-resources) @ org.openhab.core.addon ---
[INFO] skip non existing resourceDirectory /Users/kgoderis/Development/openhab/git/openhab-core/bundles/org.openhab.core.addon/src/main/resources
[INFO] Copying 1 resource from src/generated/java to target/classes
[INFO] Copying 13 resources from src/generated to target/classes
[INFO] 
[INFO] --- compiler:3.14.0:compile (default-compile) @ org.openhab.core.addon ---
[INFO] Recompiling the module because of changed dependency.
[INFO] Compiling with eclipse [debug deprecation release 21] to target/classes
[WARNING] /Users/kgoderis/Development/openhab/git/openhab-core/bundles/org.openhab.core.addon/src/generated/java/org/openhab/core/addon/internal/dto/XmlAddon.java:[7,14] The serializable class XmlAddon does not declare a static final serialVersionUID field of type long
[WARNING] /Users/kgoderis/Development/openhab/git/openhab-core/bundles/org.openhab.core.addon/src/generated/java/org/openhab/core/addon/internal/dto/XmlAddon.java:[14,21] Type safety: The expression of type java.lang.Class needs unchecked conversion to conform to java.lang.Class<org.openhab.core.addon.internal.dto.XmlAddonInfo>
[WARNING] /Users/kgoderis/Development/openhab/git/openhab-core/bundles/org.openhab.core.addon/src/generated/java/org/openhab/core/addon/internal/dto/XmlAddon.java:[14,23] java.lang.Class is a raw type. References to generic type java.lang.Class<T> should be parameterized
[WARNING] /Users/kgoderis/Development/openhab/git/openhab-core/bundles/org.openhab.core.addon/src/generated/java/org/openhab/core/addon/internal/dto/XmlAddon.java:[18,21] Type safety: The expression of type java.lang.Class needs unchecked conversion to conform to java.lang.Class<org.openhab.core.addon.internal.dto.XmlAddonInfo>
[WARNING] /Users/kgoderis/Development/openhab/git/openhab-core/bundles/org.openhab.core.addon/src/generated/java/org/openhab/core/addon/internal/dto/XmlAddon.java:[18,23] java.lang.Class is a raw type. References to generic type java.lang.Class<T> should be parameterized
[INFO] /Users/kgoderis/Development/openhab/git/openhab-core/bundles/org.openhab.core.addon/src/main/java/org/openhab/core/addon/internal/JarFileAddonService.java:[157,74] Unsafe null type conversion (type annotations): The value of type 'java.util.@NonNull List<java.lang.@NonNull String>' is made accessible using the less-annotated type 'java.util.List<java.lang.String>'
[WARNING] /Users/kgoderis/Development/openhab/git/openhab-core/bundles/org.openhab.core.addon/src/main/java/org/openhab/core/addon/internal/xml/AddonInfoAddonsXmlProvider.java:[96,35] Potential null pointer access: The method readFromXML(String) may return null
[INFO] 
[INFO] ------< org.openhab.core.bundles:org.openhab.core.addon.eclipse >-------
[INFO] Building openHAB Core :: Bundles :: Eclipse Add-on Service 5.0.0-SNAPSHOT [6/100]
[INFO]   from org.openhab.core.addon.eclipse/pom.xml
[INFO] --------------------------------[ jar ]---------------------------------
[INFO] 
[INFO] --- clean:3.5.0:clean (default-clean) @ org.openhab.core.addon.eclipse ---
[INFO] Deleting /Users/kgoderis/Development/openhab/git/openhab-core/bundles/org.openhab.core.addon.eclipse/target
[INFO] 
[INFO] --- enforcer:3.5.0:enforce (enforce-java) @ org.openhab.core.addon.eclipse ---
[INFO] 
[INFO] --- directory:1.0:highest-basedir (directories) @ org.openhab.core.addon.eclipse ---
[INFO] Highest basedir set to: /Users/kgoderis/Development/openhab/git/openhab-core
[INFO] 
[INFO] --- spotless:2.44.3:check (codestyle_check) @ org.openhab.core.addon.eclipse ---
[INFO] Index file does not exist. Fallback to an empty index
[INFO] Spotless.Java is keeping 1 files clean - 0 needs changes to be clean, 1 were already clean, 0 were skipped because caching determined they were already clean
[INFO] Sorting file /var/folders/cf/ygdx6pbs6m9fm3vzdlc6757h0000gn/T/pom5005668048666532359.xml
[INFO] Pom file is already sorted, exiting
[INFO] Spotless.Pom is keeping 1 files clean - 0 needs changes to be clean, 1 were already clean, 0 were skipped because caching determined they were already clean
[INFO] 
[INFO] --- dependency:3.8.1:unpack (unpack-eea) @ org.openhab.core.addon.eclipse ---
[INFO] Configured Artifact: org.lastnpe.eea:eea-all:2.4.0:jar
[INFO] 
[INFO] --- resources:3.3.1:resources (default-resources) @ org.openhab.core.addon.eclipse ---
[INFO] skip non existing resourceDirectory /Users/kgoderis/Development/openhab/git/openhab-core/bundles/org.openhab.core.addon.eclipse/src/main/resources
[INFO] 
[INFO] --- compiler:3.14.0:compile (default-compile) @ org.openhab.core.addon.eclipse ---
[INFO] Recompiling the module because of changed dependency.
[INFO] Compiling with eclipse [debug deprecation release 21] to target/classes
[INFO] /Users/kgoderis/Development/openhab/git/openhab-core/bundles/org.openhab.core.addon.eclipse/src/main/java/org/openhab/core/addon/eclipse/internal/EclipseAddonService.java:[147,78] Unsafe null type conversion (type annotations): The value of type 'java.util.@NonNull List<java.lang.@NonNull String>' is made accessible using the less-annotated type 'java.util.List<java.lang.String>'
[INFO] 
[INFO] --------< org.openhab.core.bundles:org.openhab.core.io.console >--------
[INFO] Building openHAB Core :: Bundles :: Console 5.0.0-SNAPSHOT       [7/100]
[INFO]   from org.openhab.core.io.console/pom.xml
[INFO] --------------------------------[ jar ]---------------------------------
[INFO] 
[INFO] --- clean:3.5.0:clean (default-clean) @ org.openhab.core.io.console ---
[INFO] Deleting /Users/kgoderis/Development/openhab/git/openhab-core/bundles/org.openhab.core.io.console/target
[INFO] 
[INFO] --- enforcer:3.5.0:enforce (enforce-java) @ org.openhab.core.io.console ---
[INFO] 
[INFO] --- directory:1.0:highest-basedir (directories) @ org.openhab.core.io.console ---
[INFO] Highest basedir set to: /Users/kgoderis/Development/openhab/git/openhab-core
[INFO] 
[INFO] --- spotless:2.44.3:check (codestyle_check) @ org.openhab.core.io.console ---
[INFO] Index file does not exist. Fallback to an empty index
[INFO] Spotless.Java is keeping 17 files clean - 0 needs changes to be clean, 17 were already clean, 0 were skipped because caching determined they were already clean
[INFO] Sorting file /var/folders/cf/ygdx6pbs6m9fm3vzdlc6757h0000gn/T/pom10003673917599980760.xml
[INFO] Pom file is already sorted, exiting
[INFO] Spotless.Pom is keeping 1 files clean - 0 needs changes to be clean, 1 were already clean, 0 were skipped because caching determined they were already clean
[INFO] 
[INFO] --- dependency:3.8.1:unpack (unpack-eea) @ org.openhab.core.io.console ---
[INFO] Configured Artifact: org.lastnpe.eea:eea-all:2.4.0:jar
[INFO] 
[INFO] --- resources:3.3.1:resources (default-resources) @ org.openhab.core.io.console ---
[INFO] skip non existing resourceDirectory /Users/kgoderis/Development/openhab/git/openhab-core/bundles/org.openhab.core.io.console/src/main/resources
[INFO] 
[INFO] --- compiler:3.14.0:compile (default-compile) @ org.openhab.core.io.console ---
[INFO] Recompiling the module because of changed dependency.
[INFO] Compiling with eclipse [debug deprecation release 21] to target/classes
[INFO] 
[INFO] --------< org.openhab.core.bundles:org.openhab.core.transform >---------
[INFO] Building openHAB Core :: Bundles :: Transformation Service 5.0.0-SNAPSHOT [8/100]
[INFO]   from org.openhab.core.transform/pom.xml
[INFO] --------------------------------[ jar ]---------------------------------
[INFO] 
[INFO] --- clean:3.5.0:clean (default-clean) @ org.openhab.core.transform ---
[INFO] Deleting /Users/kgoderis/Development/openhab/git/openhab-core/bundles/org.openhab.core.transform/target
[INFO] 
[INFO] --- enforcer:3.5.0:enforce (enforce-java) @ org.openhab.core.transform ---
[INFO] 
[INFO] --- directory:1.0:highest-basedir (directories) @ org.openhab.core.transform ---
[INFO] Highest basedir set to: /Users/kgoderis/Development/openhab/git/openhab-core
[INFO] 
[INFO] --- spotless:2.44.3:check (codestyle_check) @ org.openhab.core.transform ---
[INFO] Index file does not exist. Fallback to an empty index
[INFO] Spotless.Java is keeping 16 files clean - 0 needs changes to be clean, 16 were already clean, 0 were skipped because caching determined they were already clean
[INFO] Sorting file /var/folders/cf/ygdx6pbs6m9fm3vzdlc6757h0000gn/T/pom15236388236534366992.xml
[INFO] Pom file is already sorted, exiting
[INFO] Spotless.Pom is keeping 1 files clean - 0 needs changes to be clean, 1 were already clean, 0 were skipped because caching determined they were already clean
[INFO] 
[INFO] --- dependency:3.8.1:unpack (unpack-eea) @ org.openhab.core.transform ---
[INFO] Configured Artifact: org.lastnpe.eea:eea-all:2.4.0:jar
[INFO] 
[INFO] --- resources:3.3.1:resources (default-resources) @ org.openhab.core.transform ---
[INFO] skip non existing resourceDirectory /Users/kgoderis/Development/openhab/git/openhab-core/bundles/org.openhab.core.transform/src/main/resources
[INFO] 
[INFO] --- compiler:3.14.0:compile (default-compile) @ org.openhab.core.transform ---
[INFO] Recompiling the module because of changed dependency.
[INFO] Compiling with eclipse [debug deprecation release 21] to target/classes
[INFO] /Users/kgoderis/Development/openhab/git/openhab-core/bundles/org.openhab.core.transform/src/main/java/org/openhab/core/transform/AbstractFileTransformationService.java:[85,30] Unsafe interpretation of method return type as '@NonNull' based on substitution 'S=org.openhab.core.i18n.@NonNull LocaleProvider'. Declaring type 'org.osgi.framework.BundleContext' doesn't seem to be designed with null type annotations in mind
[INFO] /Users/kgoderis/Development/openhab/git/openhab-core/bundles/org.openhab.core.transform/src/main/java/org/openhab/core/transform/AbstractFileTransformationService.java:[100,33] Unsafe null type conversion (type annotations): The value of type 'org.osgi.util.tracker.@NonNull ServiceTracker<org.openhab.core.i18n.@NonNull LocaleProvider,org.openhab.core.i18n.@NonNull LocaleProvider>' is made accessible using the less-annotated type 'org.osgi.util.tracker.ServiceTracker<org.openhab.core.i18n.LocaleProvider,org.openhab.core.i18n.LocaleProvider>'
[WARNING] /Users/kgoderis/Development/openhab/git/openhab-core/bundles/org.openhab.core.transform/src/main/java/org/openhab/core/transform/AbstractFileTransformationService.java:[128,13] Redundant null check: comparing '@NonNull String' against null
[WARNING] /Users/kgoderis/Development/openhab/git/openhab-core/bundles/org.openhab.core.transform/src/main/java/org/openhab/core/transform/AbstractFileTransformationService.java:[128,33] Redundant null check: comparing '@NonNull String' against null
[WARNING] /Users/kgoderis/Development/openhab/git/openhab-core/bundles/org.openhab.core.transform/src/main/java/org/openhab/core/transform/AbstractFileTransformationService.java:[136,23] Null type mismatch (type annotations): required 'T' but this expression has type '@Nullable T', where 'T' is a free type variable
[INFO] /Users/kgoderis/Development/openhab/git/openhab-core/bundles/org.openhab.core.transform/src/main/java/org/openhab/core/transform/AbstractFileTransformationService.java:[219,29] Unsafe interpretation of method return type as '@NonNull' based on the receiver type 'java.nio.file.WatchEvent<java.nio.file.@NonNull Path>'. Type 'java.nio.file.WatchEvent<T>' doesn't seem to be designed with null type annotations in mind
[WARNING] /Users/kgoderis/Development/openhab/git/openhab-core/bundles/org.openhab.core.transform/src/main/java/org/openhab/core/transform/AbstractFileTransformationService.java:[241,17] Potential null pointer access: this expression has a '@Nullable' type
[INFO] /Users/kgoderis/Development/openhab/git/openhab-core/bundles/org.openhab.core.transform/src/main/java/org/openhab/core/transform/ManagedTransformationProvider.java:[103,34] Unsafe null type conversion (type annotations): The value of type 'java.util.@NonNull Map<java.lang.@NonNull String,java.lang.@NonNull String>' is made accessible using the less-annotated type 'java.util.Map<java.lang.String,java.lang.String>'
[INFO] /Users/kgoderis/Development/openhab/git/openhab-core/bundles/org.openhab.core.transform/src/main/java/org/openhab/core/transform/TransformationHelper.java:[67,41] Unsafe interpretation of method return type as '@NonNull' based on substitution 'S=org.openhab.core.transform.@NonNull TransformationService'. Declaring type 'org.osgi.framework.BundleContext' doesn't seem to be designed with null type annotations in mind
[WARNING] /Users/kgoderis/Development/openhab/git/openhab-core/bundles/org.openhab.core.transform/src/main/java/org/openhab/core/transform/TransformationHelper.java:[68,13] Redundant null check: The variable service cannot be null at this location
[INFO] 
[INFO] --------< org.openhab.core.bundles:org.openhab.core.semantics >---------
[INFO] Building openHAB Core :: Bundles :: Semantics 5.0.0-SNAPSHOT     [9/100]
[INFO]   from org.openhab.core.semantics/pom.xml
[INFO] --------------------------------[ jar ]---------------------------------
[INFO] 
[INFO] --- clean:3.5.0:clean (default-clean) @ org.openhab.core.semantics ---
[INFO] Deleting /Users/kgoderis/Development/openhab/git/openhab-core/bundles/org.openhab.core.semantics/target
[INFO] 
[INFO] --- enforcer:3.5.0:enforce (enforce-java) @ org.openhab.core.semantics ---
[INFO] 
[INFO] --- directory:1.0:highest-basedir (directories) @ org.openhab.core.semantics ---
[INFO] Highest basedir set to: /Users/kgoderis/Development/openhab/git/openhab-core
[INFO] 
[INFO] --- spotless:2.44.3:check (codestyle_check) @ org.openhab.core.semantics ---
[INFO] Index file does not exist. Fallback to an empty index
[INFO] Spotless.Java is keeping 25 files clean - 0 needs changes to be clean, 25 were already clean, 0 were skipped because caching determined they were already clean
[INFO] Sorting file /var/folders/cf/ygdx6pbs6m9fm3vzdlc6757h0000gn/T/pom17636417462089542135.xml
[INFO] Pom file is already sorted, exiting
[INFO] Spotless.Pom is keeping 1 files clean - 0 needs changes to be clean, 1 were already clean, 0 were skipped because caching determined they were already clean
[INFO] 
[INFO] --- dependency:3.8.1:unpack (unpack-eea) @ org.openhab.core.semantics ---
[INFO] Configured Artifact: org.lastnpe.eea:eea-all:2.4.0:jar
[INFO] 
[INFO] --- resources:3.3.1:resources (default-resources) @ org.openhab.core.semantics ---
[INFO] Copying 21 resources from src/main/resources to target/classes
[INFO] 
[INFO] --- compiler:3.14.0:compile (default-compile) @ org.openhab.core.semantics ---
[INFO] Recompiling the module because of changed dependency.
[INFO] Compiling with eclipse [debug deprecation release 21] to target/classes
[WARNING] /Users/kgoderis/Development/openhab/git/openhab-core/bundles/org.openhab.core.semantics/src/main/java/org/openhab/core/semantics/SemanticTags.java:[91,13] Redundant null check: comparing '@NonNull Class<capture#of ? extends @NonNull Tag>' against null
[WARNING] /Users/kgoderis/Development/openhab/git/openhab-core/bundles/org.openhab.core.semantics/src/main/java/org/openhab/core/semantics/SemanticTags.java:[91,27] Dead code
[INFO] /Users/kgoderis/Development/openhab/git/openhab-core/bundles/org.openhab.core.semantics/src/main/java/org/openhab/core/semantics/dto/SemanticTagDTOMapper.java:[57,27] Unsafe null type conversion (type annotations): The value of type 'java.util.@NonNull List<java.lang.@NonNull String>' is made accessible using the less-annotated type 'java.util.List<java.lang.String>'
[WARNING] /Users/kgoderis/Development/openhab/git/openhab-core/bundles/org.openhab.core.semantics/src/main/java/org/openhab/core/semantics/internal/SemanticTagRegistryImpl.java:[220,26] Type safety: Unchecked cast from java.lang.Class<capture#29-of ?> to java.lang.Class<? extends org.openhab.core.semantics.Tag>
[WARNING] /Users/kgoderis/Development/openhab/git/openhab-core/bundles/org.openhab.core.semantics/src/main/java/org/openhab/core/semantics/internal/SemanticTagRegistryImpl.java:[232,30] Type safety: Unchecked cast from java.lang.Class<capture#33-of ?> to java.lang.Class<? extends org.openhab.core.semantics.Tag>
[INFO] 
[INFO] ----------< org.openhab.core.bundles:org.openhab.core.thing >-----------
[INFO] Building openHAB Core :: Bundles :: Thing 5.0.0-SNAPSHOT        [10/100]
[INFO]   from org.openhab.core.thing/pom.xml
[INFO] --------------------------------[ jar ]---------------------------------
[INFO] 
[INFO] --- clean:3.5.0:clean (default-clean) @ org.openhab.core.thing ---
[INFO] Deleting /Users/kgoderis/Development/openhab/git/openhab-core/bundles/org.openhab.core.thing/target
[INFO] 
[INFO] --- enforcer:3.5.0:enforce (enforce-java) @ org.openhab.core.thing ---
[INFO] 
[INFO] --- directory:1.0:highest-basedir (directories) @ org.openhab.core.thing ---
[INFO] Highest basedir set to: /Users/kgoderis/Development/openhab/git/openhab-core
[INFO] 
[INFO] --- spotless:2.44.3:check (codestyle_check) @ org.openhab.core.thing ---
[INFO] Index file does not exist. Fallback to an empty index
[INFO] Spotless.Format is keeping 8 files clean - 0 needs changes to be clean, 8 were already clean, 0 were skipped because caching determined they were already clean
[INFO] Spotless.Java is keeping 289 files clean - 0 needs changes to be clean, 289 were already clean, 0 were skipped because caching determined they were already clean
[INFO] Sorting file /var/folders/cf/ygdx6pbs6m9fm3vzdlc6757h0000gn/T/pom9191317093625025540.xml
[INFO] Pom file is already sorted, exiting
[INFO] Spotless.Pom is keeping 1 files clean - 0 needs changes to be clean, 1 were already clean, 0 were skipped because caching determined they were already clean
[INFO] 
[INFO] --- jaxb2:0.15.3:generate (generate-jaxb-sources) @ org.openhab.core.thing ---
[INFO] Latest timestamp of the source resources is [2025-08-02 13:13:29.746], earliest timestamp of the target resources is [2025-08-02 13:05:35.937].
[INFO] Sources are not up-to-date, XJC will be executed.
[INFO] Episode file [/Users/kgoderis/Development/openhab/git/openhab-core/bundles/org.openhab.core.thing/src/generated/java/META-INF/sun-jaxb.episode] was augmented with if-exists="true" attributes.
[INFO] 
[INFO] --- dependency:3.8.1:unpack (unpack-eea) @ org.openhab.core.thing ---
[INFO] Configured Artifact: org.lastnpe.eea:eea-all:2.4.0:jar
[INFO] 
[INFO] --- build-helper:3.6.1:add-resource (default) @ org.openhab.core.thing ---
[INFO] 
[INFO] --- resources:3.3.1:resources (default-resources) @ org.openhab.core.thing ---
[INFO] Copying 87 resources from src/main/resources to target/classes
[INFO] Copying 1 resource from src/generated/java to target/classes
[INFO] Copying 27 resources from src/generated to target/classes
[INFO] 
[INFO] --- compiler:3.14.0:compile (default-compile) @ org.openhab.core.thing ---
[INFO] Recompiling the module because of changed dependency.
[INFO] Compiling with eclipse [debug deprecation release 21] to target/classes
[WARNING] /Users/kgoderis/Development/openhab/git/openhab-core/bundles/org.openhab.core.thing/src/main/java/org/openhab/core/thing/Channel.java:[23,8] The import org.openhab.core.items.Item is never used
[WARNING] /Users/kgoderis/Development/openhab/git/openhab-core/bundles/org.openhab.core.thing/src/main/java/org/openhab/core/thing/Channel.java:[24,8] The import org.openhab.core.thing.binding.builder.ChannelBuilder is never used
[WARNING] /Users/kgoderis/Development/openhab/git/openhab-core/bundles/org.openhab.core.thing/src/main/java/org/openhab/core/thing/DefaultSystemChannelTypeProvider.java:[441,60] Null type mismatch: required 'org.osgi.framework.@NonNull Bundle' but the provided value is inferred as @org.eclipse.jdt.annotation.Nullable
[WARNING] /Users/kgoderis/Development/openhab/git/openhab-core/bundles/org.openhab.core.thing/src/main/java/org/openhab/core/thing/DefaultSystemChannelTypeProvider.java:[452,51] Null type mismatch: required 'org.osgi.framework.@NonNull Bundle' but the provided value is inferred as @org.eclipse.jdt.annotation.Nullable
[WARNING] /Users/kgoderis/Development/openhab/git/openhab-core/bundles/org.openhab.core.thing/src/main/java/org/openhab/core/thing/Thing.java:[22,8] The import org.openhab.core.items.Item is never used
[WARNING] /Users/kgoderis/Development/openhab/git/openhab-core/bundles/org.openhab.core.thing/src/main/java/org/openhab/core/thing/ThingRegistry.java:[21,8] The import org.openhab.core.config.core.validation.ConfigValidationException is never used
[WARNING] /Users/kgoderis/Development/openhab/git/openhab-core/bundles/org.openhab.core.thing/src/main/java/org/openhab/core/thing/ThingRegistry.java:[22,8] The import org.openhab.core.thing.binding.ThingHandler is never used
[WARNING] /Users/kgoderis/Development/openhab/git/openhab-core/bundles/org.openhab.core.thing/src/main/java/org/openhab/core/thing/ThingRegistry.java:[23,8] The import org.openhab.core.thing.internal.ThingTracker is never used
[WARNING] /Users/kgoderis/Development/openhab/git/openhab-core/bundles/org.openhab.core.thing/src/main/java/org/openhab/core/thing/binding/AbstractDynamicDescriptionProvider.java:[19,8] The import org.openhab.core.thing.events.ChannelDescriptionChangedEvent is never used
[WARNING] /Users/kgoderis/Development/openhab/git/openhab-core/bundles/org.openhab.core.thing/src/main/java/org/openhab/core/thing/binding/AbstractDynamicDescriptionProvider.java:[60,17] Potential null pointer access: this expression has a '@Nullable' type
[WARNING] /Users/kgoderis/Development/openhab/git/openhab-core/bundles/org.openhab.core.thing/src/main/java/org/openhab/core/thing/binding/AbstractStorageBasedTypeProvider.java:[277,29] Potential null pointer access: This expression of type java.lang.Boolean may be null but requires auto-unboxing
[WARNING] /Users/kgoderis/Development/openhab/git/openhab-core/bundles/org.openhab.core.thing/src/main/java/org/openhab/core/thing/binding/BaseDynamicCommandDescriptionProvider.java:[26,8] The import org.openhab.core.thing.i18n.ChannelTypeI18nLocalizationService is never used
[WARNING] /Users/kgoderis/Development/openhab/git/openhab-core/bundles/org.openhab.core.thing/src/main/java/org/openhab/core/thing/binding/BaseDynamicCommandDescriptionProvider.java:[27,8] The import org.openhab.core.thing.type.ChannelType is never used
[WARNING] /Users/kgoderis/Development/openhab/git/openhab-core/bundles/org.openhab.core.thing/src/main/java/org/openhab/core/thing/binding/BaseDynamicCommandDescriptionProvider.java:[63,55] Potential null pointer access: this expression has a '@Nullable' type
[WARNING] /Users/kgoderis/Development/openhab/git/openhab-core/bundles/org.openhab.core.thing/src/main/java/org/openhab/core/thing/binding/BaseDynamicCommandDescriptionProvider.java:[93,20] Potential null pointer access: this expression has a '@Nullable' type
[WARNING] /Users/kgoderis/Development/openhab/git/openhab-core/bundles/org.openhab.core.thing/src/main/java/org/openhab/core/thing/binding/BaseDynamicStateDescriptionProvider.java:[26,8] The import org.openhab.core.thing.i18n.ChannelTypeI18nLocalizationService is never used
[WARNING] /Users/kgoderis/Development/openhab/git/openhab-core/bundles/org.openhab.core.thing/src/main/java/org/openhab/core/thing/binding/BaseDynamicStateDescriptionProvider.java:[27,8] The import org.openhab.core.thing.type.ChannelType is never used
[WARNING] /Users/kgoderis/Development/openhab/git/openhab-core/bundles/org.openhab.core.thing/src/main/java/org/openhab/core/thing/binding/BaseDynamicStateDescriptionProvider.java:[65,55] Potential null pointer access: this expression has a '@Nullable' type
[WARNING] /Users/kgoderis/Development/openhab/git/openhab-core/bundles/org.openhab.core.thing/src/main/java/org/openhab/core/thing/binding/BaseDynamicStateDescriptionProvider.java:[82,55] Potential null pointer access: this expression has a '@Nullable' type
[WARNING] /Users/kgoderis/Development/openhab/git/openhab-core/bundles/org.openhab.core.thing/src/main/java/org/openhab/core/thing/binding/BaseDynamicStateDescriptionProvider.java:[127,20] Potential null pointer access: this expression has a '@Nullable' type
[WARNING] /Users/kgoderis/Development/openhab/git/openhab-core/bundles/org.openhab.core.thing/src/main/java/org/openhab/core/thing/binding/BaseDynamicStateDescriptionProvider.java:[146,20] Potential null pointer access: this expression has a '@Nullable' type
[WARNING] /Users/kgoderis/Development/openhab/git/openhab-core/bundles/org.openhab.core.thing/src/main/java/org/openhab/core/thing/binding/BaseThingHandler.java:[29,8] The import org.openhab.core.thing.Channel is never used
[WARNING] /Users/kgoderis/Development/openhab/git/openhab-core/bundles/org.openhab.core.thing/src/main/java/org/openhab/core/thing/binding/BaseThingHandler.java:[118,22] Potential null pointer access: this expression has a '@Nullable' type
[WARNING] /Users/kgoderis/Development/openhab/git/openhab-core/bundles/org.openhab.core.thing/src/main/java/org/openhab/core/thing/binding/BaseThingHandler.java:[271,22] Potential null pointer access: this expression has a '@Nullable' type
[WARNING] /Users/kgoderis/Development/openhab/git/openhab-core/bundles/org.openhab.core.thing/src/main/java/org/openhab/core/thing/binding/BaseThingHandler.java:[332,22] Potential null pointer access: this expression has a '@Nullable' type
[WARNING] /Users/kgoderis/Development/openhab/git/openhab-core/bundles/org.openhab.core.thing/src/main/java/org/openhab/core/thing/binding/BaseThingHandler.java:[392,22] Potential null pointer access: this expression has a '@Nullable' type
[WARNING] /Users/kgoderis/Development/openhab/git/openhab-core/bundles/org.openhab.core.thing/src/main/java/org/openhab/core/thing/binding/BaseThingHandler.java:[413,22] Potential null pointer access: this expression has a '@Nullable' type
[WARNING] /Users/kgoderis/Development/openhab/git/openhab-core/bundles/org.openhab.core.thing/src/main/java/org/openhab/core/thing/binding/BaseThingHandler.java:[466,23] Unsupported @SuppressWarnings("PMD.CompareObjectsWithEquals")
[INFO] /Users/kgoderis/Development/openhab/git/openhab-core/bundles/org.openhab.core.thing/src/main/java/org/openhab/core/thing/binding/BaseThingHandler.java:[502,34] Unsafe null type conversion (type annotations): The value of type 'java.util.@NonNull HashMap<java.lang.@NonNull String,java.lang.@NonNull Object>' is made accessible using the less-annotated type 'java.util.@Nullable Map<java.lang.String,java.lang.Object>', corresponding supertype is 'java.util.Map<java.lang.@NonNull String,java.lang.@NonNull Object>'
[INFO] /Users/kgoderis/Development/openhab/git/openhab-core/bundles/org.openhab.core.thing/src/main/java/org/openhab/core/thing/binding/BaseThingHandler.java:[538,57] Unsafe null type conversion (type annotations): The value of type 'java.util.Map<java.lang.@NonNull String,java.lang.@NonNull Object>' is made accessible using the less-annotated type 'java.util.Map<java.lang.String,java.lang.Object>'
[WARNING] /Users/kgoderis/Development/openhab/git/openhab-core/bundles/org.openhab.core.thing/src/main/java/org/openhab/core/thing/binding/BaseThingHandler.java:[594,26] Potential null pointer access: this expression has a '@Nullable' type
[WARNING] /Users/kgoderis/Development/openhab/git/openhab-core/bundles/org.openhab.core.thing/src/main/java/org/openhab/core/thing/binding/BaseThingHandler.java:[630,44] Potential null pointer access: this expression has a '@Nullable' type
[WARNING] /Users/kgoderis/Development/openhab/git/openhab-core/bundles/org.openhab.core.thing/src/main/java/org/openhab/core/thing/binding/BaseThingHandler.java:[659,20] Potential null pointer access: this expression has a '@Nullable' type
[WARNING] /Users/kgoderis/Development/openhab/git/openhab-core/bundles/org.openhab.core.thing/src/main/java/org/openhab/core/thing/binding/BaseThingHandler.java:[689,18] Potential null pointer access: this expression has a '@Nullable' type
[WARNING] /Users/kgoderis/Development/openhab/git/openhab-core/bundles/org.openhab.core.thing/src/main/java/org/openhab/core/thing/binding/BaseThingHandlerFactory.java:[18,8] The import java.util.List is never used
[WARNING] /Users/kgoderis/Development/openhab/git/openhab-core/bundles/org.openhab.core.thing/src/main/java/org/openhab/core/thing/binding/BaseThingHandlerFactory.java:[101,17] Redundant null check: The variable serviceRegistration cannot be null at this location
[WARNING] /Users/kgoderis/Development/openhab/git/openhab-core/bundles/org.openhab.core.thing/src/main/java/org/openhab/core/thing/binding/BaseThingHandlerFactory.java:[106,17] Redundant null check: The variable serviceRegistration cannot be null at this location
[INFO] /Users/kgoderis/Development/openhab/git/openhab-core/bundles/org.openhab.core.thing/src/main/java/org/openhab/core/thing/binding/BaseThingHandlerFactory.java:[207,37] Unsafe interpretation of method return type as '@NonNull' based on the receiver type 'java.lang.reflect.@NonNull Constructor<T extends org.openhab.core.thing.binding.@NonNull ThingHandlerService>'. Type 'java.lang.reflect.Constructor<T>' doesn't seem to be designed with null type annotations in mind
[WARNING] /Users/kgoderis/Development/openhab/git/openhab-core/bundles/org.openhab.core.thing/src/main/java/org/openhab/core/thing/binding/BaseThingHandlerFactory.java:[222,38] Redundant null check: comparing '@NonNull String' against null
[INFO] /Users/kgoderis/Development/openhab/git/openhab-core/bundles/org.openhab.core.thing/src/main/java/org/openhab/core/thing/binding/BaseThingHandlerFactory.java:[400,36] Unsafe interpretation of method return type as '@NonNull' based on the receiver type 'org.osgi.framework.@NonNull ServiceObjects<T extends org.openhab.core.thing.binding.@NonNull ThingHandlerService>'. Type 'org.osgi.framework.ServiceObjects<S>' doesn't seem to be designed with null type annotations in mind
[WARNING] /Users/kgoderis/Development/openhab/git/openhab-core/bundles/org.openhab.core.thing/src/main/java/org/openhab/core/thing/binding/BridgeHandler.java:[16,8] The import org.openhab.core.thing.Bridge is never used
[WARNING] /Users/kgoderis/Development/openhab/git/openhab-core/bundles/org.openhab.core.thing/src/main/java/org/openhab/core/thing/binding/ConfigStatusBridgeHandler.java:[66,13] Potential null pointer access: this expression has a '@Nullable' type
[WARNING] /Users/kgoderis/Development/openhab/git/openhab-core/bundles/org.openhab.core.thing/src/main/java/org/openhab/core/thing/binding/ConfigStatusBridgeHandler.java:[74,13] Potential null pointer access: this expression has a '@Nullable' type
[WARNING] /Users/kgoderis/Development/openhab/git/openhab-core/bundles/org.openhab.core.thing/src/main/java/org/openhab/core/thing/binding/ConfigStatusThingHandler.java:[67,13] Potential null pointer access: this expression has a '@Nullable' type
[WARNING] /Users/kgoderis/Development/openhab/git/openhab-core/bundles/org.openhab.core.thing/src/main/java/org/openhab/core/thing/binding/ConfigStatusThingHandler.java:[75,13] Potential null pointer access: this expression has a '@Nullable' type
[WARNING] /Users/kgoderis/Development/openhab/git/openhab-core/bundles/org.openhab.core.thing/src/main/java/org/openhab/core/thing/binding/ThingConfigStatusSource.java:[17,8] The import org.openhab.core.thing.Thing is never used
[WARNING] /Users/kgoderis/Development/openhab/git/openhab-core/bundles/org.openhab.core.thing/src/main/java/org/openhab/core/thing/binding/ThingHandler.java:[21,8] The import org.openhab.core.config.core.validation.ConfigValidationException is never used
[WARNING] /Users/kgoderis/Development/openhab/git/openhab-core/bundles/org.openhab.core.thing/src/main/java/org/openhab/core/thing/binding/ThingHandler.java:[24,8] The import org.openhab.core.thing.ThingStatus is never used
[WARNING] /Users/kgoderis/Development/openhab/git/openhab-core/bundles/org.openhab.core.thing/src/main/java/org/openhab/core/thing/binding/ThingHandler.java:[25,8] The import org.openhab.core.thing.ThingStatusDetail is never used
[WARNING] /Users/kgoderis/Development/openhab/git/openhab-core/bundles/org.openhab.core.thing/src/main/java/org/openhab/core/thing/binding/ThingHandlerCallback.java:[22,8] The import org.openhab.core.config.core.validation.ConfigValidationException is never used
[WARNING] /Users/kgoderis/Development/openhab/git/openhab-core/bundles/org.openhab.core.thing/src/main/java/org/openhab/core/thing/binding/ThingHandlerCallback.java:[32,8] The import org.openhab.core.thing.type.ChannelGroupType is never used
[WARNING] /Users/kgoderis/Development/openhab/git/openhab-core/bundles/org.openhab.core.thing/src/main/java/org/openhab/core/thing/binding/ThingHandlerCallback.java:[34,8] The import org.openhab.core.thing.type.ChannelType is never used
[WARNING] /Users/kgoderis/Development/openhab/git/openhab-core/bundles/org.openhab.core.thing/src/main/java/org/openhab/core/thing/binding/ThingHandlerFactory.java:[18,8] The import org.openhab.core.config.core.status.ConfigStatusProvider is never used
[WARNING] /Users/kgoderis/Development/openhab/git/openhab-core/bundles/org.openhab.core.thing/src/main/java/org/openhab/core/thing/binding/ThingHandlerFactory.java:[22,8] The import org.openhab.core.thing.binding.firmware.FirmwareUpdateHandler is never used
[WARNING] /Users/kgoderis/Development/openhab/git/openhab-core/bundles/org.openhab.core.thing/src/main/java/org/openhab/core/thing/binding/builder/ChannelBuilder.java:[22,8] The import org.openhab.core.library.CoreItemFactory is never used
[WARNING] /Users/kgoderis/Development/openhab/git/openhab-core/bundles/org.openhab.core.thing/src/main/java/org/openhab/core/thing/binding/builder/ChannelBuilder.java:[27,8] The import org.openhab.core.thing.type.ChannelType is never used
[WARNING] /Users/kgoderis/Development/openhab/git/openhab-core/bundles/org.openhab.core.thing/src/main/java/org/openhab/core/thing/binding/builder/ChannelBuilder.java:[184,13] Redundant null check: comparing '@NonNull ChannelKind' against null
[WARNING] /Users/kgoderis/Development/openhab/git/openhab-core/bundles/org.openhab.core.thing/src/main/java/org/openhab/core/thing/binding/builder/ChannelBuilder.java:[184,27] Dead code
[WARNING] /Users/kgoderis/Development/openhab/git/openhab-core/bundles/org.openhab.core.thing/src/main/java/org/openhab/core/thing/binding/builder/ThingBuilder.java:[285,52] Potential null pointer access: this expression has a '@Nullable' type
[WARNING] /Users/kgoderis/Development/openhab/git/openhab-core/bundles/org.openhab.core.thing/src/main/java/org/openhab/core/thing/binding/firmware/Firmware.java:[23,8] The import org.openhab.core.thing.firmware.FirmwareProvider is never used
[WARNING] /Users/kgoderis/Development/openhab/git/openhab-core/bundles/org.openhab.core.thing/src/main/java/org/openhab/core/thing/binding/firmware/Firmware.java:[24,8] The import org.openhab.core.thing.firmware.FirmwareRegistry is never used
[WARNING] /Users/kgoderis/Development/openhab/git/openhab-core/bundles/org.openhab.core.thing/src/main/java/org/openhab/core/thing/binding/firmware/Firmware.java:[25,8] The import org.openhab.core.thing.firmware.FirmwareStatusInfo is never used
[WARNING] /Users/kgoderis/Development/openhab/git/openhab-core/bundles/org.openhab.core.thing/src/main/java/org/openhab/core/thing/binding/firmware/Firmware.java:[26,8] The import org.openhab.core.thing.firmware.FirmwareUpdateService is never used
[WARNING] /Users/kgoderis/Development/openhab/git/openhab-core/bundles/org.openhab.core.thing/src/main/java/org/openhab/core/thing/binding/firmware/FirmwareBuilder.java:[217,50] Potential null pointer access: this expression has a '@Nullable' type
[WARNING] /Users/kgoderis/Development/openhab/git/openhab-core/bundles/org.openhab.core.thing/src/main/java/org/openhab/core/thing/binding/firmware/FirmwareRestriction.java:[19,8] The import org.openhab.core.thing.firmware.FirmwareProvider is never used
[WARNING] /Users/kgoderis/Development/openhab/git/openhab-core/bundles/org.openhab.core.thing/src/main/java/org/openhab/core/thing/binding/firmware/FirmwareUpdateBackgroundTransferHandler.java:[16,8] The import org.openhab.core.thing.firmware.FirmwareStatus is never used
[WARNING] /Users/kgoderis/Development/openhab/git/openhab-core/bundles/org.openhab.core.thing/src/main/java/org/openhab/core/thing/binding/firmware/FirmwareUpdateBackgroundTransferHandler.java:[17,8] The import org.openhab.core.thing.firmware.FirmwareUpdateService is never used
[WARNING] /Users/kgoderis/Development/openhab/git/openhab-core/bundles/org.openhab.core.thing/src/main/java/org/openhab/core/thing/binding/firmware/FirmwareUpdateHandler.java:[15,8] The import java.util.Locale is never used
[WARNING] /Users/kgoderis/Development/openhab/git/openhab-core/bundles/org.openhab.core.thing/src/main/java/org/openhab/core/thing/binding/firmware/FirmwareUpdateHandler.java:[19,8] The import org.openhab.core.thing.ThingStatus is never used
[WARNING] /Users/kgoderis/Development/openhab/git/openhab-core/bundles/org.openhab.core.thing/src/main/java/org/openhab/core/thing/binding/firmware/FirmwareUpdateHandler.java:[20,8] The import org.openhab.core.thing.ThingStatusDetail is never used
[WARNING] /Users/kgoderis/Development/openhab/git/openhab-core/bundles/org.openhab.core.thing/src/main/java/org/openhab/core/thing/binding/firmware/FirmwareUpdateHandler.java:[21,8] The import org.openhab.core.thing.ThingUID is never used
[WARNING] /Users/kgoderis/Development/openhab/git/openhab-core/bundles/org.openhab.core.thing/src/main/java/org/openhab/core/thing/binding/firmware/FirmwareUpdateHandler.java:[22,8] The import org.openhab.core.thing.firmware.FirmwareUpdateService is never used
[INFO] /Users/kgoderis/Development/openhab/git/openhab-core/bundles/org.openhab.core.thing/src/main/java/org/openhab/core/thing/dto/ChannelDTOMapper.java:[43,63] Unsafe null type conversion (type annotations): The value of type 'java.util.@NonNull Map<java.lang.@NonNull String,java.lang.@NonNull String>' is made accessible using the less-annotated type 'java.util.Map<java.lang.String,java.lang.String>'
[INFO] /Users/kgoderis/Development/openhab/git/openhab-core/bundles/org.openhab.core.thing/src/main/java/org/openhab/core/thing/dto/ChannelDTOMapper.java:[44,17] Unsafe null type conversion (type annotations): The value of type 'java.util.@NonNull Set<java.lang.@NonNull String>' is made accessible using the less-annotated type 'java.util.Set<java.lang.String>'
[INFO] /Users/kgoderis/Development/openhab/git/openhab-core/bundles/org.openhab.core.thing/src/main/java/org/openhab/core/thing/dto/StrippedThingTypeDTOMapper.java:[39,64] Unsafe null type conversion (type annotations): The value of type 'java.util.@NonNull List<java.lang.@NonNull String>' is made accessible using the less-annotated type 'java.util.List<java.lang.String>'
[INFO] /Users/kgoderis/Development/openhab/git/openhab-core/bundles/org.openhab.core.thing/src/main/java/org/openhab/core/thing/dto/ThingDTOMapper.java:[58,17] Unsafe null type conversion (type annotations): The value of type 'java.util.List<org.openhab.core.thing.dto.@NonNull ChannelDTO>' is made accessible using the less-annotated type 'java.util.List<org.openhab.core.thing.dto.ChannelDTO>'
[INFO] /Users/kgoderis/Development/openhab/git/openhab-core/bundles/org.openhab.core.thing/src/main/java/org/openhab/core/thing/dto/ThingDTOMapper.java:[58,30] Unsafe null type conversion (type annotations): The value of type 'java.util.@NonNull Map<java.lang.@NonNull String,java.lang.@NonNull Object>' is made accessible using the less-annotated type 'java.util.Map<java.lang.String,java.lang.Object>'
[INFO] /Users/kgoderis/Development/openhab/git/openhab-core/bundles/org.openhab.core.thing/src/main/java/org/openhab/core/thing/dto/ThingDTOMapper.java:[58,63] Unsafe null type conversion (type annotations): The value of type 'java.util.@NonNull Map<java.lang.@NonNull String,java.lang.@NonNull String>' is made accessible using the less-annotated type 'java.util.Map<java.lang.String,java.lang.String>'
[WARNING] /Users/kgoderis/Development/openhab/git/openhab-core/bundles/org.openhab.core.thing/src/main/java/org/openhab/core/thing/events/AbstractThingRegistryEvent.java:[18,8] The import org.openhab.core.thing.ThingRegistry is never used
[WARNING] /Users/kgoderis/Development/openhab/git/openhab-core/bundles/org.openhab.core.thing/src/main/java/org/openhab/core/thing/events/ChannelDescriptionChangedEvent.java:[22,8] The import org.openhab.core.types.CommandDescription is never used
[WARNING] /Users/kgoderis/Development/openhab/git/openhab-core/bundles/org.openhab.core.thing/src/main/java/org/openhab/core/thing/events/ChannelDescriptionChangedEvent.java:[23,8] The import org.openhab.core.types.StateDescription is never used
[WARNING] /Users/kgoderis/Development/openhab/git/openhab-core/bundles/org.openhab.core.thing/src/main/java/org/openhab/core/thing/events/ThingEventFactory.java:[32,8] The import org.openhab.core.types.StateDescription is never used
[INFO] /Users/kgoderis/Development/openhab/git/openhab-core/bundles/org.openhab.core.thing/src/main/java/org/openhab/core/thing/events/ThingEventFactory.java:[144,28] Unsafe null type conversion (type annotations): The value of type 'java.util.@NonNull List<org.openhab.core.types.@NonNull StateOption>' is made accessible using the less-annotated type 'java.util.List<org.openhab.core.types.StateOption>'
[INFO] /Users/kgoderis/Development/openhab/git/openhab-core/bundles/org.openhab.core.thing/src/main/java/org/openhab/core/thing/events/ThingEventFactory.java:[159,28] Unsafe null type conversion (type annotations): The value of type 'java.util.@NonNull List<org.openhab.core.types.@NonNull CommandOption>' is made accessible using the less-annotated type 'java.util.List<org.openhab.core.types.CommandOption>'
[WARNING] /Users/kgoderis/Development/openhab/git/openhab-core/bundles/org.openhab.core.thing/src/main/java/org/openhab/core/thing/fileconverter/AbstractThingFileGenerator.java:[187,41] Potential null pointer access: The method getChannelTypeUID() may return null
[WARNING] /Users/kgoderis/Development/openhab/git/openhab-core/bundles/org.openhab.core.thing/src/main/java/org/openhab/core/thing/fileconverter/AbstractThingFileGenerator.java:[196,22] Potential null pointer access: The variable value may be null at this location
[WARNING] /Users/kgoderis/Development/openhab/git/openhab-core/bundles/org.openhab.core.thing/src/main/java/org/openhab/core/thing/firmware/FirmwareRegistry.java:[20,8] The import org.openhab.core.i18n.LocaleProvider is never used
[WARNING] /Users/kgoderis/Development/openhab/git/openhab-core/bundles/org.openhab.core.thing/src/main/java/org/openhab/core/thing/firmware/FirmwareStatus.java:[16,8] The import org.openhab.core.thing.Thing is never used
[WARNING] /Users/kgoderis/Development/openhab/git/openhab-core/bundles/org.openhab.core.thing/src/main/java/org/openhab/core/thing/firmware/FirmwareStatus.java:[17,8] The import org.openhab.core.thing.ThingTypeUID is never used
[WARNING] /Users/kgoderis/Development/openhab/git/openhab-core/bundles/org.openhab.core.thing/src/main/java/org/openhab/core/thing/firmware/FirmwareStatus.java:[18,8] The import org.openhab.core.thing.binding.firmware.Firmware is never used
[WARNING] /Users/kgoderis/Development/openhab/git/openhab-core/bundles/org.openhab.core.thing/src/main/java/org/openhab/core/thing/firmware/FirmwareStatus.java:[19,8] The import org.openhab.core.thing.binding.firmware.FirmwareUpdateHandler is never used
[WARNING] /Users/kgoderis/Development/openhab/git/openhab-core/bundles/org.openhab.core.thing/src/main/java/org/openhab/core/thing/firmware/FirmwareStatusInfo.java:[19,8] The import org.openhab.core.thing.Thing is never used
[WARNING] /Users/kgoderis/Development/openhab/git/openhab-core/bundles/org.openhab.core.thing/src/main/java/org/openhab/core/thing/firmware/FirmwareStatusInfo.java:[129,37] Redundant null check: comparing '@NonNull ThingUID' against null
[WARNING] /Users/kgoderis/Development/openhab/git/openhab-core/bundles/org.openhab.core.thing/src/main/java/org/openhab/core/thing/firmware/FirmwareStatusInfo.java:[130,37] Redundant null check: comparing '@NonNull FirmwareStatus' against null
[WARNING] /Users/kgoderis/Development/openhab/git/openhab-core/bundles/org.openhab.core.thing/src/main/java/org/openhab/core/thing/firmware/FirmwareStatusInfo.java:[131,68] Potential null pointer access: this expression has a '@Nullable' type
[WARNING] /Users/kgoderis/Development/openhab/git/openhab-core/bundles/org.openhab.core.thing/src/main/java/org/openhab/core/thing/firmware/FirmwareStatusInfo.java:[150,13] Redundant null check: comparing '@NonNull ThingUID' against null
[WARNING] /Users/kgoderis/Development/openhab/git/openhab-core/bundles/org.openhab.core.thing/src/main/java/org/openhab/core/thing/firmware/FirmwareStatusInfo.java:[150,31] Dead code
[WARNING] /Users/kgoderis/Development/openhab/git/openhab-core/bundles/org.openhab.core.thing/src/main/java/org/openhab/core/thing/firmware/FirmwareStatusInfo.java:[151,23] Redundant null check: comparing '@NonNull ThingUID' against null
[WARNING] /Users/kgoderis/Development/openhab/git/openhab-core/bundles/org.openhab.core.thing/src/main/java/org/openhab/core/thing/firmware/FirmwareStatusInfo.java:[161,21] Potential null pointer access: this expression has a '@Nullable' type
[WARNING] /Users/kgoderis/Development/openhab/git/openhab-core/bundles/org.openhab.core.thing/src/main/java/org/openhab/core/thing/firmware/FirmwareStatusInfoEvent.java:[18,8] The import org.openhab.core.thing.Thing is never used
[WARNING] /Users/kgoderis/Development/openhab/git/openhab-core/bundles/org.openhab.core.thing/src/main/java/org/openhab/core/thing/firmware/FirmwareStatusInfoEvent.java:[66,37] Redundant null check: comparing '@NonNull FirmwareStatusInfo' against null
[WARNING] /Users/kgoderis/Development/openhab/git/openhab-core/bundles/org.openhab.core.thing/src/main/java/org/openhab/core/thing/firmware/FirmwareStatusInfoEvent.java:[82,13] Redundant null check: comparing '@NonNull FirmwareStatusInfo' against null
[WARNING] /Users/kgoderis/Development/openhab/git/openhab-core/bundles/org.openhab.core.thing/src/main/java/org/openhab/core/thing/firmware/FirmwareStatusInfoEvent.java:[82,41] Dead code
[WARNING] /Users/kgoderis/Development/openhab/git/openhab-core/bundles/org.openhab.core.thing/src/main/java/org/openhab/core/thing/firmware/FirmwareStatusInfoEvent.java:[83,23] Redundant null check: comparing '@NonNull FirmwareStatusInfo' against null
[WARNING] /Users/kgoderis/Development/openhab/git/openhab-core/bundles/org.openhab.core.thing/src/main/java/org/openhab/core/thing/firmware/FirmwareUpdateProgressInfo.java:[101,13] Redundant null check: comparing '@NonNull Collection<@NonNull ProgressStep>' against null
[WARNING] /Users/kgoderis/Development/openhab/git/openhab-core/bundles/org.openhab.core.thing/src/main/java/org/openhab/core/thing/firmware/FirmwareUpdateProgressInfo.java:[190,37] Redundant null check: comparing '@NonNull ThingUID' against null
[WARNING] /Users/kgoderis/Development/openhab/git/openhab-core/bundles/org.openhab.core.thing/src/main/java/org/openhab/core/thing/firmware/FirmwareUpdateProgressInfo.java:[191,37] Redundant null check: comparing '@NonNull String' against null
[WARNING] /Users/kgoderis/Development/openhab/git/openhab-core/bundles/org.openhab.core.thing/src/main/java/org/openhab/core/thing/firmware/FirmwareUpdateProgressInfo.java:[193,35] Potential null pointer access: this expression has a '@Nullable' type
[WARNING] /Users/kgoderis/Development/openhab/git/openhab-core/bundles/org.openhab.core.thing/src/main/java/org/openhab/core/thing/firmware/FirmwareUpdateProgressInfo.java:[194,37] Redundant null check: comparing '@NonNull ProgressStep' against null
[WARNING] /Users/kgoderis/Development/openhab/git/openhab-core/bundles/org.openhab.core.thing/src/main/java/org/openhab/core/thing/firmware/FirmwareUpdateProgressInfo.java:[195,37] Redundant null check: comparing '@NonNull Collection<@NonNull ProgressStep>' against null
[WARNING] /Users/kgoderis/Development/openhab/git/openhab-core/bundles/org.openhab.core.thing/src/main/java/org/openhab/core/thing/firmware/FirmwareUpdateProgressInfo.java:[211,13] Redundant null check: comparing '@NonNull ThingUID' against null
[WARNING] /Users/kgoderis/Development/openhab/git/openhab-core/bundles/org.openhab.core.thing/src/main/java/org/openhab/core/thing/firmware/FirmwareUpdateProgressInfo.java:[211,31] Dead code
[WARNING] /Users/kgoderis/Development/openhab/git/openhab-core/bundles/org.openhab.core.thing/src/main/java/org/openhab/core/thing/firmware/FirmwareUpdateProgressInfo.java:[212,23] Redundant null check: comparing '@NonNull ThingUID' against null
[WARNING] /Users/kgoderis/Development/openhab/git/openhab-core/bundles/org.openhab.core.thing/src/main/java/org/openhab/core/thing/firmware/FirmwareUpdateProgressInfo.java:[218,13] Redundant null check: comparing '@NonNull String' against null
[WARNING] /Users/kgoderis/Development/openhab/git/openhab-core/bundles/org.openhab.core.thing/src/main/java/org/openhab/core/thing/firmware/FirmwareUpdateProgressInfo.java:[218,38] Dead code
[WARNING] /Users/kgoderis/Development/openhab/git/openhab-core/bundles/org.openhab.core.thing/src/main/java/org/openhab/core/thing/firmware/FirmwareUpdateProgressInfo.java:[219,23] Redundant null check: comparing '@NonNull String' against null
[WARNING] /Users/kgoderis/Development/openhab/git/openhab-core/bundles/org.openhab.core.thing/src/main/java/org/openhab/core/thing/firmware/FirmwareUpdateProgressInfo.java:[228,14] Potential null pointer access: this expression has a '@Nullable' type
[WARNING] /Users/kgoderis/Development/openhab/git/openhab-core/bundles/org.openhab.core.thing/src/main/java/org/openhab/core/thing/firmware/FirmwareUpdateProgressInfo.java:[234,13] Redundant null check: comparing '@NonNull Collection<@NonNull ProgressStep>' against null
[WARNING] /Users/kgoderis/Development/openhab/git/openhab-core/bundles/org.openhab.core.thing/src/main/java/org/openhab/core/thing/firmware/FirmwareUpdateProgressInfo.java:[234,31] Dead code
[WARNING] /Users/kgoderis/Development/openhab/git/openhab-core/bundles/org.openhab.core.thing/src/main/java/org/openhab/core/thing/firmware/FirmwareUpdateProgressInfo.java:[235,23] Redundant null check: comparing '@NonNull Collection<@NonNull ProgressStep>' against null
[WARNING] /Users/kgoderis/Development/openhab/git/openhab-core/bundles/org.openhab.core.thing/src/main/java/org/openhab/core/thing/firmware/FirmwareUpdateProgressInfoEvent.java:[64,37] Redundant null check: comparing '@NonNull FirmwareUpdateProgressInfo' against null
[WARNING] /Users/kgoderis/Development/openhab/git/openhab-core/bundles/org.openhab.core.thing/src/main/java/org/openhab/core/thing/firmware/FirmwareUpdateProgressInfoEvent.java:[76,27] Potential null pointer access: this expression has a '@Nullable' type
[WARNING] /Users/kgoderis/Development/openhab/git/openhab-core/bundles/org.openhab.core.thing/src/main/java/org/openhab/core/thing/firmware/FirmwareUpdateProgressInfoEvent.java:[80,13] Redundant null check: comparing '@NonNull FirmwareUpdateProgressInfo' against null
[WARNING] /Users/kgoderis/Development/openhab/git/openhab-core/bundles/org.openhab.core.thing/src/main/java/org/openhab/core/thing/firmware/FirmwareUpdateProgressInfoEvent.java:[80,35] Dead code
[WARNING] /Users/kgoderis/Development/openhab/git/openhab-core/bundles/org.openhab.core.thing/src/main/java/org/openhab/core/thing/firmware/FirmwareUpdateProgressInfoEvent.java:[81,23] Redundant null check: comparing '@NonNull FirmwareUpdateProgressInfo' against null
[WARNING] /Users/kgoderis/Development/openhab/git/openhab-core/bundles/org.openhab.core.thing/src/main/java/org/openhab/core/thing/firmware/FirmwareUpdateProgressInfoEvent.java:[92,27] Redundant null check: comparing '@NonNull ProgressStep' against null
[WARNING] /Users/kgoderis/Development/openhab/git/openhab-core/bundles/org.openhab.core.thing/src/main/java/org/openhab/core/thing/firmware/FirmwareUpdateResultInfo.java:[109,65] Potential null pointer access: this expression has a '@Nullable' type
[WARNING] /Users/kgoderis/Development/openhab/git/openhab-core/bundles/org.openhab.core.thing/src/main/java/org/openhab/core/thing/firmware/FirmwareUpdateResultInfo.java:[110,42] Redundant null check: comparing '@NonNull FirmwareUpdateResult' against null
[WARNING] /Users/kgoderis/Development/openhab/git/openhab-core/bundles/org.openhab.core.thing/src/main/java/org/openhab/core/thing/firmware/FirmwareUpdateResultInfo.java:[130,21] Potential null pointer access: this expression has a '@Nullable' type
[WARNING] /Users/kgoderis/Development/openhab/git/openhab-core/bundles/org.openhab.core.thing/src/main/java/org/openhab/core/thing/firmware/FirmwareUpdateResultInfoEvent.java:[65,37] Redundant null check: comparing '@NonNull FirmwareUpdateResultInfo' against null
[WARNING] /Users/kgoderis/Development/openhab/git/openhab-core/bundles/org.openhab.core.thing/src/main/java/org/openhab/core/thing/firmware/FirmwareUpdateResultInfoEvent.java:[77,27] Potential null pointer access: this expression has a '@Nullable' type
[WARNING] /Users/kgoderis/Development/openhab/git/openhab-core/bundles/org.openhab.core.thing/src/main/java/org/openhab/core/thing/firmware/FirmwareUpdateResultInfoEvent.java:[81,13] Redundant null check: comparing '@NonNull FirmwareUpdateResultInfo' against null
[WARNING] /Users/kgoderis/Development/openhab/git/openhab-core/bundles/org.openhab.core.thing/src/main/java/org/openhab/core/thing/firmware/FirmwareUpdateResultInfoEvent.java:[81,47] Dead code
[WARNING] /Users/kgoderis/Development/openhab/git/openhab-core/bundles/org.openhab.core.thing/src/main/java/org/openhab/core/thing/firmware/FirmwareUpdateResultInfoEvent.java:[82,23] Redundant null check: comparing '@NonNull FirmwareUpdateResultInfo' against null
[WARNING] /Users/kgoderis/Development/openhab/git/openhab-core/bundles/org.openhab.core.thing/src/main/java/org/openhab/core/thing/firmware/FirmwareUpdateService.java:[19,8] The import org.openhab.core.i18n.LocaleProvider is never used
[WARNING] /Users/kgoderis/Development/openhab/git/openhab-core/bundles/org.openhab.core.thing/src/main/java/org/openhab/core/thing/firmware/FirmwareUpdateService.java:[21,8] The import org.openhab.core.thing.binding.firmware.Firmware is never used
[WARNING] /Users/kgoderis/Development/openhab/git/openhab-core/bundles/org.openhab.core.thing/src/main/java/org/openhab/core/thing/firmware/FirmwareUpdateService.java:[22,8] The import org.openhab.core.thing.binding.firmware.FirmwareUpdateHandler is never used
[WARNING] /Users/kgoderis/Development/openhab/git/openhab-core/bundles/org.openhab.core.thing/src/main/java/org/openhab/core/thing/firmware/FirmwareUpdateService.java:[23,8] The import org.openhab.core.thing.binding.firmware.ProgressCallback is never used
[WARNING] /Users/kgoderis/Development/openhab/git/openhab-core/bundles/org.openhab.core.thing/src/main/java/org/openhab/core/thing/i18n/ThingStatusInfoI18nLocalizationService.java:[175,38] Redundant null check: comparing '@NonNull String' against null
[WARNING] /Users/kgoderis/Development/openhab/git/openhab-core/bundles/org.openhab.core.thing/src/main/java/org/openhab/core/thing/internal/AutoUpdateManager.java:[239,21] Potential null pointer access: The variable policy may be null at this location
[WARNING] /Users/kgoderis/Development/openhab/git/openhab-core/bundles/org.openhab.core.thing/src/main/java/org/openhab/core/thing/internal/AutoUpdateManager.java:[288,44] Potential null pointer access: this expression has type 'capture#5-of ?', a free type variable that may represent a '@Nullable' type
[WARNING] /Users/kgoderis/Development/openhab/git/openhab-core/bundles/org.openhab.core.thing/src/main/java/org/openhab/core/thing/internal/ChannelCommandDescriptionProvider.java:[86,23] Unsupported @SuppressWarnings("PMD.CompareObjectsWithEquals")
[WARNING] /Users/kgoderis/Development/openhab/git/openhab-core/bundles/org.openhab.core.thing/src/main/java/org/openhab/core/thing/internal/ChannelStateDescriptionProvider.java:[23,8] The import org.openhab.core.items.Item is never used
[WARNING] /Users/kgoderis/Development/openhab/git/openhab-core/bundles/org.openhab.core.thing/src/main/java/org/openhab/core/thing/internal/ChannelStateDescriptionProvider.java:[123,23] Unsupported @SuppressWarnings("PMD.CompareObjectsWithEquals")
[WARNING] /Users/kgoderis/Development/openhab/git/openhab-core/bundles/org.openhab.core.thing/src/main/java/org/openhab/core/thing/internal/ThingConfigDescriptionAliasProvider.java:[20,8] The import org.openhab.core.config.core.ConfigOptionProvider is never used
[WARNING] /Users/kgoderis/Development/openhab/git/openhab-core/bundles/org.openhab.core.thing/src/main/java/org/openhab/core/thing/internal/ThingFactoryHelper.java:[27,8] The import org.openhab.core.thing.binding.ThingFactory is never used
[INFO] /Users/kgoderis/Development/openhab/git/openhab-core/bundles/org.openhab.core.thing/src/main/java/org/openhab/core/thing/internal/ThingFactoryHelper.java:[67,54] Unsafe null type conversion (type annotations): The value of type 'java.util.@NonNull List<org.openhab.core.thing.type.@NonNull ChannelDefinition>' is made accessible using the less-annotated type 'java.util.List<org.openhab.core.thing.type.ChannelDefinition>'
[INFO] /Users/kgoderis/Development/openhab/git/openhab-core/bundles/org.openhab.core.thing/src/main/java/org/openhab/core/thing/internal/ThingFactoryHelper.java:[74,64] Unsafe null type conversion (type annotations): The value of type 'java.util.@NonNull List<org.openhab.core.thing.type.@NonNull ChannelGroupDefinition>' is made accessible using the less-annotated type 'java.util.List<org.openhab.core.thing.type.ChannelGroupDefinition>'
[INFO] /Users/kgoderis/Development/openhab/git/openhab-core/bundles/org.openhab.core.thing/src/main/java/org/openhab/core/thing/internal/ThingFactoryHelper.java:[83,78] Unsafe null type conversion (type annotations): The value of type 'java.util.@NonNull List<org.openhab.core.thing.type.@NonNull ChannelDefinition>' is made accessible using the less-annotated type 'java.util.List<org.openhab.core.thing.type.ChannelDefinition>'
[WARNING] /Users/kgoderis/Development/openhab/git/openhab-core/bundles/org.openhab.core.thing/src/main/java/org/openhab/core/thing/internal/ThingImpl.java:[213,13] Redundant null check: comparing '@NonNull String' against null
[WARNING] /Users/kgoderis/Development/openhab/git/openhab-core/bundles/org.openhab.core.thing/src/main/java/org/openhab/core/thing/internal/ThingImpl.java:[306,33] Potential null pointer access: this expression has a '@Nullable' type
[WARNING] /Users/kgoderis/Development/openhab/git/openhab-core/bundles/org.openhab.core.thing/src/main/java/org/openhab/core/thing/internal/ThingManagerImpl.java:[250,13] Type safety: The method update(org.openhab.core.common.registry.Identifiable) belongs to the raw type org.openhab.core.common.registry.ManagedProvider. References to generic type org.openhab.core.common.registry.ManagedProvider<E,K> should be parameterized
[WARNING] /Users/kgoderis/Development/openhab/git/openhab-core/bundles/org.openhab.core.thing/src/main/java/org/openhab/core/thing/internal/ThingManagerImpl.java:[405,23] Unsupported @SuppressWarnings("PMD.CompareObjectsWithEquals")
[WARNING] /Users/kgoderis/Development/openhab/git/openhab-core/bundles/org.openhab.core.thing/src/main/java/org/openhab/core/thing/internal/ThingManagerImpl.java:[484,23] Unsupported @SuppressWarnings("PMD.CompareObjectsWithEquals")
[WARNING] /Users/kgoderis/Development/openhab/git/openhab-core/bundles/org.openhab.core.thing/src/main/java/org/openhab/core/thing/internal/ThingManagerImpl.java:[536,13] Potential null pointer access: The method computeIfAbsent(ThingHandlerFactory, Function) may return null
[WARNING] /Users/kgoderis/Development/openhab/git/openhab-core/bundles/org.openhab.core.thing/src/main/java/org/openhab/core/thing/internal/ThingManagerImpl.java:[540,45] Potential null pointer access: The method getCause() may return null
[WARNING] /Users/kgoderis/Development/openhab/git/openhab-core/bundles/org.openhab.core.thing/src/main/java/org/openhab/core/thing/internal/ThingManagerImpl.java:[561,23] Unsupported @SuppressWarnings("PMD.CompareObjectsWithEquals")
[WARNING] /Users/kgoderis/Development/openhab/git/openhab-core/bundles/org.openhab.core.thing/src/main/java/org/openhab/core/thing/internal/ThingManagerImpl.java:[721,23] Unsupported @SuppressWarnings("PMD.CompareObjectsWithEquals")
[WARNING] /Users/kgoderis/Development/openhab/git/openhab-core/bundles/org.openhab.core.thing/src/main/java/org/openhab/core/thing/internal/ThingManagerImpl.java:[1211,21] Potential null pointer access: this expression has a '@Nullable' type
[WARNING] /Users/kgoderis/Development/openhab/git/openhab-core/bundles/org.openhab.core.thing/src/main/java/org/openhab/core/thing/internal/ThingTracker.java:[17,8] The import org.openhab.core.thing.ThingRegistryChangeListener is never used
[WARNING] /Users/kgoderis/Development/openhab/git/openhab-core/bundles/org.openhab.core.thing/src/main/java/org/openhab/core/thing/internal/firmware/FirmwareImpl.java:[139,48] Potential null pointer access: this expression has a '@Nullable' type
[WARNING] /Users/kgoderis/Development/openhab/git/openhab-core/bundles/org.openhab.core.thing/src/main/java/org/openhab/core/thing/internal/firmware/FirmwareImpl.java:[192,26] Potential null pointer access: this expression has a '@Nullable' type
[INFO] /Users/kgoderis/Development/openhab/git/openhab-core/bundles/org.openhab.core.thing/src/main/java/org/openhab/core/thing/internal/firmware/FirmwareImpl.java:[262,26] Unsafe null type conversion (type annotations): The value of type 'java.lang.@NonNull String @org.eclipse.jdt.annotation.NonNull[]' is made accessible using the less-annotated type 'java.lang.String @org.eclipse.jdt.annotation.NonNull[]'
[WARNING] /Users/kgoderis/Development/openhab/git/openhab-core/bundles/org.openhab.core.thing/src/main/java/org/openhab/core/thing/internal/firmware/FirmwareImpl.java:[334,62] Potential null pointer access: this expression has a '@Nullable' type
[WARNING] /Users/kgoderis/Development/openhab/git/openhab-core/bundles/org.openhab.core.thing/src/main/java/org/openhab/core/thing/internal/firmware/FirmwareImpl.java:[335,64] Potential null pointer access: this expression has a '@Nullable' type
[WARNING] /Users/kgoderis/Development/openhab/git/openhab-core/bundles/org.openhab.core.thing/src/main/java/org/openhab/core/thing/internal/firmware/FirmwareImpl.java:[336,60] Potential null pointer access: this expression has a '@Nullable' type
[WARNING] /Users/kgoderis/Development/openhab/git/openhab-core/bundles/org.openhab.core.thing/src/main/java/org/openhab/core/thing/internal/firmware/FirmwareImpl.java:[337,58] Potential null pointer access: this expression has a '@Nullable' type
[WARNING] /Users/kgoderis/Development/openhab/git/openhab-core/bundles/org.openhab.core.thing/src/main/java/org/openhab/core/thing/internal/firmware/FirmwareImpl.java:[339,68] Potential null pointer access: this expression has a '@Nullable' type
[WARNING] /Users/kgoderis/Development/openhab/git/openhab-core/bundles/org.openhab.core.thing/src/main/java/org/openhab/core/thing/internal/firmware/FirmwareImpl.java:[340,72] Potential null pointer access: this expression has a '@Nullable' type
[WARNING] /Users/kgoderis/Development/openhab/git/openhab-core/bundles/org.openhab.core.thing/src/main/java/org/openhab/core/thing/internal/firmware/FirmwareImpl.java:[341,37] Redundant null check: comparing '@NonNull ThingTypeUID' against null
[WARNING] /Users/kgoderis/Development/openhab/git/openhab-core/bundles/org.openhab.core.thing/src/main/java/org/openhab/core/thing/internal/firmware/FirmwareImpl.java:[342,59] Potential null pointer access: this expression has a '@Nullable' type
[WARNING] /Users/kgoderis/Development/openhab/git/openhab-core/bundles/org.openhab.core.thing/src/main/java/org/openhab/core/thing/internal/firmware/FirmwareImpl.java:[343,37] Redundant null check: comparing 'FirmwareImpl.@NonNull Version' against null
[WARNING] /Users/kgoderis/Development/openhab/git/openhab-core/bundles/org.openhab.core.thing/src/main/java/org/openhab/core/thing/internal/firmware/FirmwareImpl.java:[344,37] Redundant null check: comparing '@NonNull Map<@NonNull String,@NonNull String>' against null
[WARNING] /Users/kgoderis/Development/openhab/git/openhab-core/bundles/org.openhab.core.thing/src/main/java/org/openhab/core/thing/internal/firmware/FirmwareImpl.java:[364,21] Potential null pointer access: this expression has a '@Nullable' type
[WARNING] /Users/kgoderis/Development/openhab/git/openhab-core/bundles/org.openhab.core.thing/src/main/java/org/openhab/core/thing/internal/firmware/FirmwareImpl.java:[371,21] Potential null pointer access: this expression has a '@Nullable' type
[WARNING] /Users/kgoderis/Development/openhab/git/openhab-core/bundles/org.openhab.core.thing/src/main/java/org/openhab/core/thing/internal/firmware/FirmwareImpl.java:[378,21] Potential null pointer access: this expression has a '@Nullable' type
[WARNING] /Users/kgoderis/Development/openhab/git/openhab-core/bundles/org.openhab.core.thing/src/main/java/org/openhab/core/thing/internal/firmware/FirmwareImpl.java:[385,21] Potential null pointer access: this expression has a '@Nullable' type
[WARNING] /Users/kgoderis/Development/openhab/git/openhab-core/bundles/org.openhab.core.thing/src/main/java/org/openhab/core/thing/internal/firmware/FirmwareImpl.java:[395,21] Potential null pointer access: this expression has a '@Nullable' type
[WARNING] /Users/kgoderis/Development/openhab/git/openhab-core/bundles/org.openhab.core.thing/src/main/java/org/openhab/core/thing/internal/firmware/FirmwareImpl.java:[402,21] Potential null pointer access: this expression has a '@Nullable' type
[WARNING] /Users/kgoderis/Development/openhab/git/openhab-core/bundles/org.openhab.core.thing/src/main/java/org/openhab/core/thing/internal/firmware/FirmwareImpl.java:[405,13] Redundant null check: comparing '@NonNull ThingTypeUID' against null
[WARNING] /Users/kgoderis/Development/openhab/git/openhab-core/bundles/org.openhab.core.thing/src/main/java/org/openhab/core/thing/internal/firmware/FirmwareImpl.java:[405,35] Dead code
[WARNING] /Users/kgoderis/Development/openhab/git/openhab-core/bundles/org.openhab.core.thing/src/main/java/org/openhab/core/thing/internal/firmware/FirmwareImpl.java:[406,23] Redundant null check: comparing '@NonNull ThingTypeUID' against null
[WARNING] /Users/kgoderis/Development/openhab/git/openhab-core/bundles/org.openhab.core.thing/src/main/java/org/openhab/core/thing/internal/firmware/FirmwareImpl.java:[416,21] Potential null pointer access: this expression has a '@Nullable' type
[WARNING] /Users/kgoderis/Development/openhab/git/openhab-core/bundles/org.openhab.core.thing/src/main/java/org/openhab/core/thing/internal/firmware/FirmwareImpl.java:[419,13] Redundant null check: comparing 'FirmwareImpl.@NonNull Version' against null
[WARNING] /Users/kgoderis/Development/openhab/git/openhab-core/bundles/org.openhab.core.thing/src/main/java/org/openhab/core/thing/internal/firmware/FirmwareImpl.java:[419,30] Dead code
[WARNING] /Users/kgoderis/Development/openhab/git/openhab-core/bundles/org.openhab.core.thing/src/main/java/org/openhab/core/thing/internal/firmware/FirmwareImpl.java:[420,23] Redundant null check: comparing 'FirmwareImpl.@NonNull Version' against null
[WARNING] /Users/kgoderis/Development/openhab/git/openhab-core/bundles/org.openhab.core.thing/src/main/java/org/openhab/core/thing/internal/firmware/FirmwareImpl.java:[426,13] Redundant null check: comparing '@NonNull Map<@NonNull String,@NonNull String>' against null
[WARNING] /Users/kgoderis/Development/openhab/git/openhab-core/bundles/org.openhab.core.thing/src/main/java/org/openhab/core/thing/internal/firmware/FirmwareImpl.java:[426,33] Dead code
[WARNING] /Users/kgoderis/Development/openhab/git/openhab-core/bundles/org.openhab.core.thing/src/main/java/org/openhab/core/thing/internal/firmware/FirmwareImpl.java:[427,23] Redundant null check: comparing '@NonNull Map<@NonNull String,@NonNull String>' against null
[WARNING] /Users/kgoderis/Development/openhab/git/openhab-core/bundles/org.openhab.core.thing/src/main/java/org/openhab/core/thing/internal/firmware/FirmwareUpdateServiceImpl.java:[162,79] Potential null pointer access: This expression of type java.lang.Integer may be null but requires auto-unboxing
[WARNING] /Users/kgoderis/Development/openhab/git/openhab-core/bundles/org.openhab.core.thing/src/main/java/org/openhab/core/thing/internal/firmware/FirmwareUpdateServiceImpl.java:[164,77] Potential null pointer access: This expression of type java.lang.Integer may be null but requires auto-unboxing
[WARNING] /Users/kgoderis/Development/openhab/git/openhab-core/bundles/org.openhab.core.thing/src/main/java/org/openhab/core/thing/internal/firmware/FirmwareUpdateServiceImpl.java:[292,13] Redundant null check: The variable firmwares cannot be null at this location
[WARNING] /Users/kgoderis/Development/openhab/git/openhab-core/bundles/org.openhab.core.thing/src/main/java/org/openhab/core/thing/internal/firmware/FirmwareUpdateServiceImpl.java:[400,46] Potential null pointer access: this expression has a '@Nullable' type
[WARNING] /Users/kgoderis/Development/openhab/git/openhab-core/bundles/org.openhab.core.thing/src/main/java/org/openhab/core/thing/internal/firmware/FirmwareUpdateServiceImpl.java:[410,47] Potential null pointer access: this expression has a '@Nullable' type
[WARNING] /Users/kgoderis/Development/openhab/git/openhab-core/bundles/org.openhab.core.thing/src/main/java/org/openhab/core/thing/internal/firmware/FirmwareUpdateServiceImpl.java:[412,13] Potential null pointer access: this expression has a '@Nullable' type
[WARNING] /Users/kgoderis/Development/openhab/git/openhab-core/bundles/org.openhab.core.thing/src/main/java/org/openhab/core/thing/internal/firmware/FirmwareUpdateServiceImpl.java:[442,78] Potential null pointer access: The variable info may be null at this location
[WARNING] /Users/kgoderis/Development/openhab/git/openhab-core/bundles/org.openhab.core.thing/src/main/java/org/openhab/core/thing/internal/firmware/ProgressCallbackImpl.java:[89,13] Redundant null check: comparing 'ProgressStep @NonNull[]' against null
[WARNING] /Users/kgoderis/Development/openhab/git/openhab-core/bundles/org.openhab.core.thing/src/main/java/org/openhab/core/thing/internal/firmware/ProgressCallbackImpl.java:[120,13] Redundant null check: comparing '@NonNull String' against null
[INFO] /Users/kgoderis/Development/openhab/git/openhab-core/bundles/org.openhab.core.thing/src/main/java/org/openhab/core/thing/internal/link/ItemChannelLinkConfigDescriptionProvider.java:[99,34] Unsafe null type conversion (type annotations): The value of type 'java.util.@NonNull List<org.openhab.core.config.core.@NonNull ParameterOption>' is made accessible using the less-annotated type 'java.util.List<org.openhab.core.config.core.ParameterOption>'
[WARNING] /Users/kgoderis/Development/openhab/git/openhab-core/bundles/org.openhab.core.thing/src/main/java/org/openhab/core/thing/internal/profiles/RawRockerDimmerProfile.java:[78,13] Potential null pointer access: this expression has a '@Nullable' type
[WARNING] /Users/kgoderis/Development/openhab/git/openhab-core/bundles/org.openhab.core.thing/src/main/java/org/openhab/core/thing/internal/profiles/RawRockerDimmerProfile.java:[91,13] Potential null pointer access: this expression has a '@Nullable' type
[WARNING] /Users/kgoderis/Development/openhab/git/openhab-core/bundles/org.openhab.core.thing/src/main/java/org/openhab/core/thing/internal/profiles/RawRockerDimmerProfile.java:[103,13] Potential null pointer access: this expression has a '@Nullable' type
[WARNING] /Users/kgoderis/Development/openhab/git/openhab-core/bundles/org.openhab.core.thing/src/main/java/org/openhab/core/thing/internal/profiles/RawRockerNextPreviousProfile.java:[18,8] The import org.openhab.core.library.items.PlayerItem is never used
[WARNING] /Users/kgoderis/Development/openhab/git/openhab-core/bundles/org.openhab.core.thing/src/main/java/org/openhab/core/thing/internal/profiles/RawRockerPlayPauseProfile.java:[18,8] The import org.openhab.core.library.items.PlayerItem is never used
[WARNING] /Users/kgoderis/Development/openhab/git/openhab-core/bundles/org.openhab.core.thing/src/main/java/org/openhab/core/thing/internal/profiles/RawRockerRewindFastforwardProfile.java:[18,8] The import org.openhab.core.library.items.PlayerItem is never used
[WARNING] /Users/kgoderis/Development/openhab/git/openhab-core/bundles/org.openhab.core.thing/src/main/java/org/openhab/core/thing/internal/profiles/RawRockerStopMoveProfile.java:[18,8] The import org.openhab.core.library.items.RollershutterItem is never used
[WARNING] /Users/kgoderis/Development/openhab/git/openhab-core/bundles/org.openhab.core.thing/src/main/java/org/openhab/core/thing/internal/profiles/RawRockerUpDownProfile.java:[18,8] The import org.openhab.core.library.items.RollershutterItem is never used
[WARNING] /Users/kgoderis/Development/openhab/git/openhab-core/bundles/org.openhab.core.thing/src/main/java/org/openhab/core/thing/internal/profiles/SystemDefaultProfile.java:[16,8] The import org.openhab.core.thing.binding.ThingHandler is never used
[WARNING] /Users/kgoderis/Development/openhab/git/openhab-core/bundles/org.openhab.core.thing/src/main/java/org/openhab/core/thing/internal/profiles/SystemFollowProfile.java:[16,8] The import org.openhab.core.thing.binding.ThingHandler is never used
[WARNING] /Users/kgoderis/Development/openhab/git/openhab-core/bundles/org.openhab.core.thing/src/main/java/org/openhab/core/thing/internal/profiles/SystemHysteresisStateProfile.java:[144,30] Type safety: The constructor org.openhab.core.library.types.QuantityType(java.lang.Number, javax.measure.Unit) belongs to the raw type org.openhab.core.library.types.QuantityType. References to generic type org.openhab.core.library.types.QuantityType<T> should be parameterized
[WARNING] /Users/kgoderis/Development/openhab/git/openhab-core/bundles/org.openhab.core.thing/src/main/java/org/openhab/core/thing/internal/profiles/SystemHysteresisStateProfile.java:[145,30] Type safety: The constructor org.openhab.core.library.types.QuantityType(java.lang.Number, javax.measure.Unit) belongs to the raw type org.openhab.core.library.types.QuantityType. References to generic type org.openhab.core.library.types.QuantityType<T> should be parameterized
[WARNING] /Users/kgoderis/Development/openhab/git/openhab-core/bundles/org.openhab.core.thing/src/main/java/org/openhab/core/thing/internal/profiles/SystemRangeStateProfile.java:[151,30] Type safety: The constructor org.openhab.core.library.types.QuantityType(java.lang.Number, javax.measure.Unit) belongs to the raw type org.openhab.core.library.types.QuantityType. References to generic type org.openhab.core.library.types.QuantityType<T> should be parameterized
[WARNING] /Users/kgoderis/Development/openhab/git/openhab-core/bundles/org.openhab.core.thing/src/main/java/org/openhab/core/thing/internal/profiles/SystemRangeStateProfile.java:[152,30] Type safety: The constructor org.openhab.core.library.types.QuantityType(java.lang.Number, javax.measure.Unit) belongs to the raw type org.openhab.core.library.types.QuantityType. References to generic type org.openhab.core.library.types.QuantityType<T> should be parameterized
[WARNING] /Users/kgoderis/Development/openhab/git/openhab-core/bundles/org.openhab.core.thing/src/main/java/org/openhab/core/thing/internal/profiles/ToggleProfile.java:[19,8] The import org.openhab.core.thing.profiles.ProfileFactory is never used
[WARNING] /Users/kgoderis/Development/openhab/git/openhab-core/bundles/org.openhab.core.thing/src/main/java/org/openhab/core/thing/internal/profiles/ToggleProfile.java:[73,16] Potential null pointer access: The method getEvent() may return null
[WARNING] /Users/kgoderis/Development/openhab/git/openhab-core/bundles/org.openhab.core.thing/src/main/java/org/openhab/core/thing/internal/profiles/i18n/ProfileI18nUtil.java:[21,8] The import org.openhab.core.thing.profiles.Profile is never used
[WARNING] /Users/kgoderis/Development/openhab/git/openhab-core/bundles/org.openhab.core.thing/src/main/java/org/openhab/core/thing/internal/profiles/i18n/ProfileI18nUtil.java:[22,8] The import org.openhab.core.thing.profiles.ProfileType is never used
[WARNING] /Users/kgoderis/Development/openhab/git/openhab-core/bundles/org.openhab.core.thing/src/main/java/org/openhab/core/thing/internal/type/StateChannelTypeBuilderImpl.java:[94,58] Potential null pointer access: this expression has a '@Nullable' type
[INFO] /Users/kgoderis/Development/openhab/git/openhab-core/bundles/org.openhab.core.thing/src/main/java/org/openhab/core/thing/internal/update/ThingUpdateInstructionReaderImpl.java:[82,27] Unsafe interpretation of method return type as '@NonNull' based on the receiver type 'java.util.Enumeration<java.net.@NonNull URL>'. Type 'java.util.Enumeration<E>' doesn't seem to be designed with null type annotations in mind
[WARNING] /Users/kgoderis/Development/openhab/git/openhab-core/bundles/org.openhab.core.thing/src/main/java/org/openhab/core/thing/link/ItemChannelLink.java:[18,8] The import org.openhab.core.items.Item is never used
[INFO] /Users/kgoderis/Development/openhab/git/openhab-core/bundles/org.openhab.core.thing/src/main/java/org/openhab/core/thing/profiles/dto/ProfileTypeDTOMapper.java:[36,82] Unsafe null type conversion (type annotations): The value of type 'java.util.@NonNull Collection<java.lang.@NonNull String>' is made accessible using the less-annotated type 'java.util.Collection<java.lang.String>'
[WARNING] /Users/kgoderis/Development/openhab/git/openhab-core/bundles/org.openhab.core.thing/src/main/java/org/openhab/core/thing/type/AbstractDescriptionType.java:[20,8] The import org.openhab.core.config.core.ConfigDescription is never used
[WARNING] /Users/kgoderis/Development/openhab/git/openhab-core/bundles/org.openhab.core.thing/src/main/java/org/openhab/core/thing/type/BridgeType.java:[21,8] The import org.openhab.core.thing.Bridge is never used
[WARNING] /Users/kgoderis/Development/openhab/git/openhab-core/bundles/org.openhab.core.thing/src/main/java/org/openhab/core/thing/type/ChannelDefinition.java:[20,8] The import org.openhab.core.thing.Channel is never used
[WARNING] /Users/kgoderis/Development/openhab/git/openhab-core/bundles/org.openhab.core.thing/src/main/java/org/openhab/core/thing/type/ChannelDefinition.java:[21,8] The import org.openhab.core.thing.Thing is never used
[WARNING] /Users/kgoderis/Development/openhab/git/openhab-core/bundles/org.openhab.core.thing/src/main/java/org/openhab/core/thing/type/ChannelGroupDefinition.java:[17,8] The import org.openhab.core.thing.Thing is never used
[WARNING] /Users/kgoderis/Development/openhab/git/openhab-core/bundles/org.openhab.core.thing/src/main/java/org/openhab/core/thing/type/ChannelType.java:[20,8] The import org.openhab.core.thing.Channel is never used
[WARNING] /Users/kgoderis/Development/openhab/git/openhab-core/bundles/org.openhab.core.thing/src/main/java/org/openhab/core/thing/type/StateChannelTypeBuilder.java:[18,8] The import org.openhab.core.types.CommandOption is never used
[WARNING] /Users/kgoderis/Development/openhab/git/openhab-core/bundles/org.openhab.core.thing/src/main/java/org/openhab/core/thing/type/ThingType.java:[22,8] The import org.openhab.core.thing.Thing is never used
[WARNING] /Users/kgoderis/Development/openhab/git/openhab-core/bundles/org.openhab.core.thing/src/main/java/org/openhab/core/thing/util/ThingHelper.java:[19,8] The import java.util.List is never used
[WARNING] /Users/kgoderis/Development/openhab/git/openhab-core/bundles/org.openhab.core.thing/src/main/java/org/openhab/core/thing/xml/internal/AbstractDescriptionTypeConverter.java:[26,8] The import org.openhab.core.thing.type.AbstractDescriptionType is never used
[WARNING] /Users/kgoderis/Development/openhab/git/openhab-core/bundles/org.openhab.core.thing/src/main/java/org/openhab/core/thing/xml/internal/AbstractDescriptionTypeConverter.java:[29,8] The import com.thoughtworks.xstream.converters.Converter is never used
[WARNING] /Users/kgoderis/Development/openhab/git/openhab-core/bundles/org.openhab.core.thing/src/main/java/org/openhab/core/thing/xml/internal/BridgeTypeConverter.java:[23,8] The import com.thoughtworks.xstream.converters.Converter is never used
[WARNING] /Users/kgoderis/Development/openhab/git/openhab-core/bundles/org.openhab.core.thing/src/main/java/org/openhab/core/thing/xml/internal/BridgeTypeXmlResult.java:[19,8] The import org.openhab.core.config.core.ConfigDescription is never used
[WARNING] /Users/kgoderis/Development/openhab/git/openhab-core/bundles/org.openhab.core.thing/src/main/java/org/openhab/core/thing/xml/internal/BridgeTypeXmlResult.java:[20,8] The import org.openhab.core.config.core.ConfigDescriptionProvider is never used
[WARNING] /Users/kgoderis/Development/openhab/git/openhab-core/bundles/org.openhab.core.thing/src/main/java/org/openhab/core/thing/xml/internal/ChannelConverter.java:[28,8] The import com.thoughtworks.xstream.converters.Converter is never used
[WARNING] /Users/kgoderis/Development/openhab/git/openhab-core/bundles/org.openhab.core.thing/src/main/java/org/openhab/core/thing/xml/internal/ChannelGroupTypeConverter.java:[25,8] The import com.thoughtworks.xstream.converters.Converter is never used
[WARNING] /Users/kgoderis/Development/openhab/git/openhab-core/bundles/org.openhab.core.thing/src/main/java/org/openhab/core/thing/xml/internal/ChannelTypeConverter.java:[42,8] The import com.thoughtworks.xstream.converters.Converter is never used
[WARNING] /Users/kgoderis/Development/openhab/git/openhab-core/bundles/org.openhab.core.thing/src/main/java/org/openhab/core/thing/xml/internal/ChannelTypeXmlResult.java:[17,8] The import org.openhab.core.config.core.ConfigDescriptionProvider is never used
[WARNING] /Users/kgoderis/Development/openhab/git/openhab-core/bundles/org.openhab.core.thing/src/main/java/org/openhab/core/thing/xml/internal/CommandDescriptionConverter.java:[26,8] The import com.thoughtworks.xstream.converters.Converter is never used
[WARNING] /Users/kgoderis/Development/openhab/git/openhab-core/bundles/org.openhab.core.thing/src/main/java/org/openhab/core/thing/xml/internal/CommandDescriptionConverter.java:[59,42] Potential null pointer access: The method getAttributes() may return null
[WARNING] /Users/kgoderis/Development/openhab/git/openhab-core/bundles/org.openhab.core.thing/src/main/java/org/openhab/core/thing/xml/internal/StateDescriptionConverter.java:[33,8] The import com.thoughtworks.xstream.converters.Converter is never used
[WARNING] /Users/kgoderis/Development/openhab/git/openhab-core/bundles/org.openhab.core.thing/src/main/java/org/openhab/core/thing/xml/internal/StateDescriptionConverter.java:[98,43] Potential null pointer access: The method getValue() may return null
[WARNING] /Users/kgoderis/Development/openhab/git/openhab-core/bundles/org.openhab.core.thing/src/main/java/org/openhab/core/thing/xml/internal/ThingDescriptionConverter.java:[23,8] The import com.thoughtworks.xstream.converters.Converter is never used
[WARNING] /Users/kgoderis/Development/openhab/git/openhab-core/bundles/org.openhab.core.thing/src/main/java/org/openhab/core/thing/xml/internal/ThingTypeConverter.java:[28,8] The import com.thoughtworks.xstream.converters.Converter is never used
[WARNING] /Users/kgoderis/Development/openhab/git/openhab-core/bundles/org.openhab.core.thing/src/main/java/org/openhab/core/thing/xml/internal/ThingTypeXmlProvider.java:[21,8] The import org.openhab.core.config.core.ConfigDescriptionProvider is never used
[WARNING] /Users/kgoderis/Development/openhab/git/openhab-core/bundles/org.openhab.core.thing/src/main/java/org/openhab/core/thing/xml/internal/ThingTypeXmlProvider.java:[23,8] The import org.openhab.core.config.core.xml.osgi.XmlDocumentBundleTracker is never used
[WARNING] /Users/kgoderis/Development/openhab/git/openhab-core/bundles/org.openhab.core.thing/src/main/java/org/openhab/core/thing/xml/internal/ThingTypeXmlProvider.java:[25,8] The import org.openhab.core.thing.binding.ThingTypeProvider is never used
[WARNING] /Users/kgoderis/Development/openhab/git/openhab-core/bundles/org.openhab.core.thing/src/main/java/org/openhab/core/thing/xml/internal/ThingTypeXmlProvider.java:[26,8] The import org.openhab.core.thing.type.ChannelGroupType is never used
[WARNING] /Users/kgoderis/Development/openhab/git/openhab-core/bundles/org.openhab.core.thing/src/main/java/org/openhab/core/thing/xml/internal/ThingTypeXmlProvider.java:[28,8] The import org.openhab.core.thing.type.ThingType is never used
[WARNING] /Users/kgoderis/Development/openhab/git/openhab-core/bundles/org.openhab.core.thing/src/main/java/org/openhab/core/thing/xml/internal/ThingTypeXmlResult.java:[24,8] The import org.openhab.core.config.core.ConfigDescriptionProvider is never used
[WARNING] /Users/kgoderis/Development/openhab/git/openhab-core/bundles/org.openhab.core.thing/src/main/java/org/openhab/core/thing/xml/internal/ThingXmlConfigDescriptionProvider.java:[16,8] The import org.openhab.core.config.core.ConfigDescription is never used
[WARNING] /Users/kgoderis/Development/openhab/git/openhab-core/bundles/org.openhab.core.thing/src/main/java/org/openhab/core/thing/xml/internal/XmlThingTypeProvider.java:[96,13] Potential null pointer access: this expression has a '@Nullable' type
[INFO] 
[INFO] --------< org.openhab.core.bundles:org.openhab.core.ephemeris >---------
[INFO] Building openHAB Core :: Bundles :: Ephemeris 5.0.0-SNAPSHOT    [11/100]
[INFO]   from org.openhab.core.ephemeris/pom.xml
[INFO] --------------------------------[ jar ]---------------------------------
[INFO] 
[INFO] --- clean:3.5.0:clean (default-clean) @ org.openhab.core.ephemeris ---
[INFO] Deleting /Users/kgoderis/Development/openhab/git/openhab-core/bundles/org.openhab.core.ephemeris/target
[INFO] 
[INFO] --- enforcer:3.5.0:enforce (enforce-java) @ org.openhab.core.ephemeris ---
[INFO] 
[INFO] --- directory:1.0:highest-basedir (directories) @ org.openhab.core.ephemeris ---
[INFO] Highest basedir set to: /Users/kgoderis/Development/openhab/git/openhab-core
[INFO] 
[INFO] --- spotless:2.44.3:check (codestyle_check) @ org.openhab.core.ephemeris ---
[INFO] Index file does not exist. Fallback to an empty index
[INFO] Spotless.Format is keeping 1 files clean - 0 needs changes to be clean, 1 were already clean, 0 were skipped because caching determined they were already clean
[INFO] Spotless.Java is keeping 2 files clean - 0 needs changes to be clean, 2 were already clean, 0 were skipped because caching determined they were already clean
[INFO] Sorting file /var/folders/cf/ygdx6pbs6m9fm3vzdlc6757h0000gn/T/pom14554854171238819260.xml
[INFO] Pom file is already sorted, exiting
[INFO] Spotless.Pom is keeping 1 files clean - 0 needs changes to be clean, 1 were already clean, 0 were skipped because caching determined they were already clean
[INFO] 
[INFO] --- dependency:3.8.1:unpack (unpack-eea) @ org.openhab.core.ephemeris ---
[INFO] Configured Artifact: org.lastnpe.eea:eea-all:2.4.0:jar
[INFO] 
[INFO] --- resources:3.3.1:resources (default-resources) @ org.openhab.core.ephemeris ---
[INFO] Copying 24 resources from src/main/resources to target/classes
[INFO] 
[INFO] --- compiler:3.14.0:compile (default-compile) @ org.openhab.core.ephemeris ---
[INFO] Recompiling the module because of changed dependency.
[INFO] Compiling with eclipse [debug deprecation release 21] to target/classes
[WARNING] /Users/kgoderis/Development/openhab/git/openhab-core/bundles/org.openhab.core.ephemeris/src/main/java/org/openhab/core/ephemeris/internal/EphemerisManagerImpl.java:[283,16] Potential null pointer access: This expression of type java.lang.Long may be null but requires auto-unboxing
[WARNING] /Users/kgoderis/Development/openhab/git/openhab-core/bundles/org.openhab.core.ephemeris/src/main/java/org/openhab/core/ephemeris/internal/EphemerisManagerImpl.java:[357,32] Potential null pointer access: The variable day may be null at this location
[INFO] 
[INFO] --------< org.openhab.core.bundles:org.openhab.core.automation >--------
[INFO] Building openHAB Core :: Bundles :: Automation 5.0.0-SNAPSHOT   [12/100]
[INFO]   from org.openhab.core.automation/pom.xml
[INFO] --------------------------------[ jar ]---------------------------------
[INFO] 
[INFO] --- clean:3.5.0:clean (default-clean) @ org.openhab.core.automation ---
[INFO] Deleting /Users/kgoderis/Development/openhab/git/openhab-core/bundles/org.openhab.core.automation/target
[INFO] 
[INFO] --- enforcer:3.5.0:enforce (enforce-java) @ org.openhab.core.automation ---
[INFO] 
[INFO] --- directory:1.0:highest-basedir (directories) @ org.openhab.core.automation ---
[INFO] Highest basedir set to: /Users/kgoderis/Development/openhab/git/openhab-core
[INFO] 
[INFO] --- spotless:2.44.3:check (codestyle_check) @ org.openhab.core.automation ---
[INFO] Index file does not exist. Fallback to an empty index
[INFO] Spotless.Java is keeping 210 files clean - 0 needs changes to be clean, 210 were already clean, 0 were skipped because caching determined they were already clean
[INFO] Sorting file /var/folders/cf/ygdx6pbs6m9fm3vzdlc6757h0000gn/T/pom8063098263794800748.xml
[INFO] Pom file is already sorted, exiting
[INFO] Spotless.Pom is keeping 1 files clean - 0 needs changes to be clean, 1 were already clean, 0 were skipped because caching determined they were already clean
[INFO] 
[INFO] --- dependency:3.8.1:unpack (unpack-eea) @ org.openhab.core.automation ---
[INFO] Configured Artifact: org.lastnpe.eea:eea-all:2.4.0:jar
[INFO] 
[INFO] --- resources:3.3.1:resources (default-resources) @ org.openhab.core.automation ---
[INFO] Copying 26 resources from src/main/resources to target/classes
[INFO] 
[INFO] --- compiler:3.14.0:compile (default-compile) @ org.openhab.core.automation ---
[INFO] Recompiling the module because of changed dependency.
[INFO] Compiling with eclipse [debug deprecation release 21] to target/classes
[WARNING] /Users/kgoderis/Development/openhab/git/openhab-core/bundles/org.openhab.core.automation/src/main/java/org/openhab/core/automation/Action.java:[18,8] The import org.openhab.core.automation.type.ActionType is never used
[WARNING] /Users/kgoderis/Development/openhab/git/openhab-core/bundles/org.openhab.core.automation/src/main/java/org/openhab/core/automation/Action.java:[19,8] The import org.openhab.core.automation.type.Input is never used
[WARNING] /Users/kgoderis/Development/openhab/git/openhab-core/bundles/org.openhab.core.automation/src/main/java/org/openhab/core/automation/Action.java:[20,8] The import org.openhab.core.automation.type.Output is never used
[WARNING] /Users/kgoderis/Development/openhab/git/openhab-core/bundles/org.openhab.core.automation/src/main/java/org/openhab/core/automation/Action.java:[21,8] The import org.openhab.core.config.core.ConfigDescriptionParameter is never used
[WARNING] /Users/kgoderis/Development/openhab/git/openhab-core/bundles/org.openhab.core.automation/src/main/java/org/openhab/core/automation/Condition.java:[18,8] The import org.openhab.core.automation.type.ConditionType is never used
[WARNING] /Users/kgoderis/Development/openhab/git/openhab-core/bundles/org.openhab.core.automation/src/main/java/org/openhab/core/automation/Condition.java:[19,8] The import org.openhab.core.automation.type.Input is never used
[WARNING] /Users/kgoderis/Development/openhab/git/openhab-core/bundles/org.openhab.core.automation/src/main/java/org/openhab/core/automation/Condition.java:[20,8] The import org.openhab.core.automation.type.Output is never used
[WARNING] /Users/kgoderis/Development/openhab/git/openhab-core/bundles/org.openhab.core.automation/src/main/java/org/openhab/core/automation/Condition.java:[21,8] The import org.openhab.core.config.core.ConfigDescriptionParameter is never used
[WARNING] /Users/kgoderis/Development/openhab/git/openhab-core/bundles/org.openhab.core.automation/src/main/java/org/openhab/core/automation/Module.java:[17,8] The import org.openhab.core.automation.type.Input is never used
[WARNING] /Users/kgoderis/Development/openhab/git/openhab-core/bundles/org.openhab.core.automation/src/main/java/org/openhab/core/automation/Module.java:[18,8] The import org.openhab.core.automation.type.ModuleType is never used
[WARNING] /Users/kgoderis/Development/openhab/git/openhab-core/bundles/org.openhab.core.automation/src/main/java/org/openhab/core/automation/Module.java:[19,8] The import org.openhab.core.automation.type.Output is never used
[WARNING] /Users/kgoderis/Development/openhab/git/openhab-core/bundles/org.openhab.core.automation/src/main/java/org/openhab/core/automation/Module.java:[20,8] The import org.openhab.core.config.core.ConfigDescriptionParameter is never used
[WARNING] /Users/kgoderis/Development/openhab/git/openhab-core/bundles/org.openhab.core.automation/src/main/java/org/openhab/core/automation/ModuleHandlerCallback.java:[19,8] The import org.openhab.core.common.registry.RegistryChangeListener is never used
[WARNING] /Users/kgoderis/Development/openhab/git/openhab-core/bundles/org.openhab.core.automation/src/main/java/org/openhab/core/automation/Rule.java:[21,8] The import org.openhab.core.automation.template.RuleTemplate is never used
[WARNING] /Users/kgoderis/Development/openhab/git/openhab-core/bundles/org.openhab.core.automation/src/main/java/org/openhab/core/automation/RuleManager.java:[21,8] The import org.openhab.core.common.registry.RegistryChangeListener is never used
[WARNING] /Users/kgoderis/Development/openhab/git/openhab-core/bundles/org.openhab.core.automation/src/main/java/org/openhab/core/automation/RuleStatusInfo.java:[99,63] Potential null pointer access: The method getDescription() may return null
[WARNING] /Users/kgoderis/Development/openhab/git/openhab-core/bundles/org.openhab.core.automation/src/main/java/org/openhab/core/automation/RuleStatusInfo.java:[108,64] Potential null pointer access: this expression has a '@Nullable' type
[WARNING] /Users/kgoderis/Development/openhab/git/openhab-core/bundles/org.openhab.core.automation/src/main/java/org/openhab/core/automation/RuleStatusInfo.java:[130,21] Potential null pointer access: this expression has a '@Nullable' type
[WARNING] /Users/kgoderis/Development/openhab/git/openhab-core/bundles/org.openhab.core.automation/src/main/java/org/openhab/core/automation/Trigger.java:[16,8] The import org.openhab.core.automation.type.Input is never used
[WARNING] /Users/kgoderis/Development/openhab/git/openhab-core/bundles/org.openhab.core.automation/src/main/java/org/openhab/core/automation/Trigger.java:[17,8] The import org.openhab.core.automation.type.Output is never used
[WARNING] /Users/kgoderis/Development/openhab/git/openhab-core/bundles/org.openhab.core.automation/src/main/java/org/openhab/core/automation/Trigger.java:[18,8] The import org.openhab.core.automation.type.TriggerType is never used
[WARNING] /Users/kgoderis/Development/openhab/git/openhab-core/bundles/org.openhab.core.automation/src/main/java/org/openhab/core/automation/Trigger.java:[19,8] The import org.openhab.core.config.core.ConfigDescriptionParameter is never used
[WARNING] /Users/kgoderis/Development/openhab/git/openhab-core/bundles/org.openhab.core.automation/src/main/java/org/openhab/core/automation/Visibility.java:[16,8] The import org.openhab.core.automation.template.Template is never used
[WARNING] /Users/kgoderis/Development/openhab/git/openhab-core/bundles/org.openhab.core.automation/src/main/java/org/openhab/core/automation/Visibility.java:[17,8] The import org.openhab.core.automation.type.ModuleType is never used
[INFO] /Users/kgoderis/Development/openhab/git/openhab-core/bundles/org.openhab.core.automation/src/main/java/org/openhab/core/automation/dto/ActionDTOMapper.java:[37,28] Unsafe null type conversion (type annotations): The value of type 'java.util.@NonNull Map<java.lang.@NonNull String,java.lang.@NonNull String>' is made accessible using the less-annotated type 'java.util.Map<java.lang.String,java.lang.String>'
[INFO] /Users/kgoderis/Development/openhab/git/openhab-core/bundles/org.openhab.core.automation/src/main/java/org/openhab/core/automation/dto/ActionTypeDTOMapper.java:[40,34] Unsafe null type conversion (type annotations): The value of type 'java.util.@NonNull List<org.openhab.core.automation.dto.@NonNull ActionDTO>' is made accessible using the less-annotated type 'java.util.List<org.openhab.core.automation.dto.ActionDTO>'
[INFO] /Users/kgoderis/Development/openhab/git/openhab-core/bundles/org.openhab.core.automation/src/main/java/org/openhab/core/automation/dto/ActionTypeDTOMapper.java:[74,32] Unsafe null type conversion (type annotations): The value of type 'java.util.@NonNull List<org.openhab.core.automation.type.@NonNull Input>' is made accessible using the less-annotated type 'java.util.List<org.openhab.core.automation.type.Input>'
[INFO] /Users/kgoderis/Development/openhab/git/openhab-core/bundles/org.openhab.core.automation/src/main/java/org/openhab/core/automation/dto/ActionTypeDTOMapper.java:[75,33] Unsafe null type conversion (type annotations): The value of type 'java.util.@NonNull List<org.openhab.core.automation.type.@NonNull Output>' is made accessible using the less-annotated type 'java.util.List<org.openhab.core.automation.type.Output>'
[INFO] /Users/kgoderis/Development/openhab/git/openhab-core/bundles/org.openhab.core.automation/src/main/java/org/openhab/core/automation/dto/ConditionDTOMapper.java:[36,31] Unsafe null type conversion (type annotations): The value of type 'java.util.@NonNull Map<java.lang.@NonNull String,java.lang.@NonNull String>' is made accessible using the less-annotated type 'java.util.Map<java.lang.String,java.lang.String>'
[INFO] /Users/kgoderis/Development/openhab/git/openhab-core/bundles/org.openhab.core.automation/src/main/java/org/openhab/core/automation/dto/ConditionTypeDTOMapper.java:[40,37] Unsafe null type conversion (type annotations): The value of type 'java.util.@NonNull List<org.openhab.core.automation.dto.@NonNull ConditionDTO>' is made accessible using the less-annotated type 'java.util.List<org.openhab.core.automation.dto.ConditionDTO>'
[INFO] /Users/kgoderis/Development/openhab/git/openhab-core/bundles/org.openhab.core.automation/src/main/java/org/openhab/core/automation/dto/ConditionTypeDTOMapper.java:[75,35] Unsafe null type conversion (type annotations): The value of type 'java.util.@NonNull List<org.openhab.core.automation.type.@NonNull Input>' is made accessible using the less-annotated type 'java.util.List<org.openhab.core.automation.type.Input>'
[INFO] /Users/kgoderis/Development/openhab/git/openhab-core/bundles/org.openhab.core.automation/src/main/java/org/openhab/core/automation/dto/ModuleTypeDTOMapper.java:[30,19] Unsafe null type conversion (type annotations): The value of type 'java.util.@NonNull Set<java.lang.@NonNull String>' is made accessible using the less-annotated type 'java.util.Set<java.lang.String>'
[INFO] /Users/kgoderis/Development/openhab/git/openhab-core/bundles/org.openhab.core.automation/src/main/java/org/openhab/core/automation/dto/ModuleTypeDTOMapper.java:[33,33] Unsafe null type conversion (type annotations): The value of type 'java.util.@NonNull List<org.openhab.core.config.core.dto.@NonNull ConfigDescriptionParameterDTO>' is made accessible using the less-annotated type 'java.util.List<org.openhab.core.config.core.dto.ConfigDescriptionParameterDTO>'
[INFO] /Users/kgoderis/Development/openhab/git/openhab-core/bundles/org.openhab.core.automation/src/main/java/org/openhab/core/automation/dto/RuleDTOMapper.java:[41,54] Unsafe null type conversion (type annotations): The value of type 'java.util.Map<java.lang.@NonNull String,java.lang.@NonNull Object>' is made accessible using the less-annotated type 'java.util.@Nullable Map<java.lang.String,java.lang.Object>'
[INFO] /Users/kgoderis/Development/openhab/git/openhab-core/bundles/org.openhab.core.automation/src/main/java/org/openhab/core/automation/dto/RuleTemplateDTOMapper.java:[43,19] Unsafe null type conversion (type annotations): The value of type 'java.util.@NonNull Set<java.lang.@NonNull String>' is made accessible using the less-annotated type 'java.util.Set<java.lang.String>'
[INFO] /Users/kgoderis/Development/openhab/git/openhab-core/bundles/org.openhab.core.automation/src/main/java/org/openhab/core/automation/dto/RuleTemplateDTOMapper.java:[46,33] Unsafe null type conversion (type annotations): The value of type 'java.util.@NonNull List<org.openhab.core.config.core.dto.@NonNull ConfigDescriptionParameterDTO>' is made accessible using the less-annotated type 'java.util.List<org.openhab.core.config.core.dto.ConfigDescriptionParameterDTO>'
[INFO] /Users/kgoderis/Development/openhab/git/openhab-core/bundles/org.openhab.core.automation/src/main/java/org/openhab/core/automation/dto/RuleTemplateDTOMapper.java:[47,23] Unsafe null type conversion (type annotations): The value of type 'java.util.@NonNull List<org.openhab.core.automation.dto.@NonNull TriggerDTO>' is made accessible using the less-annotated type 'java.util.List<org.openhab.core.automation.dto.TriggerDTO>'
[INFO] /Users/kgoderis/Development/openhab/git/openhab-core/bundles/org.openhab.core.automation/src/main/java/org/openhab/core/automation/dto/RuleTemplateDTOMapper.java:[48,25] Unsafe null type conversion (type annotations): The value of type 'java.util.@NonNull List<org.openhab.core.automation.dto.@NonNull ConditionDTO>' is made accessible using the less-annotated type 'java.util.List<org.openhab.core.automation.dto.ConditionDTO>'
[INFO] /Users/kgoderis/Development/openhab/git/openhab-core/bundles/org.openhab.core.automation/src/main/java/org/openhab/core/automation/dto/RuleTemplateDTOMapper.java:[49,22] Unsafe null type conversion (type annotations): The value of type 'java.util.@NonNull List<org.openhab.core.automation.dto.@NonNull ActionDTO>' is made accessible using the less-annotated type 'java.util.List<org.openhab.core.automation.dto.ActionDTO>'
[INFO] /Users/kgoderis/Development/openhab/git/openhab-core/bundles/org.openhab.core.automation/src/main/java/org/openhab/core/automation/dto/TriggerTypeDTOMapper.java:[40,35] Unsafe null type conversion (type annotations): The value of type 'java.util.@NonNull List<org.openhab.core.automation.dto.@NonNull TriggerDTO>' is made accessible using the less-annotated type 'java.util.List<org.openhab.core.automation.dto.TriggerDTO>'
[INFO] /Users/kgoderis/Development/openhab/git/openhab-core/bundles/org.openhab.core.automation/src/main/java/org/openhab/core/automation/dto/TriggerTypeDTOMapper.java:[74,34] Unsafe null type conversion (type annotations): The value of type 'java.util.@NonNull List<org.openhab.core.automation.type.@NonNull Output>' is made accessible using the less-annotated type 'java.util.List<org.openhab.core.automation.type.Output>'
[WARNING] /Users/kgoderis/Development/openhab/git/openhab-core/bundles/org.openhab.core.automation/src/main/java/org/openhab/core/automation/handler/ActionHandler.java:[19,8] The import org.openhab.core.automation.Action is never used
[WARNING] /Users/kgoderis/Development/openhab/git/openhab-core/bundles/org.openhab.core.automation/src/main/java/org/openhab/core/automation/handler/ActionHandler.java:[20,8] The import org.openhab.core.automation.Rule is never used
[WARNING] /Users/kgoderis/Development/openhab/git/openhab-core/bundles/org.openhab.core.automation/src/main/java/org/openhab/core/automation/handler/ActionHandler.java:[21,8] The import org.openhab.core.automation.Trigger is never used
[WARNING] /Users/kgoderis/Development/openhab/git/openhab-core/bundles/org.openhab.core.automation/src/main/java/org/openhab/core/automation/handler/BaseModuleHandlerFactory.java:[22,8] The import org.openhab.core.automation.Rule is never used
[INFO] /Users/kgoderis/Development/openhab/git/openhab-core/bundles/org.openhab.core.automation/src/main/java/org/openhab/core/automation/handler/BaseModuleHandlerFactory.java:[61,23] At least one of the problems in category 'org.eclipse.jdt.core.compiler.problem.nullUncheckedConversion' is not analysed due to a compiler option being ignored
[WARNING] /Users/kgoderis/Development/openhab/git/openhab-core/bundles/org.openhab.core.automation/src/main/java/org/openhab/core/automation/handler/ConditionHandler.java:[18,8] The import org.openhab.core.automation.Condition is never used
[WARNING] /Users/kgoderis/Development/openhab/git/openhab-core/bundles/org.openhab.core.automation/src/main/java/org/openhab/core/automation/handler/ConditionHandler.java:[19,8] The import org.openhab.core.automation.Rule is never used
[WARNING] /Users/kgoderis/Development/openhab/git/openhab-core/bundles/org.openhab.core.automation/src/main/java/org/openhab/core/automation/handler/ConditionHandler.java:[20,8] The import org.openhab.core.automation.Trigger is never used
[WARNING] /Users/kgoderis/Development/openhab/git/openhab-core/bundles/org.openhab.core.automation/src/main/java/org/openhab/core/automation/handler/ModuleHandlerFactory.java:[20,8] The import org.openhab.core.automation.Rule is never used
[WARNING] /Users/kgoderis/Development/openhab/git/openhab-core/bundles/org.openhab.core.automation/src/main/java/org/openhab/core/automation/handler/TriggerHandlerCallback.java:[20,8] The import org.openhab.core.automation.Rule is never used
[WARNING] /Users/kgoderis/Development/openhab/git/openhab-core/bundles/org.openhab.core.automation/src/main/java/org/openhab/core/automation/handler/TriggerHandlerCallback.java:[22,8] The import org.openhab.core.automation.type.Output is never used
[WARNING] /Users/kgoderis/Development/openhab/git/openhab-core/bundles/org.openhab.core.automation/src/main/java/org/openhab/core/automation/internal/ActionImpl.java:[20,8] The import org.openhab.core.automation.Module is never used
[WARNING] /Users/kgoderis/Development/openhab/git/openhab-core/bundles/org.openhab.core.automation/src/main/java/org/openhab/core/automation/internal/ActionImpl.java:[21,8] The import org.openhab.core.automation.type.Input is never used
[WARNING] /Users/kgoderis/Development/openhab/git/openhab-core/bundles/org.openhab.core.automation/src/main/java/org/openhab/core/automation/internal/ActionImpl.java:[22,8] The import org.openhab.core.automation.type.Output is never used
[WARNING] /Users/kgoderis/Development/openhab/git/openhab-core/bundles/org.openhab.core.automation/src/main/java/org/openhab/core/automation/internal/ConditionImpl.java:[20,8] The import org.openhab.core.automation.Module is never used
[WARNING] /Users/kgoderis/Development/openhab/git/openhab-core/bundles/org.openhab.core.automation/src/main/java/org/openhab/core/automation/internal/ConditionImpl.java:[21,8] The import org.openhab.core.automation.type.Input is never used
[WARNING] /Users/kgoderis/Development/openhab/git/openhab-core/bundles/org.openhab.core.automation/src/main/java/org/openhab/core/automation/internal/ConditionImpl.java:[22,8] The import org.openhab.core.automation.type.Output is never used
[WARNING] /Users/kgoderis/Development/openhab/git/openhab-core/bundles/org.openhab.core.automation/src/main/java/org/openhab/core/automation/internal/Connection.java:[19,8] The import org.openhab.core.automation.Module is never used
[WARNING] /Users/kgoderis/Development/openhab/git/openhab-core/bundles/org.openhab.core.automation/src/main/java/org/openhab/core/automation/internal/Connection.java:[20,8] The import org.openhab.core.automation.Rule is never used
[WARNING] /Users/kgoderis/Development/openhab/git/openhab-core/bundles/org.openhab.core.automation/src/main/java/org/openhab/core/automation/internal/Connection.java:[21,8] The import org.openhab.core.automation.type.Input is never used
[WARNING] /Users/kgoderis/Development/openhab/git/openhab-core/bundles/org.openhab.core.automation/src/main/java/org/openhab/core/automation/internal/Connection.java:[22,8] The import org.openhab.core.automation.type.Output is never used
[WARNING] /Users/kgoderis/Development/openhab/git/openhab-core/bundles/org.openhab.core.automation/src/main/java/org/openhab/core/automation/internal/ConnectionValidator.java:[28,8] The import org.openhab.core.automation.Module is never used
[WARNING] /Users/kgoderis/Development/openhab/git/openhab-core/bundles/org.openhab.core.automation/src/main/java/org/openhab/core/automation/internal/ConnectionValidator.java:[76,90] The nullness annotation is redundant with a default that applies to this location
[WARNING] /Users/kgoderis/Development/openhab/git/openhab-core/bundles/org.openhab.core.automation/src/main/java/org/openhab/core/automation/internal/ConnectionValidator.java:[77,28] The nullness annotation is redundant with a default that applies to this location
[WARNING] /Users/kgoderis/Development/openhab/git/openhab-core/bundles/org.openhab.core.automation/src/main/java/org/openhab/core/automation/internal/ConnectionValidator.java:[77,75] The nullness annotation is redundant with a default that applies to this location
[WARNING] /Users/kgoderis/Development/openhab/git/openhab-core/bundles/org.openhab.core.automation/src/main/java/org/openhab/core/automation/internal/ConnectionValidator.java:[101,28] The nullness annotation is redundant with a default that applies to this location
[WARNING] /Users/kgoderis/Development/openhab/git/openhab-core/bundles/org.openhab.core.automation/src/main/java/org/openhab/core/automation/internal/ConnectionValidator.java:[101,71] The nullness annotation is redundant with a default that applies to this location
[WARNING] /Users/kgoderis/Development/openhab/git/openhab-core/bundles/org.openhab.core.automation/src/main/java/org/openhab/core/automation/internal/ConnectionValidator.java:[145,28] The nullness annotation is redundant with a default that applies to this location
[WARNING] /Users/kgoderis/Development/openhab/git/openhab-core/bundles/org.openhab.core.automation/src/main/java/org/openhab/core/automation/internal/ConnectionValidator.java:[145,71] The nullness annotation is redundant with a default that applies to this location
[WARNING] /Users/kgoderis/Development/openhab/git/openhab-core/bundles/org.openhab.core.automation/src/main/java/org/openhab/core/automation/internal/ConnectionValidator.java:[175,28] The nullness annotation is redundant with a default that applies to this location
[WARNING] /Users/kgoderis/Development/openhab/git/openhab-core/bundles/org.openhab.core.automation/src/main/java/org/openhab/core/automation/internal/ConnectionValidator.java:[218,28] The nullness annotation is redundant with a default that applies to this location
[WARNING] /Users/kgoderis/Development/openhab/git/openhab-core/bundles/org.openhab.core.automation/src/main/java/org/openhab/core/automation/internal/ModuleImpl.java:[18,8] The import org.openhab.core.automation.Rule is never used
[WARNING] /Users/kgoderis/Development/openhab/git/openhab-core/bundles/org.openhab.core.automation/src/main/java/org/openhab/core/automation/internal/ModuleImpl.java:[19,8] The import org.openhab.core.automation.type.Input is never used
[WARNING] /Users/kgoderis/Development/openhab/git/openhab-core/bundles/org.openhab.core.automation/src/main/java/org/openhab/core/automation/internal/ModuleImpl.java:[20,8] The import org.openhab.core.automation.type.ModuleType is never used
[WARNING] /Users/kgoderis/Development/openhab/git/openhab-core/bundles/org.openhab.core.automation/src/main/java/org/openhab/core/automation/internal/ModuleImpl.java:[21,8] The import org.openhab.core.automation.type.Output is never used
[WARNING] /Users/kgoderis/Development/openhab/git/openhab-core/bundles/org.openhab.core.automation/src/main/java/org/openhab/core/automation/internal/ModuleImpl.java:[22,8] The import org.openhab.core.config.core.ConfigDescriptionParameter is never used
[WARNING] /Users/kgoderis/Development/openhab/git/openhab-core/bundles/org.openhab.core.automation/src/main/java/org/openhab/core/automation/internal/RuleEngineImpl.java:[50,8] The import org.openhab.core.automation.events.RuleStatusInfoEvent is never used
[WARNING] /Users/kgoderis/Development/openhab/git/openhab-core/bundles/org.openhab.core.automation/src/main/java/org/openhab/core/automation/internal/RuleEngineImpl.java:[317,13] Potential null pointer access: this expression has a '@Nullable' type
[WARNING] /Users/kgoderis/Development/openhab/git/openhab-core/bundles/org.openhab.core.automation/src/main/java/org/openhab/core/automation/internal/RuleEngineImpl.java:[536,17] Potential null pointer access: The variable ep may be null at this location
[WARNING] /Users/kgoderis/Development/openhab/git/openhab-core/bundles/org.openhab.core.automation/src/main/java/org/openhab/core/automation/internal/RuleEngineImpl.java:[1164,34] Null type safety: required '@NonNull' but this expression has type 'capture#26-of ?', a free type variable that may represent a '@Nullable' type
[WARNING] /Users/kgoderis/Development/openhab/git/openhab-core/bundles/org.openhab.core.automation/src/main/java/org/openhab/core/automation/internal/RuleImpl.java:[28,8] The import org.openhab.core.automation.RuleRegistry is never used
[WARNING] /Users/kgoderis/Development/openhab/git/openhab-core/bundles/org.openhab.core.automation/src/main/java/org/openhab/core/automation/internal/RuleImpl.java:[31,8] The import org.openhab.core.automation.template.RuleTemplate is never used
[WARNING] /Users/kgoderis/Development/openhab/git/openhab-core/bundles/org.openhab.core.automation/src/main/java/org/openhab/core/automation/internal/RuleRegistryImpl.java:[53,8] The import org.openhab.core.storage.StorageService is never used
[WARNING] /Users/kgoderis/Development/openhab/git/openhab-core/bundles/org.openhab.core.automation/src/main/java/org/openhab/core/automation/internal/RuleRegistryImpl.java:[441,13] Redundant null check: comparing '@NonNull Rule' against null
[INFO] /Users/kgoderis/Development/openhab/git/openhab-core/bundles/org.openhab.core.automation/src/main/java/org/openhab/core/automation/internal/RuleRegistryImpl.java:[489,65] Unsafe null type conversion (type annotations): The value of type 'java.util.List<org.openhab.core.config.core.@NonNull ConfigDescriptionParameter>' is made accessible using the less-annotated type 'java.util.List<org.openhab.core.config.core.ConfigDescriptionParameter>'
[WARNING] /Users/kgoderis/Development/openhab/git/openhab-core/bundles/org.openhab.core.automation/src/main/java/org/openhab/core/automation/internal/RuleRegistryImpl.java:[511,13] Redundant null check: comparing '@NonNull Map<@NonNull String,@NonNull Object>' against null
[WARNING] /Users/kgoderis/Development/openhab/git/openhab-core/bundles/org.openhab.core.automation/src/main/java/org/openhab/core/automation/internal/RuleRegistryImpl.java:[550,13] Redundant null check: comparing '@NonNull List<@NonNull ConfigDescriptionParameter>' against null
[WARNING] /Users/kgoderis/Development/openhab/git/openhab-core/bundles/org.openhab.core.automation/src/main/java/org/openhab/core/automation/internal/RuleRegistryImpl.java:[622,13] Redundant null check: comparing '@NonNull List<capture#of ? extends @NonNull Module>' against null
[WARNING] /Users/kgoderis/Development/openhab/git/openhab-core/bundles/org.openhab.core.automation/src/main/java/org/openhab/core/automation/internal/commands/AbstractCommandProvider.java:[31,8] The import org.openhab.core.automation.template.TemplateProvider is never used
[WARNING] /Users/kgoderis/Development/openhab/git/openhab-core/bundles/org.openhab.core.automation/src/main/java/org/openhab/core/automation/internal/commands/AbstractCommandProvider.java:[32,8] The import org.openhab.core.automation.type.ModuleTypeProvider is never used
[WARNING] /Users/kgoderis/Development/openhab/git/openhab-core/bundles/org.openhab.core.automation/src/main/java/org/openhab/core/automation/internal/commands/AbstractCommandProvider.java:[131,31] Potential null pointer access: this expression has a '@Nullable' type
[WARNING] /Users/kgoderis/Development/openhab/git/openhab-core/bundles/org.openhab.core.automation/src/main/java/org/openhab/core/automation/internal/commands/AbstractCommandProvider.java:[154,31] Potential null pointer access: this expression has a '@Nullable' type
[INFO] /Users/kgoderis/Development/openhab/git/openhab-core/bundles/org.openhab.core.automation/src/main/java/org/openhab/core/automation/internal/commands/AutomationCommandList.java:[146,39] Unsafe null type conversion (type annotations): The value of type 'java.util.@NonNull Collection<org.openhab.core.automation.@NonNull Rule>' is made accessible using the less-annotated type 'java.util.Collection<org.openhab.core.automation.Rule>'
[WARNING] /Users/kgoderis/Development/openhab/git/openhab-core/bundles/org.openhab.core.automation/src/main/java/org/openhab/core/automation/internal/commands/AutomationCommandList.java:[149,13] Redundant null check: The variable collection cannot be null at this location
[INFO] /Users/kgoderis/Development/openhab/git/openhab-core/bundles/org.openhab.core.automation/src/main/java/org/openhab/core/automation/internal/commands/AutomationCommandList.java:[153,25] Unsafe null type conversion (type annotations): The value of type 'java.util.@NonNull Map<java.lang.@NonNull String,java.lang.@NonNull String>' is made accessible using the less-annotated type 'java.util.Map<java.lang.String,java.lang.String>'
[INFO] /Users/kgoderis/Development/openhab/git/openhab-core/bundles/org.openhab.core.automation/src/main/java/org/openhab/core/automation/internal/commands/AutomationCommandList.java:[173,33] Unsafe null type conversion (type annotations): The value of type 'java.util.@NonNull Map<java.lang.@NonNull String,java.lang.@NonNull String>' is made accessible using the less-annotated type 'java.util.Map<java.lang.String,java.lang.String>'
[INFO] /Users/kgoderis/Development/openhab/git/openhab-core/bundles/org.openhab.core.automation/src/main/java/org/openhab/core/automation/internal/commands/AutomationCommandList.java:[188,47] Unsafe null type conversion (type annotations): The value of type 'java.util.@NonNull Collection<org.openhab.core.automation.template.@NonNull RuleTemplate>' is made accessible using the less-annotated type 'java.util.Collection<org.openhab.core.automation.template.RuleTemplate>'
[WARNING] /Users/kgoderis/Development/openhab/git/openhab-core/bundles/org.openhab.core.automation/src/main/java/org/openhab/core/automation/internal/commands/AutomationCommandList.java:[191,13] Redundant null check: The variable collection cannot be null at this location
[INFO] /Users/kgoderis/Development/openhab/git/openhab-core/bundles/org.openhab.core.automation/src/main/java/org/openhab/core/automation/internal/commands/AutomationCommandList.java:[195,29] Unsafe null type conversion (type annotations): The value of type 'java.util.@NonNull Map<java.lang.@NonNull String,java.lang.@NonNull String>' is made accessible using the less-annotated type 'java.util.Map<java.lang.String,java.lang.String>'
[INFO] /Users/kgoderis/Development/openhab/git/openhab-core/bundles/org.openhab.core.automation/src/main/java/org/openhab/core/automation/internal/commands/AutomationCommandList.java:[214,37] Unsafe null type conversion (type annotations): The value of type 'java.util.@NonNull Map<java.lang.@NonNull String,java.lang.@NonNull String>' is made accessible using the less-annotated type 'java.util.Map<java.lang.String,java.lang.String>'
[WARNING] /Users/kgoderis/Development/openhab/git/openhab-core/bundles/org.openhab.core.automation/src/main/java/org/openhab/core/automation/internal/commands/AutomationCommandList.java:[217,17] Redundant null check: The variable listTemplates cannot be null at this location
[INFO] /Users/kgoderis/Development/openhab/git/openhab-core/bundles/org.openhab.core.automation/src/main/java/org/openhab/core/automation/internal/commands/AutomationCommandList.java:[242,31] Unsafe null type conversion (type annotations): The value of type 'java.util.@NonNull Map<java.lang.@NonNull String,java.lang.@NonNull String>' is made accessible using the less-annotated type 'java.util.Map<java.lang.String,java.lang.String>'
[INFO] /Users/kgoderis/Development/openhab/git/openhab-core/bundles/org.openhab.core.automation/src/main/java/org/openhab/core/automation/internal/commands/AutomationCommandList.java:[261,39] Unsafe null type conversion (type annotations): The value of type 'java.util.@NonNull Map<java.lang.@NonNull String,java.lang.@NonNull String>' is made accessible using the less-annotated type 'java.util.Map<java.lang.String,java.lang.String>'
[WARNING] /Users/kgoderis/Development/openhab/git/openhab-core/bundles/org.openhab.core.automation/src/main/java/org/openhab/core/automation/internal/commands/AutomationCommandRemove.java:[23,8] The import org.openhab.core.automation.Rule is never used
[WARNING] /Users/kgoderis/Development/openhab/git/openhab-core/bundles/org.openhab.core.automation/src/main/java/org/openhab/core/automation/internal/commands/AutomationCommands.java:[16,8] The import java.io.IOException is never used
[WARNING] /Users/kgoderis/Development/openhab/git/openhab-core/bundles/org.openhab.core.automation/src/main/java/org/openhab/core/automation/internal/commands/AutomationCommands.java:[27,8] The import org.openhab.core.automation.parser.ParsingException is never used
[WARNING] /Users/kgoderis/Development/openhab/git/openhab-core/bundles/org.openhab.core.automation/src/main/java/org/openhab/core/automation/internal/commands/AutomationCommands.java:[31,8] The import org.openhab.core.automation.type.ActionType is never used
[WARNING] /Users/kgoderis/Development/openhab/git/openhab-core/bundles/org.openhab.core.automation/src/main/java/org/openhab/core/automation/internal/commands/AutomationCommands.java:[32,8] The import org.openhab.core.automation.type.ConditionType is never used
[WARNING] /Users/kgoderis/Development/openhab/git/openhab-core/bundles/org.openhab.core.automation/src/main/java/org/openhab/core/automation/internal/commands/AutomationCommands.java:[35,8] The import org.openhab.core.automation.type.TriggerType is never used
[WARNING] /Users/kgoderis/Development/openhab/git/openhab-core/bundles/org.openhab.core.automation/src/main/java/org/openhab/core/automation/internal/commands/CommandlineModuleTypeProvider.java:[33,8] The import org.openhab.core.automation.template.TemplateProvider is never used
[WARNING] /Users/kgoderis/Development/openhab/git/openhab-core/bundles/org.openhab.core.automation/src/main/java/org/openhab/core/automation/internal/commands/CommandlineModuleTypeProvider.java:[176,13] Potential null pointer access: this expression has a '@Nullable' type
[WARNING] /Users/kgoderis/Development/openhab/git/openhab-core/bundles/org.openhab.core.automation/src/main/java/org/openhab/core/automation/internal/commands/CommandlineModuleTypeProvider.java:[186,13] Redundant null check: The variable providedObjects cannot be null at this location
[WARNING] /Users/kgoderis/Development/openhab/git/openhab-core/bundles/org.openhab.core.automation/src/main/java/org/openhab/core/automation/internal/commands/CommandlineModuleTypeProvider.java:[221,18] Redundant null check: comparing '@NonNull ModuleTypeRegistry' against null
[WARNING] /Users/kgoderis/Development/openhab/git/openhab-core/bundles/org.openhab.core.automation/src/main/java/org/openhab/core/automation/internal/commands/CommandlineModuleTypeProvider.java:[221,46] Dead code
[WARNING] /Users/kgoderis/Development/openhab/git/openhab-core/bundles/org.openhab.core.automation/src/main/java/org/openhab/core/automation/internal/commands/CommandlineRuleImporter.java:[120,13] Redundant null check: The variable providedRules cannot be null at this location
[WARNING] /Users/kgoderis/Development/openhab/git/openhab-core/bundles/org.openhab.core.automation/src/main/java/org/openhab/core/automation/internal/commands/CommandlineRuleImporter.java:[122,21] Redundant null check: The variable rule cannot be null at this location
[WARNING] /Users/kgoderis/Development/openhab/git/openhab-core/bundles/org.openhab.core.automation/src/main/java/org/openhab/core/automation/internal/commands/CommandlineTemplateProvider.java:[34,8] The import org.openhab.core.automation.template.Template is never used
[WARNING] /Users/kgoderis/Development/openhab/git/openhab-core/bundles/org.openhab.core.automation/src/main/java/org/openhab/core/automation/internal/commands/CommandlineTemplateProvider.java:[35,8] The import org.openhab.core.automation.template.TemplateProvider is never used
[WARNING] /Users/kgoderis/Development/openhab/git/openhab-core/bundles/org.openhab.core.automation/src/main/java/org/openhab/core/automation/internal/commands/CommandlineTemplateProvider.java:[37,8] The import org.openhab.core.automation.type.ModuleType is never used
[WARNING] /Users/kgoderis/Development/openhab/git/openhab-core/bundles/org.openhab.core.automation/src/main/java/org/openhab/core/automation/internal/commands/CommandlineTemplateProvider.java:[38,8] The import org.openhab.core.automation.type.ModuleTypeProvider is never used
[WARNING] /Users/kgoderis/Development/openhab/git/openhab-core/bundles/org.openhab.core.automation/src/main/java/org/openhab/core/automation/internal/commands/CommandlineTemplateProvider.java:[170,13] Potential null pointer access: this expression has a '@Nullable' type
[WARNING] /Users/kgoderis/Development/openhab/git/openhab-core/bundles/org.openhab.core.automation/src/main/java/org/openhab/core/automation/internal/commands/CommandlineTemplateProvider.java:[180,13] Redundant null check: The variable providedObjects cannot be null at this location
[WARNING] /Users/kgoderis/Development/openhab/git/openhab-core/bundles/org.openhab.core.automation/src/main/java/org/openhab/core/automation/internal/commands/CommandlineTemplateProvider.java:[214,13] Redundant null check: comparing '@NonNull TemplateRegistry<@NonNull RuleTemplate>' against null
[WARNING] /Users/kgoderis/Development/openhab/git/openhab-core/bundles/org.openhab.core.automation/src/main/java/org/openhab/core/automation/internal/commands/CommandlineTemplateProvider.java:[214,39] Dead code
[WARNING] /Users/kgoderis/Development/openhab/git/openhab-core/bundles/org.openhab.core.automation/src/main/java/org/openhab/core/automation/internal/commands/Printer.java:[114,37] Potential null pointer access: The variable rule may be null at this location
[WARNING] /Users/kgoderis/Development/openhab/git/openhab-core/bundles/org.openhab.core.automation/src/main/java/org/openhab/core/automation/internal/commands/Printer.java:[115,37] Potential null pointer access: The method getRuleStatus(String) may return null
[INFO] /Users/kgoderis/Development/openhab/git/openhab-core/bundles/org.openhab.core.automation/src/main/java/org/openhab/core/automation/internal/commands/Printer.java:[186,43] Unsafe null type conversion (type annotations): The value of type 'java.util.@NonNull Set<java.lang.@NonNull String>' is made accessible using the less-annotated type 'java.util.Set<java.lang.String>'
[INFO] /Users/kgoderis/Development/openhab/git/openhab-core/bundles/org.openhab.core.automation/src/main/java/org/openhab/core/automation/internal/commands/Printer.java:[192,52] Unsafe null type conversion (type annotations): The value of type 'java.util.@NonNull List<org.openhab.core.config.core.@NonNull ConfigDescriptionParameter>' is made accessible using the less-annotated type 'java.util.List<org.openhab.core.config.core.ConfigDescriptionParameter>'
[INFO] /Users/kgoderis/Development/openhab/git/openhab-core/bundles/org.openhab.core.automation/src/main/java/org/openhab/core/automation/internal/commands/Printer.java:[232,47] Unsafe null type conversion (type annotations): The value of type 'java.util.@NonNull Set<java.lang.@NonNull String>' is made accessible using the less-annotated type 'java.util.Set<java.lang.String>'
[INFO] /Users/kgoderis/Development/openhab/git/openhab-core/bundles/org.openhab.core.automation/src/main/java/org/openhab/core/automation/internal/commands/Printer.java:[236,56] Unsafe null type conversion (type annotations): The value of type 'java.util.@NonNull List<org.openhab.core.config.core.@NonNull ConfigDescriptionParameter>' is made accessible using the less-annotated type 'java.util.List<org.openhab.core.config.core.ConfigDescriptionParameter>'
[INFO] /Users/kgoderis/Development/openhab/git/openhab-core/bundles/org.openhab.core.automation/src/main/java/org/openhab/core/automation/internal/commands/Printer.java:[276,49] Unsafe null type conversion (type annotations): The value of type 'java.util.@NonNull Set<java.lang.@NonNull String>' is made accessible using the less-annotated type 'java.util.Set<java.lang.String>'
[INFO] /Users/kgoderis/Development/openhab/git/openhab-core/bundles/org.openhab.core.automation/src/main/java/org/openhab/core/automation/internal/commands/Printer.java:[280,52] Unsafe null type conversion (type annotations): The value of type 'java.util.@NonNull List<org.openhab.core.config.core.@NonNull ConfigDescriptionParameter>' is made accessible using the less-annotated type 'java.util.List<org.openhab.core.config.core.ConfigDescriptionParameter>'
[INFO] /Users/kgoderis/Development/openhab/git/openhab-core/bundles/org.openhab.core.automation/src/main/java/org/openhab/core/automation/internal/commands/Printer.java:[314,28] Unsafe null type conversion (type annotations): The value of type 'java.util.@NonNull List<java.lang.@NonNull String>' is made accessible using the less-annotated type 'java.util.List<java.lang.String>'
[WARNING] /Users/kgoderis/Development/openhab/git/openhab-core/bundles/org.openhab.core.automation/src/main/java/org/openhab/core/automation/internal/commands/Printer.java:[374,35] Potential null pointer access: this expression has type 'capture#5-of ?', a free type variable that may represent a '@Nullable' type
[INFO] /Users/kgoderis/Development/openhab/git/openhab-core/bundles/org.openhab.core.automation/src/main/java/org/openhab/core/automation/internal/commands/Printer.java:[398,38] Unsafe null type conversion (type annotations): The value of type 'java.util.@NonNull ArrayList<java.lang.@NonNull String>' is made accessible using the less-annotated type 'java.util.List<java.lang.String>', corresponding supertype is 'java.util.List<java.lang.@NonNull String>'
[INFO] /Users/kgoderis/Development/openhab/git/openhab-core/bundles/org.openhab.core.automation/src/main/java/org/openhab/core/automation/internal/commands/Printer.java:[425,22] Unsafe null type conversion (type annotations): The value of type 'java.util.@NonNull Map<java.lang.@NonNull String,java.lang.@NonNull String>' is made accessible using the less-annotated type 'java.util.Map<java.lang.String,java.lang.String>'
[INFO] /Users/kgoderis/Development/openhab/git/openhab-core/bundles/org.openhab.core.automation/src/main/java/org/openhab/core/automation/internal/commands/Printer.java:[428,22] Unsafe null type conversion (type annotations): The value of type 'java.util.@NonNull Map<java.lang.@NonNull String,java.lang.@NonNull String>' is made accessible using the less-annotated type 'java.util.Map<java.lang.String,java.lang.String>'
[WARNING] /Users/kgoderis/Development/openhab/git/openhab-core/bundles/org.openhab.core.automation/src/main/java/org/openhab/core/automation/internal/commands/Printer.java:[502,48] Potential null pointer access: The method getStepSize() may return null
[WARNING] /Users/kgoderis/Development/openhab/git/openhab-core/bundles/org.openhab.core.automation/src/main/java/org/openhab/core/automation/internal/commands/Printer.java:[507,48] Potential null pointer access: The method getMinimum() may return null
[WARNING] /Users/kgoderis/Development/openhab/git/openhab-core/bundles/org.openhab.core.automation/src/main/java/org/openhab/core/automation/internal/commands/Printer.java:[512,48] Potential null pointer access: The method getMaximum() may return null
[WARNING] /Users/kgoderis/Development/openhab/git/openhab-core/bundles/org.openhab.core.automation/src/main/java/org/openhab/core/automation/internal/composite/AbstractCompositeModuleHandler.java:[22,8] The import org.openhab.core.automation.Action is never used
[WARNING] /Users/kgoderis/Development/openhab/git/openhab-core/bundles/org.openhab.core.automation/src/main/java/org/openhab/core/automation/internal/composite/AbstractCompositeModuleHandler.java:[23,8] The import org.openhab.core.automation.Condition is never used
[WARNING] /Users/kgoderis/Development/openhab/git/openhab-core/bundles/org.openhab.core.automation/src/main/java/org/openhab/core/automation/internal/composite/AbstractCompositeModuleHandler.java:[26,8] The import org.openhab.core.automation.Trigger is never used
[WARNING] /Users/kgoderis/Development/openhab/git/openhab-core/bundles/org.openhab.core.automation/src/main/java/org/openhab/core/automation/internal/composite/AbstractCompositeModuleHandler.java:[27,8] The import org.openhab.core.automation.handler.ActionHandler is never used
[WARNING] /Users/kgoderis/Development/openhab/git/openhab-core/bundles/org.openhab.core.automation/src/main/java/org/openhab/core/automation/internal/composite/AbstractCompositeModuleHandler.java:[28,8] The import org.openhab.core.automation.handler.ConditionHandler is never used
[WARNING] /Users/kgoderis/Development/openhab/git/openhab-core/bundles/org.openhab.core.automation/src/main/java/org/openhab/core/automation/internal/composite/AbstractCompositeModuleHandler.java:[30,8] The import org.openhab.core.automation.handler.TriggerHandler is never used
[WARNING] /Users/kgoderis/Development/openhab/git/openhab-core/bundles/org.openhab.core.automation/src/main/java/org/openhab/core/automation/internal/composite/AbstractCompositeModuleHandler.java:[31,8] The import org.openhab.core.automation.type.ActionType is never used
[WARNING] /Users/kgoderis/Development/openhab/git/openhab-core/bundles/org.openhab.core.automation/src/main/java/org/openhab/core/automation/internal/composite/AbstractCompositeModuleHandler.java:[32,8] The import org.openhab.core.automation.type.ConditionType is never used
[WARNING] /Users/kgoderis/Development/openhab/git/openhab-core/bundles/org.openhab.core.automation/src/main/java/org/openhab/core/automation/internal/composite/AbstractCompositeModuleHandler.java:[34,8] The import org.openhab.core.automation.type.TriggerType is never used
[INFO] /Users/kgoderis/Development/openhab/git/openhab-core/bundles/org.openhab.core.automation/src/main/java/org/openhab/core/automation/internal/composite/AbstractCompositeModuleHandler.java:[97,66] Unsafe null type conversion (type annotations): The value of type 'java.util.@NonNull Map<java.lang.@NonNull String,capture#of ?>' is made accessible using the less-annotated type 'java.util.Map<java.lang.String,?>'
[WARNING] /Users/kgoderis/Development/openhab/git/openhab-core/bundles/org.openhab.core.automation/src/main/java/org/openhab/core/automation/internal/composite/CompositeConditionHandler.java:[55,35] Potential null pointer access: The variable childHandler may be null at this location
[WARNING] /Users/kgoderis/Development/openhab/git/openhab-core/bundles/org.openhab.core.automation/src/main/java/org/openhab/core/automation/internal/composite/CompositeModuleHandlerFactory.java:[19,8] The import java.util.Map is never used
[WARNING] /Users/kgoderis/Development/openhab/git/openhab-core/bundles/org.openhab.core.automation/src/main/java/org/openhab/core/automation/internal/module/factory/CoreModuleHandlerFactory.java:[82,37] The value of the field org.openhab.core.automation.internal.module.factory.CoreModuleHandlerFactory.startLevelService is not used
[WARNING] /Users/kgoderis/Development/openhab/git/openhab-core/bundles/org.openhab.core.automation/src/main/java/org/openhab/core/automation/internal/module/handler/GenericCronTriggerHandler.java:[84,13] Potential null pointer access: this expression has a '@Nullable' type
[WARNING] /Users/kgoderis/Development/openhab/git/openhab-core/bundles/org.openhab.core.automation/src/main/java/org/openhab/core/automation/internal/module/handler/GenericCronTriggerHandler.java:[95,39] Potential null pointer access: this expression has a '@Nullable' type
[WARNING] /Users/kgoderis/Development/openhab/git/openhab-core/bundles/org.openhab.core.automation/src/main/java/org/openhab/core/automation/internal/module/handler/GenericEventTriggerHandler.java:[123,13] Potential null pointer access: this expression has a '@Nullable' type
[WARNING] /Users/kgoderis/Development/openhab/git/openhab-core/bundles/org.openhab.core.automation/src/main/java/org/openhab/core/automation/internal/module/handler/GenericEventTriggerHandler.java:[133,42] Potential null pointer access: this expression has a '@Nullable' type
[WARNING] /Users/kgoderis/Development/openhab/git/openhab-core/bundles/org.openhab.core.automation/src/main/java/org/openhab/core/automation/internal/module/handler/IntervalConditionHandler.java:[56,55] Potential null pointer access: this expression has a '@Nullable' type
[WARNING] /Users/kgoderis/Development/openhab/git/openhab-core/bundles/org.openhab.core.automation/src/main/java/org/openhab/core/automation/internal/module/handler/ItemStateConditionHandler.java:[127,50] Redundant null check: comparing '@NonNull String' against null
[WARNING] /Users/kgoderis/Development/openhab/git/openhab-core/bundles/org.openhab.core.automation/src/main/java/org/openhab/core/automation/internal/module/handler/ItemStateConditionHandler.java:[238,41] Type safety: The constructor org.openhab.core.library.types.QuantityType(java.lang.Number, javax.measure.Unit) belongs to the raw type org.openhab.core.library.types.QuantityType. References to generic type org.openhab.core.library.types.QuantityType<T> should be parameterized
[WARNING] /Users/kgoderis/Development/openhab/git/openhab-core/bundles/org.openhab.core.automation/src/main/java/org/openhab/core/automation/internal/module/handler/ItemStateTriggerHandler.java:[179,13] Potential null pointer access: this expression has a '@Nullable' type
[WARNING] /Users/kgoderis/Development/openhab/git/openhab-core/bundles/org.openhab.core.automation/src/main/java/org/openhab/core/automation/internal/module/handler/RuleEnablementActionHandler.java:[21,8] The import org.openhab.core.automation.RuleRegistry is never used
[WARNING] /Users/kgoderis/Development/openhab/git/openhab-core/bundles/org.openhab.core.automation/src/main/java/org/openhab/core/automation/internal/module/handler/RuleEnablementActionHandler.java:[91,13] Redundant null check: comparing '@NonNull List<@NonNull String>' against null
[WARNING] /Users/kgoderis/Development/openhab/git/openhab-core/bundles/org.openhab.core.automation/src/main/java/org/openhab/core/automation/internal/module/handler/RuleEnablementActionHandler.java:[91,27] Dead code
[WARNING] /Users/kgoderis/Development/openhab/git/openhab-core/bundles/org.openhab.core.automation/src/main/java/org/openhab/core/automation/internal/module/handler/RuleEnablementActionHandler.java:[100,17] Potential null pointer access: this expression has a '@Nullable' type
[WARNING] /Users/kgoderis/Development/openhab/git/openhab-core/bundles/org.openhab.core.automation/src/main/java/org/openhab/core/automation/internal/module/handler/RunRuleActionHandler.java:[87,13] Redundant null check: comparing '@NonNull List<@NonNull String>' against null
[WARNING] /Users/kgoderis/Development/openhab/git/openhab-core/bundles/org.openhab.core.automation/src/main/java/org/openhab/core/automation/internal/module/handler/RunRuleActionHandler.java:[87,31] Dead code
[WARNING] /Users/kgoderis/Development/openhab/git/openhab-core/bundles/org.openhab.core.automation/src/main/java/org/openhab/core/automation/internal/module/handler/RunRuleActionHandler.java:[106,17] Potential null pointer access: this expression has a '@Nullable' type
[WARNING] /Users/kgoderis/Development/openhab/git/openhab-core/bundles/org.openhab.core.automation/src/main/java/org/openhab/core/automation/internal/module/handler/TimeOfDayTriggerHandler.java:[93,39] Potential null pointer access: this expression has a '@Nullable' type
[WARNING] /Users/kgoderis/Development/openhab/git/openhab-core/bundles/org.openhab.core.automation/src/main/java/org/openhab/core/automation/internal/module/handler/TimeOfDayTriggerHandler.java:[103,13] Potential null pointer access: this expression has a '@Nullable' type
[WARNING] /Users/kgoderis/Development/openhab/git/openhab-core/bundles/org.openhab.core.automation/src/main/java/org/openhab/core/automation/internal/module/provider/AnnotatedActionModuleTypeProvider.java:[149,17] Potential null pointer access: The variable availableModuleConfigs may be null at this location
[WARNING] /Users/kgoderis/Development/openhab/git/openhab-core/bundles/org.openhab.core.automation/src/main/java/org/openhab/core/automation/internal/parser/gson/ActionInstanceCreator.java:[18,8] The import org.openhab.core.automation.type.ActionType is never used
[WARNING] /Users/kgoderis/Development/openhab/git/openhab-core/bundles/org.openhab.core.automation/src/main/java/org/openhab/core/automation/internal/parser/gson/ConditionInstanceCreator.java:[19,8] The import org.openhab.core.automation.type.ConditionType is never used
[WARNING] /Users/kgoderis/Development/openhab/git/openhab-core/bundles/org.openhab.core.automation/src/main/java/org/openhab/core/automation/internal/parser/gson/TriggerInstanceCreator.java:[19,8] The import org.openhab.core.automation.type.TriggerType is never used
[INFO] /Users/kgoderis/Development/openhab/git/openhab-core/bundles/org.openhab.core.automation/src/main/java/org/openhab/core/automation/internal/parser/jackson/TemplateYAMLParser.java:[48,54] Unsafe interpretation of method return type as '@NonNull' based on substitution 'T=java.util.@NonNull List<org.openhab.core.automation.dto.@NonNull RuleTemplateDTO>'. Declaring type 'com.fasterxml.jackson.databind.ObjectMapper' doesn't seem to be designed with null type annotations in mind
[INFO] /Users/kgoderis/Development/openhab/git/openhab-core/bundles/org.openhab.core.automation/src/main/java/org/openhab/core/automation/internal/parser/jackson/TemplateYAMLParser.java:[55,47] Unsafe interpretation of method return type as '@NonNull' based on substitution 'T=org.openhab.core.automation.dto.@NonNull RuleTemplateDTO'. Declaring type 'com.fasterxml.jackson.databind.ObjectMapper' doesn't seem to be designed with null type annotations in mind
[WARNING] /Users/kgoderis/Development/openhab/git/openhab-core/bundles/org.openhab.core.automation/src/main/java/org/openhab/core/automation/internal/provider/AbstractResourceBundleProvider.java:[36,8] The import org.openhab.core.automation.Rule is never used
[WARNING] /Users/kgoderis/Development/openhab/git/openhab-core/bundles/org.openhab.core.automation/src/main/java/org/openhab/core/automation/internal/provider/AbstractResourceBundleProvider.java:[39,8] The import org.openhab.core.automation.template.RuleTemplate is never used
[WARNING] /Users/kgoderis/Development/openhab/git/openhab-core/bundles/org.openhab.core.automation/src/main/java/org/openhab/core/automation/internal/provider/AbstractResourceBundleProvider.java:[40,8] The import org.openhab.core.automation.template.Template is never used
[WARNING] /Users/kgoderis/Development/openhab/git/openhab-core/bundles/org.openhab.core.automation/src/main/java/org/openhab/core/automation/internal/provider/AbstractResourceBundleProvider.java:[41,8] The import org.openhab.core.automation.template.TemplateProvider is never used
[WARNING] /Users/kgoderis/Development/openhab/git/openhab-core/bundles/org.openhab.core.automation/src/main/java/org/openhab/core/automation/internal/provider/AbstractResourceBundleProvider.java:[42,8] The import org.openhab.core.automation.type.ModuleType is never used
[WARNING] /Users/kgoderis/Development/openhab/git/openhab-core/bundles/org.openhab.core.automation/src/main/java/org/openhab/core/automation/internal/provider/AbstractResourceBundleProvider.java:[43,8] The import org.openhab.core.automation.type.ModuleTypeProvider is never used
[WARNING] /Users/kgoderis/Development/openhab/git/openhab-core/bundles/org.openhab.core.automation/src/main/java/org/openhab/core/automation/internal/provider/AbstractResourceBundleProvider.java:[50,8] The import org.osgi.util.tracker.BundleTrackerCustomizer is never used
[INFO] /Users/kgoderis/Development/openhab/git/openhab-core/bundles/org.openhab.core.automation/src/main/java/org/openhab/core/automation/internal/provider/AbstractResourceBundleProvider.java:[244,27] Unsafe interpretation of method return type as '@NonNull' based on the receiver type 'java.util.Enumeration<java.net.@NonNull URL>'. Type 'java.util.Enumeration<E>' doesn't seem to be designed with null type annotations in mind
[WARNING] /Users/kgoderis/Development/openhab/git/openhab-core/bundles/org.openhab.core.automation/src/main/java/org/openhab/core/automation/internal/provider/AutomationResourceBundlesEventQueue.java:[22,8] The import org.openhab.core.automation.Rule is never used
[WARNING] /Users/kgoderis/Development/openhab/git/openhab-core/bundles/org.openhab.core.automation/src/main/java/org/openhab/core/automation/internal/provider/AutomationResourceBundlesEventQueue.java:[23,8] The import org.openhab.core.automation.template.TemplateProvider is never used
[WARNING] /Users/kgoderis/Development/openhab/git/openhab-core/bundles/org.openhab.core.automation/src/main/java/org/openhab/core/automation/internal/provider/AutomationResourceBundlesEventQueue.java:[24,8] The import org.openhab.core.automation.type.ModuleTypeProvider is never used
[WARNING] /Users/kgoderis/Development/openhab/git/openhab-core/bundles/org.openhab.core.automation/src/main/java/org/openhab/core/automation/internal/provider/AutomationResourceBundlesEventQueue.java:[189,17] Potential null pointer access: this expression has a '@Nullable' type
[WARNING] /Users/kgoderis/Development/openhab/git/openhab-core/bundles/org.openhab.core.automation/src/main/java/org/openhab/core/automation/internal/provider/AutomationResourceBundlesEventQueue.java:[245,17] Potential null pointer access: this expression has a '@Nullable' type
[WARNING] /Users/kgoderis/Development/openhab/git/openhab-core/bundles/org.openhab.core.automation/src/main/java/org/openhab/core/automation/internal/provider/AutomationResourceBundlesTracker.java:[24,8] The import org.openhab.core.automation.template.Template is never used
[WARNING] /Users/kgoderis/Development/openhab/git/openhab-core/bundles/org.openhab.core.automation/src/main/java/org/openhab/core/automation/internal/provider/AutomationResourceBundlesTracker.java:[25,8] The import org.openhab.core.automation.type.ModuleType is never used
[INFO] /Users/kgoderis/Development/openhab/git/openhab-core/bundles/org.openhab.core.automation/src/main/java/org/openhab/core/automation/internal/provider/HostFragmentMappingUtil.java:[40,16] Unsafe null type conversion (type annotations): The value of type 'java.util.@NonNull Set<java.util.Map.@NonNull Entry<org.osgi.framework.Bundle,java.util.List<org.osgi.framework.Bundle>>>' is made accessible using the less-annotated type 'java.util.Set<java.util.Map.Entry<org.osgi.framework.Bundle,java.util.List<org.osgi.framework.Bundle>>>'
[WARNING] /Users/kgoderis/Development/openhab/git/openhab-core/bundles/org.openhab.core.automation/src/main/java/org/openhab/core/automation/internal/provider/ModuleTypeResourceBundleProvider.java:[27,8] The import org.openhab.core.automation.type.ModuleTypeRegistry is never used
[WARNING] /Users/kgoderis/Development/openhab/git/openhab-core/bundles/org.openhab.core.automation/src/main/java/org/openhab/core/automation/internal/provider/RuleResourceBundleImporter.java:[16,8] The import java.io.IOException is never used
[INFO] /Users/kgoderis/Development/openhab/git/openhab-core/bundles/org.openhab.core.automation/src/main/java/org/openhab/core/automation/internal/provider/RuleResourceBundleImporter.java:[105,27] Unsafe interpretation of method return type as '@NonNull' based on the receiver type 'java.util.Enumeration<java.net.@NonNull URL>'. Type 'java.util.Enumeration<E>' doesn't seem to be designed with null type annotations in mind
[WARNING] /Users/kgoderis/Development/openhab/git/openhab-core/bundles/org.openhab.core.automation/src/main/java/org/openhab/core/automation/internal/provider/RuleResourceBundleImporter.java:[107,70] Potential null pointer access: The method get(Object) may return null
[WARNING] /Users/kgoderis/Development/openhab/git/openhab-core/bundles/org.openhab.core.automation/src/main/java/org/openhab/core/automation/internal/provider/RuleResourceBundleImporter.java:[130,13] Redundant null check: comparing '@NonNull Set<@NonNull Rule>' against null
[WARNING] /Users/kgoderis/Development/openhab/git/openhab-core/bundles/org.openhab.core.automation/src/main/java/org/openhab/core/automation/internal/provider/RuleResourceBundleImporter.java:[132,21] Redundant null check: The variable rule cannot be null at this location
[WARNING] /Users/kgoderis/Development/openhab/git/openhab-core/bundles/org.openhab.core.automation/src/main/java/org/openhab/core/automation/internal/provider/RuleResourceBundleImporter.java:[134,25] Potential null pointer access: this expression has a '@Nullable' type
[WARNING] /Users/kgoderis/Development/openhab/git/openhab-core/bundles/org.openhab.core.automation/src/main/java/org/openhab/core/automation/internal/provider/TemplateResourceBundleProvider.java:[31,8] The import org.openhab.core.automation.template.TemplateProvider is never used
[WARNING] /Users/kgoderis/Development/openhab/git/openhab-core/bundles/org.openhab.core.automation/src/main/java/org/openhab/core/automation/internal/provider/TemplateResourceBundleProvider.java:[32,8] The import org.openhab.core.automation.type.ModuleType is never used
[WARNING] /Users/kgoderis/Development/openhab/git/openhab-core/bundles/org.openhab.core.automation/src/main/java/org/openhab/core/automation/internal/provider/file/AbstractFileProvider.java:[37,8] The import org.openhab.core.automation.template.Template is never used
[WARNING] /Users/kgoderis/Development/openhab/git/openhab-core/bundles/org.openhab.core.automation/src/main/java/org/openhab/core/automation/internal/provider/file/AbstractFileProvider.java:[38,8] The import org.openhab.core.automation.template.TemplateProvider is never used
[WARNING] /Users/kgoderis/Development/openhab/git/openhab-core/bundles/org.openhab.core.automation/src/main/java/org/openhab/core/automation/internal/provider/file/AbstractFileProvider.java:[39,8] The import org.openhab.core.automation.type.ModuleType is never used
[WARNING] /Users/kgoderis/Development/openhab/git/openhab-core/bundles/org.openhab.core.automation/src/main/java/org/openhab/core/automation/internal/provider/file/AbstractFileProvider.java:[40,8] The import org.openhab.core.automation.type.ModuleTypeProvider is never used
[INFO] /Users/kgoderis/Development/openhab/git/openhab-core/bundles/org.openhab.core.automation/src/main/java/org/openhab/core/automation/internal/provider/file/AbstractFileProvider.java:[122,39] Unsafe null type conversion (type annotations): The value of type 'java.lang.@NonNull String @org.eclipse.jdt.annotation.NonNull[]' is made accessible using the less-annotated type 'java.lang.String @org.eclipse.jdt.annotation.NonNull[]'
[WARNING] /Users/kgoderis/Development/openhab/git/openhab-core/bundles/org.openhab.core.automation/src/main/java/org/openhab/core/automation/internal/provider/file/TemplateFileProvider.java:[24,8] The import org.openhab.core.automation.template.TemplateProvider is never used
[WARNING] /Users/kgoderis/Development/openhab/git/openhab-core/bundles/org.openhab.core.automation/src/main/java/org/openhab/core/automation/internal/provider/file/TemplateFileProviderWatcher.java:[24,8] The import org.openhab.core.automation.template.TemplateProvider is never used
[WARNING] /Users/kgoderis/Development/openhab/git/openhab-core/bundles/org.openhab.core.automation/src/main/java/org/openhab/core/automation/internal/provider/i18n/RuleTemplateI18nUtil.java:[19,8] The import org.openhab.core.automation.template.RuleTemplate is never used
[WARNING] /Users/kgoderis/Development/openhab/git/openhab-core/bundles/org.openhab.core.automation/src/main/java/org/openhab/core/automation/internal/ruleengine/WrappedAction.java:[22,8] The import org.openhab.core.automation.Module is never used
[WARNING] /Users/kgoderis/Development/openhab/git/openhab-core/bundles/org.openhab.core.automation/src/main/java/org/openhab/core/automation/internal/ruleengine/WrappedAction.java:[25,8] The import org.openhab.core.automation.type.Input is never used
[WARNING] /Users/kgoderis/Development/openhab/git/openhab-core/bundles/org.openhab.core.automation/src/main/java/org/openhab/core/automation/internal/ruleengine/WrappedAction.java:[26,8] The import org.openhab.core.automation.type.Output is never used
[WARNING] /Users/kgoderis/Development/openhab/git/openhab-core/bundles/org.openhab.core.automation/src/main/java/org/openhab/core/automation/internal/ruleengine/WrappedCondition.java:[22,8] The import org.openhab.core.automation.Module is never used
[WARNING] /Users/kgoderis/Development/openhab/git/openhab-core/bundles/org.openhab.core.automation/src/main/java/org/openhab/core/automation/internal/ruleengine/WrappedCondition.java:[25,8] The import org.openhab.core.automation.type.Input is never used
[WARNING] /Users/kgoderis/Development/openhab/git/openhab-core/bundles/org.openhab.core.automation/src/main/java/org/openhab/core/automation/internal/ruleengine/WrappedCondition.java:[26,8] The import org.openhab.core.automation.type.Output is never used
[WARNING] /Users/kgoderis/Development/openhab/git/openhab-core/bundles/org.openhab.core.automation/src/main/java/org/openhab/core/automation/internal/ruleengine/WrappedRule.java:[37,31] org.openhab.core.automation.internal.ruleengine.WrappedModule is a raw type. References to generic type org.openhab.core.automation.internal.ruleengine.WrappedModule<M,H> should be parameterized
[INFO] /Users/kgoderis/Development/openhab/git/openhab-core/bundles/org.openhab.core.automation/src/main/java/org/openhab/core/automation/internal/ruleengine/WrappedRule.java:[40,28] Unsafe interpretation of method return type as '@NonNull' based on the receiver type 'java.util.function.@NonNull Function<U extends org.openhab.core.automation.@NonNull Module,T extends org.openhab.core.automation.internal.ruleengine.@NonNull WrappedModule>'. Type 'java.util.function.Function<T,R>' doesn't seem to be designed with null type annotations in mind
[WARNING] /Users/kgoderis/Development/openhab/git/openhab-core/bundles/org.openhab.core.automation/src/main/java/org/openhab/core/automation/internal/ruleengine/WrappedRule.java:[41,22] Type safety: The expression of type T needs unchecked conversion to conform to org.openhab.core.automation.internal.ruleengine.WrappedModule<org.openhab.core.automation.Module,org.openhab.core.automation.handler.ModuleHandler>
[WARNING] /Users/kgoderis/Development/openhab/git/openhab-core/bundles/org.openhab.core.automation/src/main/java/org/openhab/core/automation/module/provider/AnnotationActionModuleTypeHelper.java:[36,8] The import org.openhab.core.automation.AnnotatedActions is never used
[WARNING] /Users/kgoderis/Development/openhab/git/openhab-core/bundles/org.openhab.core.automation/src/main/java/org/openhab/core/automation/module/provider/AnnotationActionModuleTypeHelper.java:[45,8] The import org.openhab.core.automation.type.ModuleTypeProvider is never used
[WARNING] /Users/kgoderis/Development/openhab/git/openhab-core/bundles/org.openhab.core.automation/src/main/java/org/openhab/core/automation/module/provider/AnnotationActionModuleTypeHelper.java:[88,37] Potential null pointer access: The variable scope may be null at this location
[WARNING] /Users/kgoderis/Development/openhab/git/openhab-core/bundles/org.openhab.core.automation/src/main/java/org/openhab/core/automation/module/provider/AnnotationActionModuleTypeHelper.java:[104,64] Potential null pointer access: The variable ruleAction may be null at this location
[INFO] /Users/kgoderis/Development/openhab/git/openhab-core/bundles/org.openhab.core.automation/src/main/java/org/openhab/core/automation/module/provider/AnnotationActionModuleTypeHelper.java:[158,63] Unsafe null type conversion (type annotations): The value of type 'java.util.stream.@NonNull Collector<java.lang.@NonNull String,capture#of ?,java.util.@NonNull Set<java.lang.@NonNull String>>' is made accessible using the less-annotated type 'java.util.stream.@NonNull Collector<? super java.lang.String,java.lang.Object,java.util.@NonNull Set<java.lang.@NonNull String>>'
[WARNING] /Users/kgoderis/Development/openhab/git/openhab-core/bundles/org.openhab.core.automation/src/main/java/org/openhab/core/automation/module/provider/AnnotationActionModuleTypeHelper.java:[177,50] Potential null pointer access: The method getAnnotation(Class) may return null
[WARNING] /Users/kgoderis/Development/openhab/git/openhab-core/bundles/org.openhab.core.automation/src/main/java/org/openhab/core/automation/module/provider/AnnotationActionModuleTypeHelper.java:[190,18] Potential null pointer access: The variable ruleActionOutput may be null at this location
[INFO] /Users/kgoderis/Development/openhab/git/openhab-core/bundles/org.openhab.core.automation/src/main/java/org/openhab/core/automation/module/provider/AnnotationActionModuleTypeHelper.java:[263,34] Unsafe null type conversion (type annotations): The value of type 'java.util.List<org.openhab.core.config.core.@NonNull ParameterOption>' is made accessible using the less-annotated type 'java.util.List<org.openhab.core.config.core.ParameterOption>'
[INFO] /Users/kgoderis/Development/openhab/git/openhab-core/bundles/org.openhab.core.automation/src/main/java/org/openhab/core/automation/module/provider/AnnotationActionModuleTypeHelper.java:[270,55] Unsafe null type conversion (type annotations): The value of type 'java.util.List<org.openhab.core.config.core.@NonNull ParameterOption>' is made accessible using the less-annotated type 'java.util.List<org.openhab.core.config.core.ParameterOption>'
[WARNING] /Users/kgoderis/Development/openhab/git/openhab-core/bundles/org.openhab.core.automation/src/main/java/org/openhab/core/automation/module/provider/AnnotationActionModuleTypeHelper.java:[283,13] Potential null pointer access: The variable mis may be null at this location
[WARNING] /Users/kgoderis/Development/openhab/git/openhab-core/bundles/org.openhab.core.automation/src/main/java/org/openhab/core/automation/template/RuleTemplate.java:[26,8] The import org.openhab.core.automation.Rule is never used
[WARNING] /Users/kgoderis/Development/openhab/git/openhab-core/bundles/org.openhab.core.automation/src/main/java/org/openhab/core/automation/template/RuleTemplateProvider.java:[15,8] The import java.util.Locale is never used
[WARNING] /Users/kgoderis/Development/openhab/git/openhab-core/bundles/org.openhab.core.automation/src/main/java/org/openhab/core/automation/template/RuleTemplateProvider.java:[18,8] The import org.openhab.core.common.registry.Provider is never used
[WARNING] /Users/kgoderis/Development/openhab/git/openhab-core/bundles/org.openhab.core.automation/src/main/java/org/openhab/core/automation/template/RuleTemplateProvider.java:[19,8] The import org.openhab.core.common.registry.ProviderChangeListener is never used
[WARNING] /Users/kgoderis/Development/openhab/git/openhab-core/bundles/org.openhab.core.automation/src/main/java/org/openhab/core/automation/thingsupport/AnnotatedThingActionModuleTypeProvider.java:[144,88] Potential null pointer access: The variable scope may be null at this location
[WARNING] /Users/kgoderis/Development/openhab/git/openhab-core/bundles/org.openhab.core.automation/src/main/java/org/openhab/core/automation/thingsupport/AnnotatedThingActionModuleTypeProvider.java:[156,21] Potential null pointer access: The variable availableModuleConfigs may be null at this location
[WARNING] /Users/kgoderis/Development/openhab/git/openhab-core/bundles/org.openhab.core.automation/src/main/java/org/openhab/core/automation/thingsupport/AnnotatedThingActionModuleTypeProvider.java:[183,88] Potential null pointer access: The variable scope may be null at this location
[WARNING] /Users/kgoderis/Development/openhab/git/openhab-core/bundles/org.openhab.core.automation/src/main/java/org/openhab/core/automation/type/ActionType.java:[21,8] The import org.openhab.core.automation.Action is never used
[WARNING] /Users/kgoderis/Development/openhab/git/openhab-core/bundles/org.openhab.core.automation/src/main/java/org/openhab/core/automation/type/ActionType.java:[22,8] The import org.openhab.core.automation.Module is never used
[WARNING] /Users/kgoderis/Development/openhab/git/openhab-core/bundles/org.openhab.core.automation/src/main/java/org/openhab/core/automation/type/ConditionType.java:[21,8] The import org.openhab.core.automation.Condition is never used
[WARNING] /Users/kgoderis/Development/openhab/git/openhab-core/bundles/org.openhab.core.automation/src/main/java/org/openhab/core/automation/type/Input.java:[19,8] The import org.openhab.core.automation.Module is never used
[WARNING] /Users/kgoderis/Development/openhab/git/openhab-core/bundles/org.openhab.core.automation/src/main/java/org/openhab/core/automation/type/Input.java:[20,8] The import org.openhab.core.automation.Rule is never used
[WARNING] /Users/kgoderis/Development/openhab/git/openhab-core/bundles/org.openhab.core.automation/src/main/java/org/openhab/core/automation/type/Input.java:[126,13] Redundant null check: comparing '@NonNull String' against null
[WARNING] /Users/kgoderis/Development/openhab/git/openhab-core/bundles/org.openhab.core.automation/src/main/java/org/openhab/core/automation/type/Input.java:[126,27] Dead code
[WARNING] /Users/kgoderis/Development/openhab/git/openhab-core/bundles/org.openhab.core.automation/src/main/java/org/openhab/core/automation/type/Input.java:[129,13] Redundant null check: comparing '@NonNull String' against null
[WARNING] /Users/kgoderis/Development/openhab/git/openhab-core/bundles/org.openhab.core.automation/src/main/java/org/openhab/core/automation/type/Input.java:[129,27] Dead code
[WARNING] /Users/kgoderis/Development/openhab/git/openhab-core/bundles/org.openhab.core.automation/src/main/java/org/openhab/core/automation/type/ModuleType.java:[22,8] The import org.openhab.core.automation.Module is never used
[WARNING] /Users/kgoderis/Development/openhab/git/openhab-core/bundles/org.openhab.core.automation/src/main/java/org/openhab/core/automation/type/ModuleType.java:[23,8] The import org.openhab.core.automation.Rule is never used
[WARNING] /Users/kgoderis/Development/openhab/git/openhab-core/bundles/org.openhab.core.automation/src/main/java/org/openhab/core/automation/type/Output.java:[17,8] The import org.openhab.core.automation.Module is never used
[WARNING] /Users/kgoderis/Development/openhab/git/openhab-core/bundles/org.openhab.core.automation/src/main/java/org/openhab/core/automation/type/Output.java:[18,8] The import org.openhab.core.automation.Rule is never used
[WARNING] /Users/kgoderis/Development/openhab/git/openhab-core/bundles/org.openhab.core.automation/src/main/java/org/openhab/core/automation/type/TriggerType.java:[21,8] The import org.openhab.core.automation.Trigger is never used
[WARNING] /Users/kgoderis/Development/openhab/git/openhab-core/bundles/org.openhab.core.automation/src/main/java/org/openhab/core/automation/util/ActionInputsHelper.java:[180,49] Potential null pointer access: The method getDefaultValue() may return null
[WARNING] /Users/kgoderis/Development/openhab/git/openhab-core/bundles/org.openhab.core.automation/src/main/java/org/openhab/core/automation/util/ActionInputsHelper.java:[319,16] Type safety: Unchecked invocation getUnit(java.lang.Class<capture#10-of ? extends javax.measure.Quantity>) of the generic method getUnit(java.lang.Class<T>) of type org.openhab.core.i18n.UnitProvider
[WARNING] /Users/kgoderis/Development/openhab/git/openhab-core/bundles/org.openhab.core.automation/src/main/java/org/openhab/core/automation/util/ActionInputsHelper.java:[319,54] javax.measure.Quantity is a raw type. References to generic type javax.measure.Quantity<Q> should be parameterized
[WARNING] /Users/kgoderis/Development/openhab/git/openhab-core/bundles/org.openhab.core.automation/src/main/java/org/openhab/core/automation/util/ConfigurationNormalizer.java:[21,8] The import org.openhab.core.automation.RuleRegistry is never used
[WARNING] /Users/kgoderis/Development/openhab/git/openhab-core/bundles/org.openhab.core.automation/src/main/java/org/openhab/core/automation/util/ConfigurationNormalizer.java:[22,8] The import org.openhab.core.automation.internal.ModuleImpl is never used
[WARNING] /Users/kgoderis/Development/openhab/git/openhab-core/bundles/org.openhab.core.automation/src/main/java/org/openhab/core/automation/util/ConfigurationNormalizer.java:[23,8] The import org.openhab.core.automation.internal.RuleImpl is never used
[WARNING] /Users/kgoderis/Development/openhab/git/openhab-core/bundles/org.openhab.core.automation/src/main/java/org/openhab/core/automation/util/ConfigurationNormalizer.java:[48,44] Potential null pointer access: The variable module may be null at this location
[INFO] /Users/kgoderis/Development/openhab/git/openhab-core/bundles/org.openhab.core.automation/src/main/java/org/openhab/core/automation/util/ConfigurationNormalizer.java:[51,25] Unsafe null type conversion (type annotations): The value of type 'java.util.@NonNull List<org.openhab.core.config.core.@NonNull ConfigDescriptionParameter>' is made accessible using the less-annotated type 'java.util.List<org.openhab.core.config.core.ConfigDescriptionParameter>'
[INFO] /Users/kgoderis/Development/openhab/git/openhab-core/bundles/org.openhab.core.automation/src/main/java/org/openhab/core/automation/util/ReferenceResolver.java:[126,22] Unsafe null type conversion (type annotations): The value of type 'java.util.@NonNull Map<java.lang.@NonNull String,java.lang.@NonNull String>' is made accessible using the less-annotated type 'java.util.Map<java.lang.String,java.lang.String>'
[INFO] /Users/kgoderis/Development/openhab/git/openhab-core/bundles/org.openhab.core.automation/src/main/java/org/openhab/core/automation/util/ReferenceResolver.java:[128,22] Unsafe null type conversion (type annotations): The value of type 'java.util.@NonNull Map<java.lang.@NonNull String,java.lang.@NonNull String>' is made accessible using the less-annotated type 'java.util.Map<java.lang.String,java.lang.String>'
[INFO] 
[INFO] --------< org.openhab.core.bundles:org.openhab.core.model.core >--------
[INFO] Building openHAB Core :: Bundles :: Model Core 5.0.0-SNAPSHOT   [13/100]
[INFO]   from org.openhab.core.model.core/pom.xml
[INFO] --------------------------------[ jar ]---------------------------------
[WARNING] The POM for org.osgi:org.osgi.service.prefs:jar:1.1.1-SNAPSHOT is missing, no dependency information available
Downloading from sonatype-snapshots: https://oss.sonatype.org/content/repositories/snapshots/org/eclipse/platform/org.eclipse.text/maven-metadata.xml
Downloading from sonatype-snapshots: https://oss.sonatype.org/content/repositories/snapshots/org/eclipse/platform/org.eclipse.core.commands/maven-metadata.xml
[INFO] 
[INFO] --- clean:3.5.0:clean (default-clean) @ org.openhab.core.model.core ---
[INFO] Deleting /Users/kgoderis/Development/openhab/git/openhab-core/bundles/org.openhab.core.model.core/target
[INFO] 
[INFO] --- enforcer:3.5.0:enforce (enforce-java) @ org.openhab.core.model.core ---
[INFO] 
[INFO] --- directory:1.0:highest-basedir (directories) @ org.openhab.core.model.core ---
[INFO] Highest basedir set to: /Users/kgoderis/Development/openhab/git/openhab-core
[INFO] 
[INFO] --- spotless:2.44.3:check (codestyle_check) @ org.openhab.core.model.core ---
[INFO] Index file does not exist. Fallback to an empty index
[INFO] Spotless.Java is keeping 13 files clean - 0 needs changes to be clean, 13 were already clean, 0 were skipped because caching determined they were already clean
[INFO] Sorting file /var/folders/cf/ygdx6pbs6m9fm3vzdlc6757h0000gn/T/pom12304569223856125222.xml
[INFO] Pom file is already sorted, exiting
[INFO] Spotless.Pom is keeping 1 files clean - 0 needs changes to be clean, 1 were already clean, 0 were skipped because caching determined they were already clean
[INFO] 
[INFO] --- resources:3.3.1:copy-resources (copy-antlr-generator-patch) @ org.openhab.core.model.core ---
[INFO] Copying 1 resource from .. to 
[INFO] 
[INFO] --- dependency:3.8.1:unpack (unpack-eea) @ org.openhab.core.model.core ---
[INFO] Configured Artifact: org.lastnpe.eea:eea-all:2.4.0:jar
[INFO] 
[INFO] --- build-helper:3.6.1:add-resource (default) @ org.openhab.core.model.core ---
[INFO] 
[INFO] --- resources:3.3.1:resources (default-resources) @ org.openhab.core.model.core ---
[INFO] skip non existing resourceDirectory /Users/kgoderis/Development/openhab/git/openhab-core/bundles/org.openhab.core.model.core/src/main/resources
[INFO] skip non existing resourceDirectory /Users/kgoderis/Development/openhab/git/openhab-core/bundles/org.openhab.core.model.core/src-gen
[INFO] Copying 0 resource from src to target/classes
[INFO] skip non existing resourceDirectory /Users/kgoderis/Development/openhab/git/openhab-core/bundles/org.openhab.core.model.core/model
[INFO] 
[INFO] --- compiler:3.14.0:compile (default-compile) @ org.openhab.core.model.core ---
[INFO] Recompiling the module because of changed dependency.
[INFO] Compiling with eclipse [debug deprecation release 21] to target/classes
[INFO] /Users/kgoderis/Development/openhab/git/openhab-core/bundles/org.openhab.core.model.core/src/main/java/org/openhab/core/model/core/internal/folder/FolderObserver.java:[125,33] Unsafe interpretation of method return type as '@NonNull' based on the receiver type 'java.util.Enumeration<java.lang.@NonNull String>'. Type 'java.util.Enumeration<E>' doesn't seem to be designed with null type annotations in mind
[INFO] /Users/kgoderis/Development/openhab/git/openhab-core/bundles/org.openhab.core.model.core/src/main/java/org/openhab/core/model/core/internal/folder/FolderObserver.java:[134,54] Unsafe interpretation of method return type as '@NonNull' based on the receiver type 'java.util.Dictionary<java.lang.@NonNull String,java.lang.@NonNull Object>'. Type 'java.util.Dictionary<K,V>' doesn't seem to be designed with null type annotations in mind
[INFO] /Users/kgoderis/Development/openhab/git/openhab-core/bundles/org.openhab.core.model.core/src/main/java/org/openhab/core/model/core/internal/folder/FolderObserver.java:[199,21] Unsafe null type conversion (type annotations): The value of type 'org.openhab.core.model.core.internal.folder.FolderObserver.@NonNull FileExtensionsFilter' is made accessible using the less-annotated type 'java.nio.file.DirectoryStream.Filter<? super java.nio.file.Path>', corresponding supertype is 'java.nio.file.DirectoryStream.Filter<java.nio.file.@NonNull Path>'
[INFO] 
[INFO] -------< org.openhab.core.bundles:org.openhab.core.persistence >--------
[INFO] Building openHAB Core :: Bundles :: Persistence 5.0.0-SNAPSHOT  [14/100]
[INFO]   from org.openhab.core.persistence/pom.xml
[INFO] --------------------------------[ jar ]---------------------------------
[INFO] 
[INFO] --- clean:3.5.0:clean (default-clean) @ org.openhab.core.persistence ---
[INFO] Deleting /Users/kgoderis/Development/openhab/git/openhab-core/bundles/org.openhab.core.persistence/target
[INFO] 
[INFO] --- enforcer:3.5.0:enforce (enforce-java) @ org.openhab.core.persistence ---
[INFO] 
[INFO] --- directory:1.0:highest-basedir (directories) @ org.openhab.core.persistence ---
[INFO] Highest basedir set to: /Users/kgoderis/Development/openhab/git/openhab-core
[INFO] 
[INFO] --- spotless:2.44.3:check (codestyle_check) @ org.openhab.core.persistence ---
[INFO] Index file does not exist. Fallback to an empty index
[INFO] Spotless.Format is keeping 1 files clean - 0 needs changes to be clean, 1 were already clean, 0 were skipped because caching determined they were already clean
[INFO] Spotless.Java is keeping 49 files clean - 0 needs changes to be clean, 49 were already clean, 0 were skipped because caching determined they were already clean
[INFO] Sorting file /var/folders/cf/ygdx6pbs6m9fm3vzdlc6757h0000gn/T/pom9375571051613926600.xml
[INFO] Pom file is already sorted, exiting
[INFO] Spotless.Pom is keeping 1 files clean - 0 needs changes to be clean, 1 were already clean, 0 were skipped because caching determined they were already clean
[INFO] 
[INFO] --- dependency:3.8.1:unpack (unpack-eea) @ org.openhab.core.persistence ---
[INFO] Configured Artifact: org.lastnpe.eea:eea-all:2.4.0:jar
[INFO] 
[INFO] --- resources:3.3.1:resources (default-resources) @ org.openhab.core.persistence ---
[INFO] Copying 20 resources from src/main/resources to target/classes
[INFO] 
[INFO] --- compiler:3.14.0:compile (default-compile) @ org.openhab.core.persistence ---
[INFO] Recompiling the module because of changed dependency.
[INFO] Compiling with eclipse [debug deprecation release 21] to target/classes
[WARNING] /Users/kgoderis/Development/openhab/git/openhab-core/bundles/org.openhab.core.persistence/src/main/java/org/openhab/core/persistence/PersistenceManager.java:[17,8] The import org.openhab.core.persistence.internal.PersistenceManagerImpl is never used
[INFO] /Users/kgoderis/Development/openhab/git/openhab-core/bundles/org.openhab.core.persistence/src/main/java/org/openhab/core/persistence/QueryablePersistenceService.java:[82,24] Unsafe null type conversion (type annotations): The value of type 'java.util.stream.@NonNull Collector<org.openhab.core.persistence.@NonNull HistoricItem,capture#of ?,java.util.@NonNull List<org.openhab.core.persistence.@NonNull HistoricItem>>' is made accessible using the less-annotated type 'java.util.stream.@NonNull Collector<? super $Local$,java.lang.Object,java.util.@NonNull List<org.openhab.core.persistence.@NonNull HistoricItem>>'
[WARNING] /Users/kgoderis/Development/openhab/git/openhab-core/bundles/org.openhab.core.persistence/src/main/java/org/openhab/core/persistence/internal/PersistenceManagerImpl.java:[489,43] Potential null pointer access: The method computeIfAbsent(PersistenceStrategy, Function) may return null
[INFO] /Users/kgoderis/Development/openhab/git/openhab-core/bundles/org.openhab.core.persistence/src/main/java/org/openhab/core/persistence/internal/PersistenceServiceBundleTracker.java:[47,36] Unsafe interpretation of method return type as '@NonNull' based on the receiver type 'java.util.Dictionary<java.lang.@NonNull String,java.lang.@NonNull String>'. Type 'java.util.Dictionary<K,V>' doesn't seem to be designed with null type annotations in mind
[WARNING] /Users/kgoderis/Development/openhab/git/openhab-core/bundles/org.openhab.core.persistence/src/main/java/org/openhab/core/persistence/internal/PersistenceServiceBundleTracker.java:[48,16] Redundant null check: The variable provideCapability cannot be null at this location
[INFO] /Users/kgoderis/Development/openhab/git/openhab-core/bundles/org.openhab.core.persistence/src/main/java/org/openhab/core/persistence/registry/PersistenceServiceConfigurationDTOMapper.java:[208,28] Unsafe null type conversion (type annotations): The value of type 'java.util.List<java.lang.@NonNull String>' is made accessible using the less-annotated type 'java.util.List<java.lang.String>'
[WARNING] /Users/kgoderis/Development/openhab/git/openhab-core/bundles/org.openhab.core.persistence/src/main/java/org/openhab/core/persistence/registry/PersistenceServiceConfigurationRegistry.java:[17,8] The import org.openhab.core.persistence.internal.PersistenceManagerImpl is never used
[INFO] 
[INFO] ------< org.openhab.core.bundles:org.openhab.core.model.sitemap >-------
[INFO] Building openHAB Core :: Bundles :: Model Sitemap 5.0.0-SNAPSHOT [15/100]
[INFO]   from org.openhab.core.model.sitemap/pom.xml
[INFO] --------------------------------[ jar ]---------------------------------
[INFO] 
[INFO] --- clean:3.5.0:clean (default-clean) @ org.openhab.core.model.sitemap ---
[INFO] Deleting /Users/kgoderis/Development/openhab/git/openhab-core/bundles/org.openhab.core.model.sitemap/target
[INFO] Deleting /Users/kgoderis/Development/openhab/git/openhab-core/bundles/org.openhab.core.model.sitemap/xtend-gen (includes = [**], excludes = [.gitignore])
[INFO] 
[INFO] --- enforcer:3.5.0:enforce (enforce-java) @ org.openhab.core.model.sitemap ---
[INFO] 
[INFO] --- directory:1.0:highest-basedir (directories) @ org.openhab.core.model.sitemap ---
[INFO] Highest basedir set to: /Users/kgoderis/Development/openhab/git/openhab-core
[INFO] 
[INFO] --- spotless:2.44.3:check (codestyle_check) @ org.openhab.core.model.sitemap ---
[INFO] Index file does not exist. Fallback to an empty index
[INFO] Spotless.Java is keeping 3 files clean - 0 needs changes to be clean, 3 were already clean, 0 were skipped because caching determined they were already clean
[INFO] Sorting file /var/folders/cf/ygdx6pbs6m9fm3vzdlc6757h0000gn/T/pom16204705806105389554.xml
[INFO] Pom file is already sorted, exiting
[INFO] Spotless.Pom is keeping 1 files clean - 0 needs changes to be clean, 1 were already clean, 0 were skipped because caching determined they were already clean
[INFO] 
[INFO] --- resources:3.3.1:copy-resources (copy-antlr-generator-patch) @ org.openhab.core.model.sitemap ---
[INFO] Copying 1 resource from .. to 
[INFO] 
[INFO] --- build-helper:3.6.1:add-source (default) @ org.openhab.core.model.sitemap ---
[INFO] Source directory: /Users/kgoderis/Development/openhab/git/openhab-core/bundles/org.openhab.core.model.sitemap/src-gen added.
[INFO] Source directory: /Users/kgoderis/Development/openhab/git/openhab-core/bundles/org.openhab.core.model.sitemap/xtend-gen added.
[INFO] 
[INFO] --- build-helper:3.6.1:add-resource (default) @ org.openhab.core.model.sitemap ---
[INFO] 
[INFO] --- exec:3.5.1:exec (default) @ org.openhab.core.model.sitemap ---
SLF4J(W): No SLF4J providers were found.
SLF4J(W): Defaulting to no-operation (NOP) logger implementation
SLF4J(W): See https://www.slf4j.org/codes.html#noProviders for further details.
0    INFO  XtextGenerator     - Initializing Xtext generator
259  INFO  XtextGenerator     - Generating org.openhab.core.model.sitemap.Sitemap
347  INFO  EMFGeneratorFragment2 - Generating EMF model code
3633 INFO  XtextGenerator     - Generating common infrastructure
3639 INFO  Workflow           - Done.
[INFO] 
[INFO] --- xtend:2.37.0:compile (default) @ org.openhab.core.model.sitemap ---
[INFO] 
[INFO] --- dependency:3.8.1:unpack (unpack-eea) @ org.openhab.core.model.sitemap ---
[INFO] Configured Artifact: org.lastnpe.eea:eea-all:2.4.0:jar
[INFO] 
[INFO] --- resources:3.3.1:resources (default-resources) @ org.openhab.core.model.sitemap ---
[INFO] skip non existing resourceDirectory /Users/kgoderis/Development/openhab/git/openhab-core/bundles/org.openhab.core.model.sitemap/src/main/resources
[INFO] Copying 2 resources from src-gen to target/classes
[INFO] Copying 1 resource from src to target/classes
[INFO] Copying 2 resources from model to target/classes/model
[INFO] 
[INFO] --- compiler:3.14.0:compile (default-compile) @ org.openhab.core.model.sitemap ---
[INFO] Recompiling the module because of changed dependency.
[INFO] Compiling with eclipse [debug deprecation release 21] to target/classes
[WARNING] /Users/kgoderis/Development/openhab/git/openhab-core/bundles/org.openhab.core.model.sitemap/src-gen/org/openhab/core/model/sitemap/parser/antlr/SitemapAntlrTokenFileProvider.java:[14,10] Potential null pointer access: The variable classLoader may be null at this location
[WARNING] /Users/kgoderis/Development/openhab/git/openhab-core/bundles/org.openhab.core.model.sitemap/src-gen/org/openhab/core/model/sitemap/sitemap/util/SitemapSwitch.java:[335,12] Null type mismatch (type annotations): 'null' is not compatible to the free type variable 'T'
[WARNING] /Users/kgoderis/Development/openhab/git/openhab-core/bundles/org.openhab.core.model.sitemap/src-gen/org/openhab/core/model/sitemap/sitemap/util/SitemapSwitch.java:[351,12] Null type mismatch (type annotations): 'null' is not compatible to the free type variable 'T'
[WARNING] /Users/kgoderis/Development/openhab/git/openhab-core/bundles/org.openhab.core.model.sitemap/src-gen/org/openhab/core/model/sitemap/sitemap/util/SitemapSwitch.java:[367,12] Null type mismatch (type annotations): 'null' is not compatible to the free type variable 'T'
[WARNING] /Users/kgoderis/Development/openhab/git/openhab-core/bundles/org.openhab.core.model.sitemap/src-gen/org/openhab/core/model/sitemap/sitemap/util/SitemapSwitch.java:[383,12] Null type mismatch (type annotations): 'null' is not compatible to the free type variable 'T'
[WARNING] /Users/kgoderis/Development/openhab/git/openhab-core/bundles/org.openhab.core.model.sitemap/src-gen/org/openhab/core/model/sitemap/sitemap/util/SitemapSwitch.java:[399,12] Null type mismatch (type annotations): 'null' is not compatible to the free type variable 'T'
[WARNING] /Users/kgoderis/Development/openhab/git/openhab-core/bundles/org.openhab.core.model.sitemap/src-gen/org/openhab/core/model/sitemap/sitemap/util/SitemapSwitch.java:[415,12] Null type mismatch (type annotations): 'null' is not compatible to the free type variable 'T'
[WARNING] /Users/kgoderis/Development/openhab/git/openhab-core/bundles/org.openhab.core.model.sitemap/src-gen/org/openhab/core/model/sitemap/sitemap/util/SitemapSwitch.java:[431,12] Null type mismatch (type annotations): 'null' is not compatible to the free type variable 'T'
[WARNING] /Users/kgoderis/Development/openhab/git/openhab-core/bundles/org.openhab.core.model.sitemap/src-gen/org/openhab/core/model/sitemap/sitemap/util/SitemapSwitch.java:[447,12] Null type mismatch (type annotations): 'null' is not compatible to the free type variable 'T'
[WARNING] /Users/kgoderis/Development/openhab/git/openhab-core/bundles/org.openhab.core.model.sitemap/src-gen/org/openhab/core/model/sitemap/sitemap/util/SitemapSwitch.java:[463,12] Null type mismatch (type annotations): 'null' is not compatible to the free type variable 'T'
[WARNING] /Users/kgoderis/Development/openhab/git/openhab-core/bundles/org.openhab.core.model.sitemap/src-gen/org/openhab/core/model/sitemap/sitemap/util/SitemapSwitch.java:[479,12] Null type mismatch (type annotations): 'null' is not compatible to the free type variable 'T'
[WARNING] /Users/kgoderis/Development/openhab/git/openhab-core/bundles/org.openhab.core.model.sitemap/src-gen/org/openhab/core/model/sitemap/sitemap/util/SitemapSwitch.java:[495,12] Null type mismatch (type annotations): 'null' is not compatible to the free type variable 'T'
[WARNING] /Users/kgoderis/Development/openhab/git/openhab-core/bundles/org.openhab.core.model.sitemap/src-gen/org/openhab/core/model/sitemap/sitemap/util/SitemapSwitch.java:[511,12] Null type mismatch (type annotations): 'null' is not compatible to the free type variable 'T'
[WARNING] /Users/kgoderis/Development/openhab/git/openhab-core/bundles/org.openhab.core.model.sitemap/src-gen/org/openhab/core/model/sitemap/sitemap/util/SitemapSwitch.java:[527,12] Null type mismatch (type annotations): 'null' is not compatible to the free type variable 'T'
[WARNING] /Users/kgoderis/Development/openhab/git/openhab-core/bundles/org.openhab.core.model.sitemap/src-gen/org/openhab/core/model/sitemap/sitemap/util/SitemapSwitch.java:[543,12] Null type mismatch (type annotations): 'null' is not compatible to the free type variable 'T'
[WARNING] /Users/kgoderis/Development/openhab/git/openhab-core/bundles/org.openhab.core.model.sitemap/src-gen/org/openhab/core/model/sitemap/sitemap/util/SitemapSwitch.java:[559,12] Null type mismatch (type annotations): 'null' is not compatible to the free type variable 'T'
[WARNING] /Users/kgoderis/Development/openhab/git/openhab-core/bundles/org.openhab.core.model.sitemap/src-gen/org/openhab/core/model/sitemap/sitemap/util/SitemapSwitch.java:[575,12] Null type mismatch (type annotations): 'null' is not compatible to the free type variable 'T'
[WARNING] /Users/kgoderis/Development/openhab/git/openhab-core/bundles/org.openhab.core.model.sitemap/src-gen/org/openhab/core/model/sitemap/sitemap/util/SitemapSwitch.java:[591,12] Null type mismatch (type annotations): 'null' is not compatible to the free type variable 'T'
[WARNING] /Users/kgoderis/Development/openhab/git/openhab-core/bundles/org.openhab.core.model.sitemap/src-gen/org/openhab/core/model/sitemap/sitemap/util/SitemapSwitch.java:[607,12] Null type mismatch (type annotations): 'null' is not compatible to the free type variable 'T'
[WARNING] /Users/kgoderis/Development/openhab/git/openhab-core/bundles/org.openhab.core.model.sitemap/src-gen/org/openhab/core/model/sitemap/sitemap/util/SitemapSwitch.java:[623,12] Null type mismatch (type annotations): 'null' is not compatible to the free type variable 'T'
[WARNING] /Users/kgoderis/Development/openhab/git/openhab-core/bundles/org.openhab.core.model.sitemap/src-gen/org/openhab/core/model/sitemap/sitemap/util/SitemapSwitch.java:[639,12] Null type mismatch (type annotations): 'null' is not compatible to the free type variable 'T'
[WARNING] /Users/kgoderis/Development/openhab/git/openhab-core/bundles/org.openhab.core.model.sitemap/src-gen/org/openhab/core/model/sitemap/sitemap/util/SitemapSwitch.java:[655,12] Null type mismatch (type annotations): 'null' is not compatible to the free type variable 'T'
[WARNING] /Users/kgoderis/Development/openhab/git/openhab-core/bundles/org.openhab.core.model.sitemap/src-gen/org/openhab/core/model/sitemap/sitemap/util/SitemapSwitch.java:[671,12] Null type mismatch (type annotations): 'null' is not compatible to the free type variable 'T'
[WARNING] /Users/kgoderis/Development/openhab/git/openhab-core/bundles/org.openhab.core.model.sitemap/src-gen/org/openhab/core/model/sitemap/sitemap/util/SitemapSwitch.java:[687,12] Null type mismatch (type annotations): 'null' is not compatible to the free type variable 'T'
[WARNING] /Users/kgoderis/Development/openhab/git/openhab-core/bundles/org.openhab.core.model.sitemap/src-gen/org/openhab/core/model/sitemap/sitemap/util/SitemapSwitch.java:[703,12] Null type mismatch (type annotations): 'null' is not compatible to the free type variable 'T'
[WARNING] /Users/kgoderis/Development/openhab/git/openhab-core/bundles/org.openhab.core.model.sitemap/src-gen/org/openhab/core/model/sitemap/sitemap/util/SitemapSwitch.java:[719,12] Null type mismatch (type annotations): 'null' is not compatible to the free type variable 'T'
[WARNING] /Users/kgoderis/Development/openhab/git/openhab-core/bundles/org.openhab.core.model.sitemap/src-gen/org/openhab/core/model/sitemap/sitemap/util/SitemapSwitch.java:[735,12] Null type mismatch (type annotations): 'null' is not compatible to the free type variable 'T'
[WARNING] /Users/kgoderis/Development/openhab/git/openhab-core/bundles/org.openhab.core.model.sitemap/src-gen/org/openhab/core/model/sitemap/sitemap/util/SitemapSwitch.java:[751,12] Null type mismatch (type annotations): 'null' is not compatible to the free type variable 'T'
[WARNING] /Users/kgoderis/Development/openhab/git/openhab-core/bundles/org.openhab.core.model.sitemap/src-gen/org/openhab/core/model/sitemap/sitemap/util/SitemapSwitch.java:[767,12] Null type mismatch (type annotations): 'null' is not compatible to the free type variable 'T'
[WARNING] /Users/kgoderis/Development/openhab/git/openhab-core/bundles/org.openhab.core.model.sitemap/src-gen/org/openhab/core/model/sitemap/sitemap/util/SitemapSwitch.java:[783,12] Null type mismatch (type annotations): 'null' is not compatible to the free type variable 'T'
[WARNING] /Users/kgoderis/Development/openhab/git/openhab-core/bundles/org.openhab.core.model.sitemap/src-gen/org/openhab/core/model/sitemap/sitemap/util/SitemapSwitch.java:[800,12] Null type mismatch (type annotations): 'null' is not compatible to the free type variable 'T'
[INFO] 
[INFO] ------------< org.openhab.core.bundles:org.openhab.core.ui >------------
[INFO] Building openHAB Core :: Bundles :: UI 5.0.0-SNAPSHOT           [16/100]
[INFO]   from org.openhab.core.ui/pom.xml
[INFO] --------------------------------[ jar ]---------------------------------
[INFO] 
[INFO] --- clean:3.5.0:clean (default-clean) @ org.openhab.core.ui ---
[INFO] Deleting /Users/kgoderis/Development/openhab/git/openhab-core/bundles/org.openhab.core.ui/target
[INFO] 
[INFO] --- enforcer:3.5.0:enforce (enforce-java) @ org.openhab.core.ui ---
[INFO] 
[INFO] --- directory:1.0:highest-basedir (directories) @ org.openhab.core.ui ---
[INFO] Highest basedir set to: /Users/kgoderis/Development/openhab/git/openhab-core
[INFO] 
[INFO] --- spotless:2.44.3:check (codestyle_check) @ org.openhab.core.ui ---
[INFO] Index file does not exist. Fallback to an empty index
[INFO] Spotless.Format is keeping 2 files clean - 0 needs changes to be clean, 2 were already clean, 0 were skipped because caching determined they were already clean
[INFO] Spotless.Java is keeping 35 files clean - 0 needs changes to be clean, 35 were already clean, 0 were skipped because caching determined they were already clean
[INFO] Sorting file /var/folders/cf/ygdx6pbs6m9fm3vzdlc6757h0000gn/T/pom1727259752682000641.xml
[INFO] Pom file is already sorted, exiting
[INFO] Spotless.Pom is keeping 1 files clean - 0 needs changes to be clean, 1 were already clean, 0 were skipped because caching determined they were already clean
[INFO] 
[INFO] --- dependency:3.8.1:unpack (unpack-eea) @ org.openhab.core.ui ---
[INFO] Configured Artifact: org.lastnpe.eea:eea-all:2.4.0:jar
[INFO] 
[INFO] --- resources:3.3.1:resources (default-resources) @ org.openhab.core.ui ---
[INFO] Copying 39 resources from src/main/resources to target/classes
[INFO] 
[INFO] --- compiler:3.14.0:compile (default-compile) @ org.openhab.core.ui ---
[INFO] Recompiling the module because of changed dependency.
[INFO] Compiling with eclipse [debug deprecation release 21] to target/classes
[WARNING] /Users/kgoderis/Development/openhab/git/openhab-core/bundles/org.openhab.core.ui/src/main/java/org/openhab/core/ui/components/RootUIComponent.java:[122,17] Redundant null check: comparing '@NonNull Set<@NonNull String>' against null
[WARNING] /Users/kgoderis/Development/openhab/git/openhab-core/bundles/org.openhab.core.ui/src/main/java/org/openhab/core/ui/internal/chart/defaultchartprovider/DefaultChartProvider.java:[56,8] The import org.openhab.core.ui.internal.chart.ChartServlet is never used
[INFO] /Users/kgoderis/Development/openhab/git/openhab-core/bundles/org.openhab.core.ui/src/main/java/org/openhab/core/ui/internal/components/UIComponentRegistryFactoryImpl.java:[75,107] Unsafe null type conversion (type annotations): The value of type 'java.util.Dictionary<java.lang.@NonNull String,java.lang.@NonNull Object>' is made accessible using the less-annotated type 'java.util.Dictionary<java.lang.String,?>'
[WARNING] /Users/kgoderis/Development/openhab/git/openhab-core/bundles/org.openhab.core.ui/src/main/java/org/openhab/core/ui/internal/components/UIComponentRegistryImpl.java:[55,32] Type safety: Unchecked cast from org.openhab.core.common.registry.Provider<org.openhab.core.ui.components.RootUIComponent> to org.openhab.core.common.registry.ManagedProvider<org.openhab.core.ui.components.RootUIComponent,java.lang.String>
[WARNING] /Users/kgoderis/Development/openhab/git/openhab-core/bundles/org.openhab.core.ui/src/main/java/org/openhab/core/ui/internal/components/UIComponentRegistryImpl.java:[62,34] Type safety: Unchecked cast from org.openhab.core.common.registry.Provider<org.openhab.core.ui.components.RootUIComponent> to org.openhab.core.common.registry.ManagedProvider<org.openhab.core.ui.components.RootUIComponent,java.lang.String>
[WARNING] /Users/kgoderis/Development/openhab/git/openhab-core/bundles/org.openhab.core.ui/src/main/java/org/openhab/core/ui/internal/components/UIComponentSitemapProvider.java:[350,44] Potential null pointer access: The variable normalizedValue may be null at this location
[WARNING] /Users/kgoderis/Development/openhab/git/openhab-core/bundles/org.openhab.core.ui/src/main/java/org/openhab/core/ui/internal/components/UIComponentSitemapProvider.java:[353,51] Potential null pointer access: The variable normalizedValue may be null at this location
[WARNING] /Users/kgoderis/Development/openhab/git/openhab-core/bundles/org.openhab.core.ui/src/main/java/org/openhab/core/ui/internal/components/UIComponentSitemapProvider.java:[367,56] Potential null pointer access: The method normalizeType(Object) may return null
[WARNING] /Users/kgoderis/Development/openhab/git/openhab-core/bundles/org.openhab.core.ui/src/main/java/org/openhab/core/ui/internal/components/UIComponentSitemapProvider.java:[584,46] Potential null pointer access: this expression has a '@Nullable' type
[WARNING] /Users/kgoderis/Development/openhab/git/openhab-core/bundles/org.openhab.core.ui/src/main/java/org/openhab/core/ui/internal/components/UIComponentSitemapProvider.java:[585,14] Potential null pointer access: this expression has a '@Nullable' type
[WARNING] /Users/kgoderis/Development/openhab/git/openhab-core/bundles/org.openhab.core.ui/src/main/java/org/openhab/core/ui/internal/items/ItemUIRegistryImpl.java:[452,45] Type safety: The method toInvertibleUnit(javax.measure.Unit) belongs to the raw type org.openhab.core.library.types.QuantityType. References to generic type org.openhab.core.library.types.QuantityType<T> should be parameterized
[WARNING] /Users/kgoderis/Development/openhab/git/openhab-core/bundles/org.openhab.core.ui/src/main/java/org/openhab/core/ui/items/ItemUIRegistry.java:[15,8] The import javax.measure.Unit is never used
[INFO] 
[INFO] ----< org.openhab.core.bundles:org.openhab.core.addon.marketplace >-----
[INFO] Building openHAB Core :: Bundles :: Marketplace Add-on Services 5.0.0-SNAPSHOT [17/100]
[INFO]   from org.openhab.core.addon.marketplace/pom.xml
[INFO] --------------------------------[ jar ]---------------------------------
[INFO] 
[INFO] --- clean:3.5.0:clean (default-clean) @ org.openhab.core.addon.marketplace ---
[INFO] Deleting /Users/kgoderis/Development/openhab/git/openhab-core/bundles/org.openhab.core.addon.marketplace/target
[INFO] 
[INFO] --- enforcer:3.5.0:enforce (enforce-java) @ org.openhab.core.addon.marketplace ---
[INFO] 
[INFO] --- directory:1.0:highest-basedir (directories) @ org.openhab.core.addon.marketplace ---
[INFO] Highest basedir set to: /Users/kgoderis/Development/openhab/git/openhab-core
[INFO] 
[INFO] --- spotless:2.44.3:check (codestyle_check) @ org.openhab.core.addon.marketplace ---
[INFO] Index file does not exist. Fallback to an empty index
[INFO] Spotless.Format is keeping 1 files clean - 0 needs changes to be clean, 1 were already clean, 0 were skipped because caching determined they were already clean
[INFO] Spotless.Java is keeping 22 files clean - 0 needs changes to be clean, 22 were already clean, 0 were skipped because caching determined they were already clean
[INFO] Sorting file /var/folders/cf/ygdx6pbs6m9fm3vzdlc6757h0000gn/T/pom4951497595203913680.xml
[INFO] Pom file is already sorted, exiting
[INFO] Spotless.Pom is keeping 1 files clean - 0 needs changes to be clean, 1 were already clean, 0 were skipped because caching determined they were already clean
[INFO] 
[INFO] --- dependency:3.8.1:unpack (unpack-eea) @ org.openhab.core.addon.marketplace ---
[INFO] Configured Artifact: org.lastnpe.eea:eea-all:2.4.0:jar
[INFO] 
[INFO] --- resources:3.3.1:resources (default-resources) @ org.openhab.core.addon.marketplace ---
[INFO] Copying 20 resources from src/main/resources to target/classes
[INFO] 
[INFO] --- compiler:3.14.0:compile (default-compile) @ org.openhab.core.addon.marketplace ---
[INFO] Recompiling the module because of changed dependency.
[INFO] Compiling with eclipse [debug deprecation release 21] to target/classes
[WARNING] /Users/kgoderis/Development/openhab/git/openhab-core/bundles/org.openhab.core.addon.marketplace/src/main/java/org/openhab/core/addon/marketplace/AbstractRemoteAddonService.java:[174,29] Potential null pointer access: The method computeIfAbsent(String, Function) may return null
[INFO] /Users/kgoderis/Development/openhab/git/openhab-core/bundles/org.openhab.core.addon.marketplace/src/main/java/org/openhab/core/addon/marketplace/internal/community/CommunityBlockLibaryAddonHandler.java:[119,38] Unsafe interpretation of method return type as '@NonNull' based on substitution 'T=org.openhab.core.ui.components.@NonNull RootUIComponent'. Declaring type 'com.fasterxml.jackson.databind.ObjectMapper' doesn't seem to be designed with null type annotations in mind
[INFO] /Users/kgoderis/Development/openhab/git/openhab-core/bundles/org.openhab.core.addon.marketplace/src/main/java/org/openhab/core/addon/marketplace/internal/community/CommunityMarketplaceAddonService.java:[352,86] Unsafe null type conversion (type annotations): The value of type 'java.util.Map<java.lang.@NonNull String,java.lang.@NonNull Object>' is made accessible using the less-annotated type 'java.util.Map<java.lang.String,java.lang.Object>'
[INFO] /Users/kgoderis/Development/openhab/git/openhab-core/bundles/org.openhab.core.addon.marketplace/src/main/java/org/openhab/core/addon/marketplace/internal/community/CommunityMarketplaceAddonService.java:[444,103] Unsafe null type conversion (type annotations): The value of type 'java.util.Map<java.lang.@NonNull String,java.lang.@NonNull Object>' is made accessible using the less-annotated type 'java.util.Map<java.lang.String,java.lang.Object>'
[INFO] /Users/kgoderis/Development/openhab/git/openhab-core/bundles/org.openhab.core.addon.marketplace/src/main/java/org/openhab/core/addon/marketplace/internal/community/CommunityTransformationAddonHandler.java:[150,54] Unsafe interpretation of method return type as '@NonNull' based on substitution 'T=org.openhab.core.transform.ManagedTransformationProvider.@NonNull PersistedTransformation'. Declaring type 'com.fasterxml.jackson.databind.ObjectMapper' doesn't seem to be designed with null type annotations in mind
[INFO] /Users/kgoderis/Development/openhab/git/openhab-core/bundles/org.openhab.core.addon.marketplace/src/main/java/org/openhab/core/addon/marketplace/internal/community/CommunityUIWidgetAddonHandler.java:[123,38] Unsafe interpretation of method return type as '@NonNull' based on substitution 'T=org.openhab.core.ui.components.@NonNull RootUIComponent'. Declaring type 'com.fasterxml.jackson.databind.ObjectMapper' doesn't seem to be designed with null type annotations in mind
[INFO] /Users/kgoderis/Development/openhab/git/openhab-core/bundles/org.openhab.core.addon.marketplace/src/main/java/org/openhab/core/addon/marketplace/internal/community/SerializedNameAnnotationIntrospector.java:[49,16] Unsafe null type conversion (type annotations): The value of type 'java.util.@NonNull List<com.fasterxml.jackson.databind.@NonNull PropertyName>' is made accessible using the less-annotated type 'java.util.List<com.fasterxml.jackson.databind.PropertyName>'
[INFO] /Users/kgoderis/Development/openhab/git/openhab-core/bundles/org.openhab.core.addon.marketplace/src/main/java/org/openhab/core/addon/marketplace/internal/json/JsonAddonService.java:[211,94] Unsafe null type conversion (type annotations): The value of type 'java.util.Map<java.lang.@NonNull String,java.lang.@NonNull Object>' is made accessible using the less-annotated type 'java.util.Map<java.lang.String,java.lang.Object>'
[INFO] 
[INFO] --< org.openhab.core.bundles:org.openhab.core.addon.marketplace.karaf >--
[INFO] Building openHAB Core :: Bundles :: Community Marketplace Add-on Service :: Karaf 5.0.0-SNAPSHOT [18/100]
[INFO]   from org.openhab.core.addon.marketplace.karaf/pom.xml
[INFO] --------------------------------[ jar ]---------------------------------
[INFO] 
[INFO] --- clean:3.5.0:clean (default-clean) @ org.openhab.core.addon.marketplace.karaf ---
[INFO] Deleting /Users/kgoderis/Development/openhab/git/openhab-core/bundles/org.openhab.core.addon.marketplace.karaf/target
[INFO] 
[INFO] --- enforcer:3.5.0:enforce (enforce-java) @ org.openhab.core.addon.marketplace.karaf ---
[INFO] 
[INFO] --- directory:1.0:highest-basedir (directories) @ org.openhab.core.addon.marketplace.karaf ---
[INFO] Highest basedir set to: /Users/kgoderis/Development/openhab/git/openhab-core
[INFO] 
[INFO] --- spotless:2.44.3:check (codestyle_check) @ org.openhab.core.addon.marketplace.karaf ---
[INFO] Index file does not exist. Fallback to an empty index
[INFO] Spotless.Java is keeping 1 files clean - 0 needs changes to be clean, 1 were already clean, 0 were skipped because caching determined they were already clean
[INFO] Sorting file /var/folders/cf/ygdx6pbs6m9fm3vzdlc6757h0000gn/T/pom9660741555185764496.xml
[INFO] Pom file is already sorted, exiting
[INFO] Spotless.Pom is keeping 1 files clean - 0 needs changes to be clean, 1 were already clean, 0 were skipped because caching determined they were already clean
[INFO] 
[INFO] --- dependency:3.8.1:unpack (unpack-eea) @ org.openhab.core.addon.marketplace.karaf ---
[INFO] Configured Artifact: org.lastnpe.eea:eea-all:2.4.0:jar
[INFO] 
[INFO] --- resources:3.3.1:resources (default-resources) @ org.openhab.core.addon.marketplace.karaf ---
[INFO] skip non existing resourceDirectory /Users/kgoderis/Development/openhab/git/openhab-core/bundles/org.openhab.core.addon.marketplace.karaf/src/main/resources
[INFO] 
[INFO] --- compiler:3.14.0:compile (default-compile) @ org.openhab.core.addon.marketplace.karaf ---
[INFO] Recompiling the module because of changed dependency.
[INFO] Compiling with eclipse [debug deprecation release 21] to target/classes
[INFO] 
[INFO] --------< org.openhab.core.bundles:org.openhab.core.ai.common >---------
[INFO] Building openHAB Core :: Bundles :: AI :: Common 5.0.0-SNAPSHOT [19/100]
[INFO]   from org.openhab.core.ai.common/pom.xml
[INFO] --------------------------------[ jar ]---------------------------------
[INFO] 
[INFO] --- clean:3.5.0:clean (default-clean) @ org.openhab.core.ai.common ---
[INFO] Deleting /Users/kgoderis/Development/openhab/git/openhab-core/bundles/org.openhab.core.ai.common/target
[INFO] 
[INFO] --- enforcer:3.5.0:enforce (enforce-java) @ org.openhab.core.ai.common ---
[INFO] 
[INFO] --- directory:1.0:highest-basedir (directories) @ org.openhab.core.ai.common ---
[INFO] Highest basedir set to: /Users/kgoderis/Development/openhab/git/openhab-core
[INFO] 
[INFO] --- spotless:2.44.3:check (codestyle_check) @ org.openhab.core.ai.common ---
[INFO] Index file does not exist. Fallback to an empty index
[INFO] Spotless.Format is keeping 1 files clean - 0 needs changes to be clean, 1 were already clean, 0 were skipped because caching determined they were already clean
[INFO] Spotless.Java is keeping 232 files clean - 0 needs changes to be clean, 232 were already clean, 0 were skipped because caching determined they were already clean
[INFO] Sorting file /var/folders/cf/ygdx6pbs6m9fm3vzdlc6757h0000gn/T/pom10175620838314502536.xml
[INFO] Pom file is already sorted, exiting
[INFO] Spotless.Pom is keeping 1 files clean - 0 needs changes to be clean, 1 were already clean, 0 were skipped because caching determined they were already clean
[INFO] 
[INFO] --- dependency:3.8.1:unpack (unpack-eea) @ org.openhab.core.ai.common ---
[INFO] Configured Artifact: org.lastnpe.eea:eea-all:2.4.0:jar
[INFO] 
[INFO] --- resources:3.3.1:resources (default-resources) @ org.openhab.core.ai.common ---
[INFO] Copying 2 resources from src/main/resources to target/classes
[INFO] 
[INFO] --- compiler:3.14.0:compile (default-compile) @ org.openhab.core.ai.common ---
[INFO] Recompiling the module because of changed dependency.
[INFO] Compiling with eclipse [debug deprecation release 21] to target/classes
[INFO] /Users/kgoderis/Development/openhab/git/openhab-core/bundles/org.openhab.core.ai.common/src/main/java/org/openhab/core/ai/common/actions/addons/BackupAddonConfigurationAction.java:[182,16] Unsafe null type conversion (type annotations): The value of type 'java.util.concurrent.@NonNull CompletableFuture<org.openhab.core.ai.common.api.action.@NonNull AIActionResult>' is made accessible using the less-annotated type 'java.util.concurrent.@NonNull CompletableFuture<org.openhab.core.ai.common.api.action.AIActionResult>'
[INFO] /Users/kgoderis/Development/openhab/git/openhab-core/bundles/org.openhab.core.ai.common/src/main/java/org/openhab/core/ai/common/actions/addons/CheckAddonCompatibilityAction.java:[158,16] Unsafe null type conversion (type annotations): The value of type 'java.util.concurrent.@NonNull CompletableFuture<org.openhab.core.ai.common.api.action.@NonNull AIActionResult>' is made accessible using the less-annotated type 'java.util.concurrent.@NonNull CompletableFuture<org.openhab.core.ai.common.api.action.AIActionResult>'
[INFO] /Users/kgoderis/Development/openhab/git/openhab-core/bundles/org.openhab.core.ai.common/src/main/java/org/openhab/core/ai/common/actions/addons/CheckAddonCompatibilityAction.java:[366,31] Unsafe interpretation of method return type as '@NonNull' based on substitution 'A=org.osgi.framework.wiring.@NonNull BundleWiring'. Declaring type 'org.osgi.framework.Bundle' doesn't seem to be designed with null type annotations in mind
[INFO] /Users/kgoderis/Development/openhab/git/openhab-core/bundles/org.openhab.core.ai.common/src/main/java/org/openhab/core/ai/common/actions/addons/CheckAddonCompatibilityAction.java:[416,31] Unsafe interpretation of method return type as '@NonNull' based on substitution 'A=org.osgi.framework.wiring.@NonNull BundleWiring'. Declaring type 'org.osgi.framework.Bundle' doesn't seem to be designed with null type annotations in mind
[INFO] /Users/kgoderis/Development/openhab/git/openhab-core/bundles/org.openhab.core.ai.common/src/main/java/org/openhab/core/ai/common/actions/addons/CheckAddonHealthAction.java:[170,16] Unsafe null type conversion (type annotations): The value of type 'java.util.concurrent.@NonNull CompletableFuture<org.openhab.core.ai.common.api.action.@NonNull AIActionResult>' is made accessible using the less-annotated type 'java.util.concurrent.@NonNull CompletableFuture<org.openhab.core.ai.common.api.action.AIActionResult>'
[INFO] /Users/kgoderis/Development/openhab/git/openhab-core/bundles/org.openhab.core.ai.common/src/main/java/org/openhab/core/ai/common/actions/addons/GetAddonAction.java:[145,16] Unsafe null type conversion (type annotations): The value of type 'java.util.concurrent.@NonNull CompletableFuture<org.openhab.core.ai.common.api.action.@NonNull AIActionResult>' is made accessible using the less-annotated type 'java.util.concurrent.@NonNull CompletableFuture<org.openhab.core.ai.common.api.action.AIActionResult>'
[INFO] /Users/kgoderis/Development/openhab/git/openhab-core/bundles/org.openhab.core.ai.common/src/main/java/org/openhab/core/ai/common/actions/addons/GetAddonDependenciesAction.java:[180,16] Unsafe null type conversion (type annotations): The value of type 'java.util.concurrent.@NonNull CompletableFuture<org.openhab.core.ai.common.api.action.@NonNull AIActionResult>' is made accessible using the less-annotated type 'java.util.concurrent.@NonNull CompletableFuture<org.openhab.core.ai.common.api.action.AIActionResult>'
[INFO] /Users/kgoderis/Development/openhab/git/openhab-core/bundles/org.openhab.core.ai.common/src/main/java/org/openhab/core/ai/common/actions/addons/GetAddonDependenciesAction.java:[435,35] Unsafe interpretation of method return type as '@NonNull' based on substitution 'A=org.osgi.framework.wiring.@NonNull BundleWiring'. Declaring type 'org.osgi.framework.Bundle' doesn't seem to be designed with null type annotations in mind
[INFO] /Users/kgoderis/Development/openhab/git/openhab-core/bundles/org.openhab.core.ai.common/src/main/java/org/openhab/core/ai/common/actions/addons/GetAddonDependenciesAction.java:[493,39] Unsafe interpretation of method return type as '@NonNull' based on substitution 'A=org.osgi.framework.wiring.@NonNull BundleWiring'. Declaring type 'org.osgi.framework.Bundle' doesn't seem to be designed with null type annotations in mind
[INFO] /Users/kgoderis/Development/openhab/git/openhab-core/bundles/org.openhab.core.ai.common/src/main/java/org/openhab/core/ai/common/actions/addons/GetAddonDependenciesAction.java:[571,43] Unsafe interpretation of method return type as '@NonNull' based on substitution 'A=org.osgi.framework.wiring.@NonNull BundleWiring'. Declaring type 'org.osgi.framework.Bundle' doesn't seem to be designed with null type annotations in mind
[INFO] /Users/kgoderis/Development/openhab/git/openhab-core/bundles/org.openhab.core.ai.common/src/main/java/org/openhab/core/ai/common/actions/addons/GetAddonInfoAction.java:[182,16] Unsafe null type conversion (type annotations): The value of type 'java.util.concurrent.@NonNull CompletableFuture<org.openhab.core.ai.common.api.action.@NonNull AIActionResult>' is made accessible using the less-annotated type 'java.util.concurrent.@NonNull CompletableFuture<org.openhab.core.ai.common.api.action.AIActionResult>'
[INFO] /Users/kgoderis/Development/openhab/git/openhab-core/bundles/org.openhab.core.ai.common/src/main/java/org/openhab/core/ai/common/actions/addons/GetAddonStatusAction.java:[178,16] Unsafe null type conversion (type annotations): The value of type 'java.util.concurrent.@NonNull CompletableFuture<org.openhab.core.ai.common.api.action.@NonNull AIActionResult>' is made accessible using the less-annotated type 'java.util.concurrent.@NonNull CompletableFuture<org.openhab.core.ai.common.api.action.AIActionResult>'
[INFO] /Users/kgoderis/Development/openhab/git/openhab-core/bundles/org.openhab.core.ai.common/src/main/java/org/openhab/core/ai/common/actions/addons/InstallAddonAction.java:[197,16] Unsafe null type conversion (type annotations): The value of type 'java.util.concurrent.@NonNull CompletableFuture<org.openhab.core.ai.common.api.action.@NonNull AIActionResult>' is made accessible using the less-annotated type 'java.util.concurrent.@NonNull CompletableFuture<org.openhab.core.ai.common.api.action.AIActionResult>'
[INFO] /Users/kgoderis/Development/openhab/git/openhab-core/bundles/org.openhab.core.ai.common/src/main/java/org/openhab/core/ai/common/actions/addons/ListAddonsAction.java:[185,16] Unsafe null type conversion (type annotations): The value of type 'java.util.concurrent.@NonNull CompletableFuture<org.openhab.core.ai.common.api.action.@NonNull AIActionResult>' is made accessible using the less-annotated type 'java.util.concurrent.@NonNull CompletableFuture<org.openhab.core.ai.common.api.action.AIActionResult>'
[INFO] /Users/kgoderis/Development/openhab/git/openhab-core/bundles/org.openhab.core.ai.common/src/main/java/org/openhab/core/ai/common/actions/addons/ManageAddonRepositoriesAction.java:[164,16] Unsafe null type conversion (type annotations): The value of type 'java.util.concurrent.@NonNull CompletableFuture<org.openhab.core.ai.common.api.action.@NonNull AIActionResult>' is made accessible using the less-annotated type 'java.util.concurrent.@NonNull CompletableFuture<org.openhab.core.ai.common.api.action.AIActionResult>'
[INFO] /Users/kgoderis/Development/openhab/git/openhab-core/bundles/org.openhab.core.ai.common/src/main/java/org/openhab/core/ai/common/actions/addons/SearchAddonsAction.java:[158,16] Unsafe null type conversion (type annotations): The value of type 'java.util.concurrent.@NonNull CompletableFuture<org.openhab.core.ai.common.api.action.@NonNull AIActionResult>' is made accessible using the less-annotated type 'java.util.concurrent.@NonNull CompletableFuture<org.openhab.core.ai.common.api.action.AIActionResult>'
[INFO] /Users/kgoderis/Development/openhab/git/openhab-core/bundles/org.openhab.core.ai.common/src/main/java/org/openhab/core/ai/common/actions/addons/UninstallAddonAction.java:[183,16] Unsafe null type conversion (type annotations): The value of type 'java.util.concurrent.@NonNull CompletableFuture<org.openhab.core.ai.common.api.action.@NonNull AIActionResult>' is made accessible using the less-annotated type 'java.util.concurrent.@NonNull CompletableFuture<org.openhab.core.ai.common.api.action.AIActionResult>'
[INFO] /Users/kgoderis/Development/openhab/git/openhab-core/bundles/org.openhab.core.ai.common/src/main/java/org/openhab/core/ai/common/actions/addons/UpdateAddonAction.java:[188,16] Unsafe null type conversion (type annotations): The value of type 'java.util.concurrent.@NonNull CompletableFuture<org.openhab.core.ai.common.api.action.@NonNull AIActionResult>' is made accessible using the less-annotated type 'java.util.concurrent.@NonNull CompletableFuture<org.openhab.core.ai.common.api.action.AIActionResult>'
[INFO] /Users/kgoderis/Development/openhab/git/openhab-core/bundles/org.openhab.core.ai.common/src/main/java/org/openhab/core/ai/common/actions/analytics/DataAnalysisAction.java:[577,20] Unsafe null type conversion (type annotations): The value of type 'java.util.stream.@NonNull Collector<java.util.@NonNull Map<java.lang.@NonNull String,java.lang.@NonNull Object>,capture#of ?,java.util.@NonNull List<java.util.@NonNull Map<java.lang.@NonNull String,java.lang.@NonNull Object>>>' is made accessible using the less-annotated type 'java.util.stream.@NonNull Collector<? super java.util.Map<java.lang.@NonNull String,java.lang.@NonNull Object>,java.lang.Object,java.util.@NonNull List<java.util.@NonNull Map<java.lang.@NonNull String,java.lang.@NonNull Object>>>'
[INFO] /Users/kgoderis/Development/openhab/git/openhab-core/bundles/org.openhab.core.ai.common/src/main/java/org/openhab/core/ai/common/actions/channels/ChannelLinkAction.java:[291,50] Unsafe null type conversion (type annotations): The value of type 'java.util.@NonNull Map<java.lang.@NonNull String,java.lang.@NonNull Object>' is made accessible using the less-annotated type 'java.util.@Nullable Map<java.lang.String,java.lang.Object>'
[INFO] /Users/kgoderis/Development/openhab/git/openhab-core/bundles/org.openhab.core.ai.common/src/main/java/org/openhab/core/ai/common/actions/channels/ChannelLinkAction.java:[370,53] Unsafe null type conversion (type annotations): The value of type 'java.util.@NonNull Map<java.lang.@NonNull String,java.lang.@NonNull Object>' is made accessible using the less-annotated type 'java.util.@Nullable Map<java.lang.String,java.lang.Object>'
[INFO] /Users/kgoderis/Development/openhab/git/openhab-core/bundles/org.openhab.core.ai.common/src/main/java/org/openhab/core/ai/common/actions/channels/ListChannelsAction.java:[406,28] Unsafe null type conversion (type annotations): The value of type 'java.util.stream.@NonNull Collector<java.util.@NonNull Map<java.lang.@NonNull String,java.lang.@NonNull Object>,capture#of ?,java.util.@NonNull List<java.util.@NonNull Map<java.lang.@NonNull String,java.lang.@NonNull Object>>>' is made accessible using the less-annotated type 'java.util.stream.@NonNull Collector<? super java.util.Map<java.lang.@NonNull String,java.lang.@NonNull Object>,java.lang.Object,java.util.@NonNull List<java.util.@NonNull Map<java.lang.@NonNull String,java.lang.@NonNull Object>>>'
[INFO] /Users/kgoderis/Development/openhab/git/openhab-core/bundles/org.openhab.core.ai.common/src/main/java/org/openhab/core/ai/common/actions/config/ConfigurationBackupAction.java:[190,16] Unsafe null type conversion (type annotations): The value of type 'java.util.concurrent.@NonNull CompletableFuture<org.openhab.core.ai.common.api.action.@NonNull AIActionResult>' is made accessible using the less-annotated type 'java.util.concurrent.@NonNull CompletableFuture<org.openhab.core.ai.common.api.action.AIActionResult>'
[INFO] /Users/kgoderis/Development/openhab/git/openhab-core/bundles/org.openhab.core.ai.common/src/main/java/org/openhab/core/ai/common/actions/config/ConfigurationExportAction.java:[165,16] Unsafe null type conversion (type annotations): The value of type 'java.util.concurrent.@NonNull CompletableFuture<org.openhab.core.ai.common.api.action.@NonNull AIActionResult>' is made accessible using the less-annotated type 'java.util.concurrent.@NonNull CompletableFuture<org.openhab.core.ai.common.api.action.AIActionResult>'
[INFO] /Users/kgoderis/Development/openhab/git/openhab-core/bundles/org.openhab.core.ai.common/src/main/java/org/openhab/core/ai/common/actions/config/ConfigurationImportAction.java:[203,16] Unsafe null type conversion (type annotations): The value of type 'java.util.concurrent.@NonNull CompletableFuture<org.openhab.core.ai.common.api.action.@NonNull AIActionResult>' is made accessible using the less-annotated type 'java.util.concurrent.@NonNull CompletableFuture<org.openhab.core.ai.common.api.action.AIActionResult>'
[INFO] /Users/kgoderis/Development/openhab/git/openhab-core/bundles/org.openhab.core.ai.common/src/main/java/org/openhab/core/ai/common/actions/config/ConfigurationListAction.java:[150,16] Unsafe null type conversion (type annotations): The value of type 'java.util.concurrent.@NonNull CompletableFuture<org.openhab.core.ai.common.api.action.@NonNull AIActionResult>' is made accessible using the less-annotated type 'java.util.concurrent.@NonNull CompletableFuture<org.openhab.core.ai.common.api.action.AIActionResult>'
[INFO] /Users/kgoderis/Development/openhab/git/openhab-core/bundles/org.openhab.core.ai.common/src/main/java/org/openhab/core/ai/common/actions/config/ConfigurationSetAction.java:[179,16] Unsafe null type conversion (type annotations): The value of type 'java.util.concurrent.@NonNull CompletableFuture<org.openhab.core.ai.common.api.action.@NonNull AIActionResult>' is made accessible using the less-annotated type 'java.util.concurrent.@NonNull CompletableFuture<org.openhab.core.ai.common.api.action.AIActionResult>'
[INFO] /Users/kgoderis/Development/openhab/git/openhab-core/bundles/org.openhab.core.ai.common/src/main/java/org/openhab/core/ai/common/actions/config/ConfigurationValidationAction.java:[152,16] Unsafe null type conversion (type annotations): The value of type 'java.util.concurrent.@NonNull CompletableFuture<org.openhab.core.ai.common.api.action.@NonNull AIActionResult>' is made accessible using the less-annotated type 'java.util.concurrent.@NonNull CompletableFuture<org.openhab.core.ai.common.api.action.AIActionResult>'
[INFO] /Users/kgoderis/Development/openhab/git/openhab-core/bundles/org.openhab.core.ai.common/src/main/java/org/openhab/core/ai/common/actions/filesystem/CreateDirectoryAction.java:[207,60] Unsafe null type conversion (type annotations): The value of type 'java.util.Set<java.nio.file.attribute.@NonNull PosixFilePermission>' is made accessible using the less-annotated type 'java.util.Set<java.nio.file.attribute.PosixFilePermission>'
[INFO] /Users/kgoderis/Development/openhab/git/openhab-core/bundles/org.openhab.core.ai.common/src/main/java/org/openhab/core/ai/common/actions/filesystem/GetFileInfoAction.java:[247,41] Unsafe interpretation of method return type as '@NonNull' based on substitution 'A=java.nio.file.attribute.@NonNull BasicFileAttributes'. Declaring type 'java.nio.file.Files' doesn't seem to be designed with null type annotations in mind
[INFO] /Users/kgoderis/Development/openhab/git/openhab-core/bundles/org.openhab.core.ai.common/src/main/java/org/openhab/core/ai/common/actions/filesystem/GetFileInfoAction.java:[259,75] Unsafe null type conversion (type annotations): The value of type 'java.util.Set<java.nio.file.attribute.@NonNull PosixFilePermission>' is made accessible using the less-annotated type 'java.util.Set<java.nio.file.attribute.PosixFilePermission>'
[INFO] /Users/kgoderis/Development/openhab/git/openhab-core/bundles/org.openhab.core.ai.common/src/main/java/org/openhab/core/ai/common/actions/filesystem/GetFilePermissionsAction.java:[231,72] Unsafe null type conversion (type annotations): The value of type 'java.util.Set<java.nio.file.attribute.@NonNull PosixFilePermission>' is made accessible using the less-annotated type 'java.util.Set<java.nio.file.attribute.PosixFilePermission>'
[INFO] /Users/kgoderis/Development/openhab/git/openhab-core/bundles/org.openhab.core.ai.common/src/main/java/org/openhab/core/ai/common/actions/filesystem/ListFilesAction.java:[276,49] Unsafe interpretation of method return type as '@NonNull' based on substitution 'A=java.nio.file.attribute.@NonNull BasicFileAttributes'. Declaring type 'java.nio.file.Files' doesn't seem to be designed with null type annotations in mind
[INFO] /Users/kgoderis/Development/openhab/git/openhab-core/bundles/org.openhab.core.ai.common/src/main/java/org/openhab/core/ai/common/actions/filesystem/ListFilesAction.java:[289,83] Unsafe null type conversion (type annotations): The value of type 'java.util.Set<java.nio.file.attribute.@NonNull PosixFilePermission>' is made accessible using the less-annotated type 'java.util.Set<java.nio.file.attribute.PosixFilePermission>'
[INFO] /Users/kgoderis/Development/openhab/git/openhab-core/bundles/org.openhab.core.ai.common/src/main/java/org/openhab/core/ai/common/actions/filesystem/ReadFileAction.java:[287,83] Unsafe null type conversion (type annotations): The value of type 'java.util.Set<java.nio.file.attribute.@NonNull PosixFilePermission>' is made accessible using the less-annotated type 'java.util.Set<java.nio.file.attribute.PosixFilePermission>'
[INFO] /Users/kgoderis/Development/openhab/git/openhab-core/bundles/org.openhab.core.ai.common/src/main/java/org/openhab/core/ai/common/actions/filesystem/SearchFilesAction.java:[459,41] Unsafe interpretation of method return type as '@NonNull' based on substitution 'A=java.nio.file.attribute.@NonNull BasicFileAttributes'. Declaring type 'java.nio.file.Files' doesn't seem to be designed with null type annotations in mind
[INFO] /Users/kgoderis/Development/openhab/git/openhab-core/bundles/org.openhab.core.ai.common/src/main/java/org/openhab/core/ai/common/actions/filesystem/SetFilePermissionsAction.java:[234,64] Unsafe null type conversion (type annotations): The value of type 'java.util.Set<java.nio.file.attribute.@NonNull PosixFilePermission>' is made accessible using the less-annotated type 'java.util.Set<java.nio.file.attribute.PosixFilePermission>'
[INFO] /Users/kgoderis/Development/openhab/git/openhab-core/bundles/org.openhab.core.ai.common/src/main/java/org/openhab/core/ai/common/actions/filesystem/SetFilePermissionsAction.java:[246,53] Unsafe null type conversion (type annotations): The value of type 'java.util.Set<java.nio.file.attribute.@NonNull PosixFilePermission>' is made accessible using the less-annotated type 'java.util.Set<java.nio.file.attribute.PosixFilePermission>'
[INFO] /Users/kgoderis/Development/openhab/git/openhab-core/bundles/org.openhab.core.ai.common/src/main/java/org/openhab/core/ai/common/actions/filesystem/SetFilePermissionsAction.java:[250,70] Unsafe null type conversion (type annotations): The value of type 'java.util.Set<java.nio.file.attribute.@NonNull PosixFilePermission>' is made accessible using the less-annotated type 'java.util.Set<java.nio.file.attribute.PosixFilePermission>'
[INFO] /Users/kgoderis/Development/openhab/git/openhab-core/bundles/org.openhab.core.ai.common/src/main/java/org/openhab/core/ai/common/actions/filesystem/SetFilePermissionsAction.java:[265,72] Unsafe null type conversion (type annotations): The value of type 'java.util.Set<java.nio.file.attribute.@NonNull PosixFilePermission>' is made accessible using the less-annotated type 'java.util.Set<java.nio.file.attribute.PosixFilePermission>'
[INFO] /Users/kgoderis/Development/openhab/git/openhab-core/bundles/org.openhab.core.ai.common/src/main/java/org/openhab/core/ai/common/actions/items/ListItemsAction.java:[343,28] Unsafe null type conversion (type annotations): The value of type 'java.util.stream.@NonNull Collector<java.util.@NonNull Map<java.lang.@NonNull String,java.lang.@NonNull Object>,capture#of ?,java.util.@NonNull List<java.util.@NonNull Map<java.lang.@NonNull String,java.lang.@NonNull Object>>>' is made accessible using the less-annotated type 'java.util.stream.@NonNull Collector<? super java.util.Map<java.lang.@NonNull String,java.lang.@NonNull Object>,java.lang.Object,java.util.@NonNull List<java.util.@NonNull Map<java.lang.@NonNull String,java.lang.@NonNull Object>>>'
[INFO] /Users/kgoderis/Development/openhab/git/openhab-core/bundles/org.openhab.core.ai.common/src/main/java/org/openhab/core/ai/common/actions/items/UpdateItemAction.java:[305,70] Unlikely argument type for equals(): java.util.List<java.lang.String> seems to be unrelated to java.util.Set<java.lang.String>
[INFO] /Users/kgoderis/Development/openhab/git/openhab-core/bundles/org.openhab.core.ai.common/src/main/java/org/openhab/core/ai/common/actions/monitoring/CleanupLogsAction.java:[201,42] Unsafe null type conversion (type annotations): The value of type 'java.util.List<java.lang.@NonNull String>' is made accessible using the less-annotated type 'java.util.List<java.lang.String>'
[INFO] /Users/kgoderis/Development/openhab/git/openhab-core/bundles/org.openhab.core.ai.common/src/main/java/org/openhab/core/ai/common/actions/monitoring/CleanupLogsAction.java:[260,16] Unsafe null type conversion (type annotations): The value of type 'java.util.concurrent.@NonNull CompletableFuture<org.openhab.core.ai.common.api.action.@NonNull AIActionResult>' is made accessible using the less-annotated type 'java.util.concurrent.@NonNull CompletableFuture<org.openhab.core.ai.common.api.action.AIActionResult>'
[INFO] /Users/kgoderis/Development/openhab/git/openhab-core/bundles/org.openhab.core.ai.common/src/main/java/org/openhab/core/ai/common/actions/monitoring/GetAlertsAction.java:[194,16] Unsafe null type conversion (type annotations): The value of type 'java.util.concurrent.@NonNull CompletableFuture<org.openhab.core.ai.common.api.action.@NonNull AIActionResult>' is made accessible using the less-annotated type 'java.util.concurrent.@NonNull CompletableFuture<org.openhab.core.ai.common.api.action.AIActionResult>'
[INFO] /Users/kgoderis/Development/openhab/git/openhab-core/bundles/org.openhab.core.ai.common/src/main/java/org/openhab/core/ai/common/actions/monitoring/GetLogConfigurationAction.java:[163,16] Unsafe null type conversion (type annotations): The value of type 'java.util.concurrent.@NonNull CompletableFuture<org.openhab.core.ai.common.api.action.@NonNull AIActionResult>' is made accessible using the less-annotated type 'java.util.concurrent.@NonNull CompletableFuture<org.openhab.core.ai.common.api.action.AIActionResult>'
[INFO] /Users/kgoderis/Development/openhab/git/openhab-core/bundles/org.openhab.core.ai.common/src/main/java/org/openhab/core/ai/common/actions/monitoring/GetLogStatisticsAction.java:[265,16] Unsafe null type conversion (type annotations): The value of type 'java.util.concurrent.@NonNull CompletableFuture<org.openhab.core.ai.common.api.action.@NonNull AIActionResult>' is made accessible using the less-annotated type 'java.util.concurrent.@NonNull CompletableFuture<org.openhab.core.ai.common.api.action.AIActionResult>'
[INFO] /Users/kgoderis/Development/openhab/git/openhab-core/bundles/org.openhab.core.ai.common/src/main/java/org/openhab/core/ai/common/actions/monitoring/GetLogsAction.java:[263,16] Unsafe null type conversion (type annotations): The value of type 'java.util.concurrent.@NonNull CompletableFuture<org.openhab.core.ai.common.api.action.@NonNull AIActionResult>' is made accessible using the less-annotated type 'java.util.concurrent.@NonNull CompletableFuture<org.openhab.core.ai.common.api.action.AIActionResult>'
[INFO] /Users/kgoderis/Development/openhab/git/openhab-core/bundles/org.openhab.core.ai.common/src/main/java/org/openhab/core/ai/common/actions/monitoring/GetMonitoringMetricsAction.java:[179,16] Unsafe null type conversion (type annotations): The value of type 'java.util.concurrent.@NonNull CompletableFuture<org.openhab.core.ai.common.api.action.@NonNull AIActionResult>' is made accessible using the less-annotated type 'java.util.concurrent.@NonNull CompletableFuture<org.openhab.core.ai.common.api.action.AIActionResult>'
[INFO] /Users/kgoderis/Development/openhab/git/openhab-core/bundles/org.openhab.core.ai.common/src/main/java/org/openhab/core/ai/common/actions/monitoring/LoggingMonitoringAction.java:[201,16] Unsafe null type conversion (type annotations): The value of type 'java.util.concurrent.@NonNull CompletableFuture<org.openhab.core.ai.common.api.action.@NonNull AIActionResult>' is made accessible using the less-annotated type 'java.util.concurrent.@NonNull CompletableFuture<org.openhab.core.ai.common.api.action.AIActionResult>'
[INFO] /Users/kgoderis/Development/openhab/git/openhab-core/bundles/org.openhab.core.ai.common/src/main/java/org/openhab/core/ai/common/actions/monitoring/RotateLogsAction.java:[215,16] Unsafe null type conversion (type annotations): The value of type 'java.util.concurrent.@NonNull CompletableFuture<org.openhab.core.ai.common.api.action.@NonNull AIActionResult>' is made accessible using the less-annotated type 'java.util.concurrent.@NonNull CompletableFuture<org.openhab.core.ai.common.api.action.AIActionResult>'
[INFO] /Users/kgoderis/Development/openhab/git/openhab-core/bundles/org.openhab.core.ai.common/src/main/java/org/openhab/core/ai/common/actions/monitoring/SearchLogsAction.java:[272,16] Unsafe null type conversion (type annotations): The value of type 'java.util.concurrent.@NonNull CompletableFuture<org.openhab.core.ai.common.api.action.@NonNull AIActionResult>' is made accessible using the less-annotated type 'java.util.concurrent.@NonNull CompletableFuture<org.openhab.core.ai.common.api.action.AIActionResult>'
[INFO] /Users/kgoderis/Development/openhab/git/openhab-core/bundles/org.openhab.core.ai.common/src/main/java/org/openhab/core/ai/common/actions/monitoring/SetLogConfigurationAction.java:[259,16] Unsafe null type conversion (type annotations): The value of type 'java.util.concurrent.@NonNull CompletableFuture<org.openhab.core.ai.common.api.action.@NonNull AIActionResult>' is made accessible using the less-annotated type 'java.util.concurrent.@NonNull CompletableFuture<org.openhab.core.ai.common.api.action.AIActionResult>'
[INFO] /Users/kgoderis/Development/openhab/git/openhab-core/bundles/org.openhab.core.ai.common/src/main/java/org/openhab/core/ai/common/actions/monitoring/SetLogLevelAction.java:[178,16] Unsafe null type conversion (type annotations): The value of type 'java.util.concurrent.@NonNull CompletableFuture<org.openhab.core.ai.common.api.action.@NonNull AIActionResult>' is made accessible using the less-annotated type 'java.util.concurrent.@NonNull CompletableFuture<org.openhab.core.ai.common.api.action.AIActionResult>'
[INFO] /Users/kgoderis/Development/openhab/git/openhab-core/bundles/org.openhab.core.ai.common/src/main/java/org/openhab/core/ai/common/actions/resources/ResourceManagementAction.java:[166,16] Unsafe null type conversion (type annotations): The value of type 'java.util.concurrent.@NonNull CompletableFuture<org.openhab.core.ai.common.api.action.@NonNull AIActionResult>' is made accessible using the less-annotated type 'java.util.concurrent.@NonNull CompletableFuture<org.openhab.core.ai.common.api.action.AIActionResult>'
[INFO] /Users/kgoderis/Development/openhab/git/openhab-core/bundles/org.openhab.core.ai.common/src/main/java/org/openhab/core/ai/common/actions/rules/BulkRuleOperationsAction.java:[186,16] Unsafe null type conversion (type annotations): The value of type 'java.util.concurrent.@NonNull CompletableFuture<org.openhab.core.ai.common.api.action.@NonNull AIActionResult>' is made accessible using the less-annotated type 'java.util.concurrent.@NonNull CompletableFuture<org.openhab.core.ai.common.api.action.AIActionResult>'
[INFO] /Users/kgoderis/Development/openhab/git/openhab-core/bundles/org.openhab.core.ai.common/src/main/java/org/openhab/core/ai/common/actions/rules/BulkRuleOperationsAction.java:[230,41] Unsafe null type conversion (type annotations): The value of type 'java.util.@NonNull ArrayList<org.openhab.core.automation.@NonNull Rule>' is made accessible using the less-annotated type 'java.util.List<org.openhab.core.automation.Rule>', corresponding supertype is 'java.util.List<org.openhab.core.automation.@NonNull Rule>'
[INFO] /Users/kgoderis/Development/openhab/git/openhab-core/bundles/org.openhab.core.ai.common/src/main/java/org/openhab/core/ai/common/actions/rules/CreateRuleAction.java:[223,16] Unsafe null type conversion (type annotations): The value of type 'java.util.concurrent.@NonNull CompletableFuture<org.openhab.core.ai.common.api.action.@NonNull AIActionResult>' is made accessible using the less-annotated type 'java.util.concurrent.@NonNull CompletableFuture<org.openhab.core.ai.common.api.action.AIActionResult>'
[INFO] /Users/kgoderis/Development/openhab/git/openhab-core/bundles/org.openhab.core.ai.common/src/main/java/org/openhab/core/ai/common/actions/rules/DeleteRuleAction.java:[204,16] Unsafe null type conversion (type annotations): The value of type 'java.util.concurrent.@NonNull CompletableFuture<org.openhab.core.ai.common.api.action.@NonNull AIActionResult>' is made accessible using the less-annotated type 'java.util.concurrent.@NonNull CompletableFuture<org.openhab.core.ai.common.api.action.AIActionResult>'
[INFO] /Users/kgoderis/Development/openhab/git/openhab-core/bundles/org.openhab.core.ai.common/src/main/java/org/openhab/core/ai/common/actions/rules/DisableRuleAction.java:[208,16] Unsafe null type conversion (type annotations): The value of type 'java.util.concurrent.@NonNull CompletableFuture<org.openhab.core.ai.common.api.action.@NonNull AIActionResult>' is made accessible using the less-annotated type 'java.util.concurrent.@NonNull CompletableFuture<org.openhab.core.ai.common.api.action.AIActionResult>'
[INFO] /Users/kgoderis/Development/openhab/git/openhab-core/bundles/org.openhab.core.ai.common/src/main/java/org/openhab/core/ai/common/actions/rules/EnableRuleAction.java:[217,16] Unsafe null type conversion (type annotations): The value of type 'java.util.concurrent.@NonNull CompletableFuture<org.openhab.core.ai.common.api.action.@NonNull AIActionResult>' is made accessible using the less-annotated type 'java.util.concurrent.@NonNull CompletableFuture<org.openhab.core.ai.common.api.action.AIActionResult>'
[INFO] /Users/kgoderis/Development/openhab/git/openhab-core/bundles/org.openhab.core.ai.common/src/main/java/org/openhab/core/ai/common/actions/rules/ExecuteRuleAction.java:[226,16] Unsafe null type conversion (type annotations): The value of type 'java.util.concurrent.@NonNull CompletableFuture<org.openhab.core.ai.common.api.action.@NonNull AIActionResult>' is made accessible using the less-annotated type 'java.util.concurrent.@NonNull CompletableFuture<org.openhab.core.ai.common.api.action.AIActionResult>'
[INFO] /Users/kgoderis/Development/openhab/git/openhab-core/bundles/org.openhab.core.ai.common/src/main/java/org/openhab/core/ai/common/actions/rules/GetRuleAction.java:[157,16] Unsafe null type conversion (type annotations): The value of type 'java.util.concurrent.@NonNull CompletableFuture<org.openhab.core.ai.common.api.action.@NonNull AIActionResult>' is made accessible using the less-annotated type 'java.util.concurrent.@NonNull CompletableFuture<org.openhab.core.ai.common.api.action.AIActionResult>'
[INFO] /Users/kgoderis/Development/openhab/git/openhab-core/bundles/org.openhab.core.ai.common/src/main/java/org/openhab/core/ai/common/actions/rules/GetRuleActionsAction.java:[153,16] Unsafe null type conversion (type annotations): The value of type 'java.util.concurrent.@NonNull CompletableFuture<org.openhab.core.ai.common.api.action.@NonNull AIActionResult>' is made accessible using the less-annotated type 'java.util.concurrent.@NonNull CompletableFuture<org.openhab.core.ai.common.api.action.AIActionResult>'
[INFO] /Users/kgoderis/Development/openhab/git/openhab-core/bundles/org.openhab.core.ai.common/src/main/java/org/openhab/core/ai/common/actions/rules/GetRuleConditionsAction.java:[153,16] Unsafe null type conversion (type annotations): The value of type 'java.util.concurrent.@NonNull CompletableFuture<org.openhab.core.ai.common.api.action.@NonNull AIActionResult>' is made accessible using the less-annotated type 'java.util.concurrent.@NonNull CompletableFuture<org.openhab.core.ai.common.api.action.AIActionResult>'
[INFO] /Users/kgoderis/Development/openhab/git/openhab-core/bundles/org.openhab.core.ai.common/src/main/java/org/openhab/core/ai/common/actions/rules/GetRuleHistoryAction.java:[279,16] Unsafe null type conversion (type annotations): The value of type 'java.util.concurrent.@NonNull CompletableFuture<org.openhab.core.ai.common.api.action.@NonNull AIActionResult>' is made accessible using the less-annotated type 'java.util.concurrent.@NonNull CompletableFuture<org.openhab.core.ai.common.api.action.AIActionResult>'
[INFO] /Users/kgoderis/Development/openhab/git/openhab-core/bundles/org.openhab.core.ai.common/src/main/java/org/openhab/core/ai/common/actions/rules/GetRuleHistoryAction.java:[340,52] Unsafe null type conversion (type annotations): The value of type 'java.lang.@NonNull Iterable<org.openhab.core.persistence.@NonNull HistoricItem>' is made accessible using the less-annotated type 'java.lang.Iterable<org.openhab.core.persistence.HistoricItem>'
[INFO] /Users/kgoderis/Development/openhab/git/openhab-core/bundles/org.openhab.core.ai.common/src/main/java/org/openhab/core/ai/common/actions/rules/GetRuleStatisticsAction.java:[240,16] Unsafe null type conversion (type annotations): The value of type 'java.util.concurrent.@NonNull CompletableFuture<org.openhab.core.ai.common.api.action.@NonNull AIActionResult>' is made accessible using the less-annotated type 'java.util.concurrent.@NonNull CompletableFuture<org.openhab.core.ai.common.api.action.AIActionResult>'
[INFO] /Users/kgoderis/Development/openhab/git/openhab-core/bundles/org.openhab.core.ai.common/src/main/java/org/openhab/core/ai/common/actions/rules/GetRuleStatisticsAction.java:[301,52] Unsafe null type conversion (type annotations): The value of type 'java.lang.@NonNull Iterable<org.openhab.core.persistence.@NonNull HistoricItem>' is made accessible using the less-annotated type 'java.lang.Iterable<org.openhab.core.persistence.HistoricItem>'
[INFO] /Users/kgoderis/Development/openhab/git/openhab-core/bundles/org.openhab.core.ai.common/src/main/java/org/openhab/core/ai/common/actions/rules/GetRuleStatusAction.java:[153,16] Unsafe null type conversion (type annotations): The value of type 'java.util.concurrent.@NonNull CompletableFuture<org.openhab.core.ai.common.api.action.@NonNull AIActionResult>' is made accessible using the less-annotated type 'java.util.concurrent.@NonNull CompletableFuture<org.openhab.core.ai.common.api.action.AIActionResult>'
[INFO] /Users/kgoderis/Development/openhab/git/openhab-core/bundles/org.openhab.core.ai.common/src/main/java/org/openhab/core/ai/common/actions/rules/GetRuleTriggersAction.java:[152,16] Unsafe null type conversion (type annotations): The value of type 'java.util.concurrent.@NonNull CompletableFuture<org.openhab.core.ai.common.api.action.@NonNull AIActionResult>' is made accessible using the less-annotated type 'java.util.concurrent.@NonNull CompletableFuture<org.openhab.core.ai.common.api.action.AIActionResult>'
[INFO] /Users/kgoderis/Development/openhab/git/openhab-core/bundles/org.openhab.core.ai.common/src/main/java/org/openhab/core/ai/common/actions/rules/ListRulesAction.java:[185,16] Unsafe null type conversion (type annotations): The value of type 'java.util.concurrent.@NonNull CompletableFuture<org.openhab.core.ai.common.api.action.@NonNull AIActionResult>' is made accessible using the less-annotated type 'java.util.concurrent.@NonNull CompletableFuture<org.openhab.core.ai.common.api.action.AIActionResult>'
[INFO] /Users/kgoderis/Development/openhab/git/openhab-core/bundles/org.openhab.core.ai.common/src/main/java/org/openhab/core/ai/common/actions/rules/ListRulesAction.java:[237,37] Unsafe null type conversion (type annotations): The value of type 'java.util.@NonNull Collection<org.openhab.core.automation.@NonNull Rule>' is made accessible using the less-annotated type 'java.util.Collection<org.openhab.core.automation.Rule>'
[INFO] /Users/kgoderis/Development/openhab/git/openhab-core/bundles/org.openhab.core.ai.common/src/main/java/org/openhab/core/ai/common/actions/rules/SearchRulesAction.java:[181,35] Unsafe null type conversion (type annotations): The value of type 'java.util.@NonNull ArrayList<org.openhab.core.automation.@NonNull Rule>' is made accessible using the less-annotated type 'java.util.List<org.openhab.core.automation.Rule>', corresponding supertype is 'java.util.List<org.openhab.core.automation.@NonNull Rule>'
[INFO] /Users/kgoderis/Development/openhab/git/openhab-core/bundles/org.openhab.core.ai.common/src/main/java/org/openhab/core/ai/common/actions/rules/SearchRulesAction.java:[235,16] Unsafe null type conversion (type annotations): The value of type 'java.util.concurrent.@NonNull CompletableFuture<org.openhab.core.ai.common.api.action.@NonNull AIActionResult>' is made accessible using the less-annotated type 'java.util.concurrent.@NonNull CompletableFuture<org.openhab.core.ai.common.api.action.AIActionResult>'
[INFO] /Users/kgoderis/Development/openhab/git/openhab-core/bundles/org.openhab.core.ai.common/src/main/java/org/openhab/core/ai/common/actions/rules/UpdateRuleAction.java:[232,16] Unsafe null type conversion (type annotations): The value of type 'java.util.concurrent.@NonNull CompletableFuture<org.openhab.core.ai.common.api.action.@NonNull AIActionResult>' is made accessible using the less-annotated type 'java.util.concurrent.@NonNull CompletableFuture<org.openhab.core.ai.common.api.action.AIActionResult>'
[INFO] /Users/kgoderis/Development/openhab/git/openhab-core/bundles/org.openhab.core.ai.common/src/main/java/org/openhab/core/ai/common/actions/rules/ValidateRuleAction.java:[166,16] Unsafe null type conversion (type annotations): The value of type 'java.util.concurrent.@NonNull CompletableFuture<org.openhab.core.ai.common.api.action.@NonNull AIActionResult>' is made accessible using the less-annotated type 'java.util.concurrent.@NonNull CompletableFuture<org.openhab.core.ai.common.api.action.AIActionResult>'
[INFO] /Users/kgoderis/Development/openhab/git/openhab-core/bundles/org.openhab.core.ai.common/src/main/java/org/openhab/core/ai/common/actions/scripts/CheckScriptSyntaxAction.java:[175,16] Unsafe null type conversion (type annotations): The value of type 'java.util.concurrent.@NonNull CompletableFuture<org.openhab.core.ai.common.api.action.@NonNull AIActionResult>' is made accessible using the less-annotated type 'java.util.concurrent.@NonNull CompletableFuture<org.openhab.core.ai.common.api.action.AIActionResult>'
[INFO] /Users/kgoderis/Development/openhab/git/openhab-core/bundles/org.openhab.core.ai.common/src/main/java/org/openhab/core/ai/common/actions/scripts/CreateScriptAction.java:[171,16] Unsafe null type conversion (type annotations): The value of type 'java.util.concurrent.@NonNull CompletableFuture<org.openhab.core.ai.common.api.action.@NonNull AIActionResult>' is made accessible using the less-annotated type 'java.util.concurrent.@NonNull CompletableFuture<org.openhab.core.ai.common.api.action.AIActionResult>'
[INFO] /Users/kgoderis/Development/openhab/git/openhab-core/bundles/org.openhab.core.ai.common/src/main/java/org/openhab/core/ai/common/actions/scripts/DeleteScriptAction.java:[164,16] Unsafe null type conversion (type annotations): The value of type 'java.util.concurrent.@NonNull CompletableFuture<org.openhab.core.ai.common.api.action.@NonNull AIActionResult>' is made accessible using the less-annotated type 'java.util.concurrent.@NonNull CompletableFuture<org.openhab.core.ai.common.api.action.AIActionResult>'
[INFO] /Users/kgoderis/Development/openhab/git/openhab-core/bundles/org.openhab.core.ai.common/src/main/java/org/openhab/core/ai/common/actions/scripts/GetScriptAction.java:[149,16] Unsafe null type conversion (type annotations): The value of type 'java.util.concurrent.@NonNull CompletableFuture<org.openhab.core.ai.common.api.action.@NonNull AIActionResult>' is made accessible using the less-annotated type 'java.util.concurrent.@NonNull CompletableFuture<org.openhab.core.ai.common.api.action.AIActionResult>'
[INFO] /Users/kgoderis/Development/openhab/git/openhab-core/bundles/org.openhab.core.ai.common/src/main/java/org/openhab/core/ai/common/actions/scripts/GetScriptEnginesAction.java:[144,16] Unsafe null type conversion (type annotations): The value of type 'java.util.concurrent.@NonNull CompletableFuture<org.openhab.core.ai.common.api.action.@NonNull AIActionResult>' is made accessible using the less-annotated type 'java.util.concurrent.@NonNull CompletableFuture<org.openhab.core.ai.common.api.action.AIActionResult>'
[INFO] /Users/kgoderis/Development/openhab/git/openhab-core/bundles/org.openhab.core.ai.common/src/main/java/org/openhab/core/ai/common/actions/scripts/ListScriptsAction.java:[183,16] Unsafe null type conversion (type annotations): The value of type 'java.util.concurrent.@NonNull CompletableFuture<org.openhab.core.ai.common.api.action.@NonNull AIActionResult>' is made accessible using the less-annotated type 'java.util.concurrent.@NonNull CompletableFuture<org.openhab.core.ai.common.api.action.AIActionResult>'
[INFO] /Users/kgoderis/Development/openhab/git/openhab-core/bundles/org.openhab.core.ai.common/src/main/java/org/openhab/core/ai/common/actions/scripts/ScriptExecutionAction.java:[187,16] Unsafe null type conversion (type annotations): The value of type 'java.util.concurrent.@NonNull CompletableFuture<org.openhab.core.ai.common.api.action.@NonNull AIActionResult>' is made accessible using the less-annotated type 'java.util.concurrent.@NonNull CompletableFuture<org.openhab.core.ai.common.api.action.AIActionResult>'
[INFO] /Users/kgoderis/Development/openhab/git/openhab-core/bundles/org.openhab.core.ai.common/src/main/java/org/openhab/core/ai/common/actions/scripts/ScriptLibraryAction.java:[196,16] Unsafe null type conversion (type annotations): The value of type 'java.util.concurrent.@NonNull CompletableFuture<org.openhab.core.ai.common.api.action.@NonNull AIActionResult>' is made accessible using the less-annotated type 'java.util.concurrent.@NonNull CompletableFuture<org.openhab.core.ai.common.api.action.AIActionResult>'
[INFO] /Users/kgoderis/Development/openhab/git/openhab-core/bundles/org.openhab.core.ai.common/src/main/java/org/openhab/core/ai/common/actions/scripts/SearchScriptsAction.java:[174,16] Unsafe null type conversion (type annotations): The value of type 'java.util.concurrent.@NonNull CompletableFuture<org.openhab.core.ai.common.api.action.@NonNull AIActionResult>' is made accessible using the less-annotated type 'java.util.concurrent.@NonNull CompletableFuture<org.openhab.core.ai.common.api.action.AIActionResult>'
[INFO] /Users/kgoderis/Development/openhab/git/openhab-core/bundles/org.openhab.core.ai.common/src/main/java/org/openhab/core/ai/common/actions/scripts/UpdateScriptAction.java:[167,16] Unsafe null type conversion (type annotations): The value of type 'java.util.concurrent.@NonNull CompletableFuture<org.openhab.core.ai.common.api.action.@NonNull AIActionResult>' is made accessible using the less-annotated type 'java.util.concurrent.@NonNull CompletableFuture<org.openhab.core.ai.common.api.action.AIActionResult>'
[INFO] /Users/kgoderis/Development/openhab/git/openhab-core/bundles/org.openhab.core.ai.common/src/main/java/org/openhab/core/ai/common/actions/scripts/ValidateScriptAction.java:[177,16] Unsafe null type conversion (type annotations): The value of type 'java.util.concurrent.@NonNull CompletableFuture<org.openhab.core.ai.common.api.action.@NonNull AIActionResult>' is made accessible using the less-annotated type 'java.util.concurrent.@NonNull CompletableFuture<org.openhab.core.ai.common.api.action.AIActionResult>'
[INFO] /Users/kgoderis/Development/openhab/git/openhab-core/bundles/org.openhab.core.ai.common/src/main/java/org/openhab/core/ai/common/actions/security/SecurityManagementAction.java:[170,16] Unsafe null type conversion (type annotations): The value of type 'java.util.concurrent.@NonNull CompletableFuture<org.openhab.core.ai.common.api.action.@NonNull AIActionResult>' is made accessible using the less-annotated type 'java.util.concurrent.@NonNull CompletableFuture<org.openhab.core.ai.common.api.action.AIActionResult>'
[INFO] /Users/kgoderis/Development/openhab/git/openhab-core/bundles/org.openhab.core.ai.common/src/main/java/org/openhab/core/ai/common/actions/system/CPUInfoAction.java:[123,16] Unsafe null type conversion (type annotations): The value of type 'java.util.concurrent.@NonNull CompletableFuture<org.openhab.core.ai.common.api.action.@NonNull AIActionResult>' is made accessible using the less-annotated type 'java.util.concurrent.@NonNull CompletableFuture<org.openhab.core.ai.common.api.action.AIActionResult>'
[INFO] /Users/kgoderis/Development/openhab/git/openhab-core/bundles/org.openhab.core.ai.common/src/main/java/org/openhab/core/ai/common/actions/system/DiskInfoAction.java:[126,16] Unsafe null type conversion (type annotations): The value of type 'java.util.concurrent.@NonNull CompletableFuture<org.openhab.core.ai.common.api.action.@NonNull AIActionResult>' is made accessible using the less-annotated type 'java.util.concurrent.@NonNull CompletableFuture<org.openhab.core.ai.common.api.action.AIActionResult>'
[INFO] /Users/kgoderis/Development/openhab/git/openhab-core/bundles/org.openhab.core.ai.common/src/main/java/org/openhab/core/ai/common/actions/system/HealthCheckAction.java:[121,16] Unsafe null type conversion (type annotations): The value of type 'java.util.concurrent.@NonNull CompletableFuture<org.openhab.core.ai.common.api.action.@NonNull AIActionResult>' is made accessible using the less-annotated type 'java.util.concurrent.@NonNull CompletableFuture<org.openhab.core.ai.common.api.action.AIActionResult>'
[INFO] /Users/kgoderis/Development/openhab/git/openhab-core/bundles/org.openhab.core.ai.common/src/main/java/org/openhab/core/ai/common/actions/system/MemoryInfoAction.java:[123,16] Unsafe null type conversion (type annotations): The value of type 'java.util.concurrent.@NonNull CompletableFuture<org.openhab.core.ai.common.api.action.@NonNull AIActionResult>' is made accessible using the less-annotated type 'java.util.concurrent.@NonNull CompletableFuture<org.openhab.core.ai.common.api.action.AIActionResult>'
[INFO] /Users/kgoderis/Development/openhab/git/openhab-core/bundles/org.openhab.core.ai.common/src/main/java/org/openhab/core/ai/common/actions/system/SystemDiagnosticsAction.java:[145,16] Unsafe null type conversion (type annotations): The value of type 'java.util.concurrent.@NonNull CompletableFuture<org.openhab.core.ai.common.api.action.@NonNull AIActionResult>' is made accessible using the less-annotated type 'java.util.concurrent.@NonNull CompletableFuture<org.openhab.core.ai.common.api.action.AIActionResult>'
[INFO] /Users/kgoderis/Development/openhab/git/openhab-core/bundles/org.openhab.core.ai.common/src/main/java/org/openhab/core/ai/common/actions/system/SystemDiagnosticsAction.java:[433,35] Unsafe null type conversion (type annotations): The value of type 'java.util.@NonNull Map<java.lang.@NonNull String,java.lang.@NonNull String>' is made accessible using the less-annotated type 'java.util.Map<java.lang.String,java.lang.String>'
[INFO] /Users/kgoderis/Development/openhab/git/openhab-core/bundles/org.openhab.core.ai.common/src/main/java/org/openhab/core/ai/common/actions/system/SystemInfoAction.java:[120,16] Unsafe null type conversion (type annotations): The value of type 'java.util.concurrent.@NonNull CompletableFuture<org.openhab.core.ai.common.api.action.@NonNull AIActionResult>' is made accessible using the less-annotated type 'java.util.concurrent.@NonNull CompletableFuture<org.openhab.core.ai.common.api.action.AIActionResult>'
[INFO] /Users/kgoderis/Development/openhab/git/openhab-core/bundles/org.openhab.core.ai.common/src/main/java/org/openhab/core/ai/common/actions/system/SystemStatusAction.java:[117,16] Unsafe null type conversion (type annotations): The value of type 'java.util.concurrent.@NonNull CompletableFuture<org.openhab.core.ai.common.api.action.@NonNull AIActionResult>' is made accessible using the less-annotated type 'java.util.concurrent.@NonNull CompletableFuture<org.openhab.core.ai.common.api.action.AIActionResult>'
[INFO] /Users/kgoderis/Development/openhab/git/openhab-core/bundles/org.openhab.core.ai.common/src/main/java/org/openhab/core/ai/common/actions/things/DeleteThingAction.java:[136,16] Unsafe null type conversion (type annotations): The value of type 'java.util.concurrent.@NonNull CompletableFuture<org.openhab.core.ai.common.api.action.@NonNull AIActionResult>' is made accessible using the less-annotated type 'java.util.concurrent.@NonNull CompletableFuture<org.openhab.core.ai.common.api.action.AIActionResult>'
[INFO] /Users/kgoderis/Development/openhab/git/openhab-core/bundles/org.openhab.core.ai.common/src/main/java/org/openhab/core/ai/common/actions/things/GetThingAction.java:[264,16] Unsafe null type conversion (type annotations): The value of type 'java.util.concurrent.@NonNull CompletableFuture<org.openhab.core.ai.common.api.action.@NonNull AIActionResult>' is made accessible using the less-annotated type 'java.util.concurrent.@NonNull CompletableFuture<org.openhab.core.ai.common.api.action.AIActionResult>'
[INFO] /Users/kgoderis/Development/openhab/git/openhab-core/bundles/org.openhab.core.ai.common/src/main/java/org/openhab/core/ai/common/actions/things/GetThingConfigurationAction.java:[182,16] Unsafe null type conversion (type annotations): The value of type 'java.util.concurrent.@NonNull CompletableFuture<org.openhab.core.ai.common.api.action.@NonNull AIActionResult>' is made accessible using the less-annotated type 'java.util.concurrent.@NonNull CompletableFuture<org.openhab.core.ai.common.api.action.AIActionResult>'
[INFO] /Users/kgoderis/Development/openhab/git/openhab-core/bundles/org.openhab.core.ai.common/src/main/java/org/openhab/core/ai/common/actions/things/GetThingStatusAction.java:[218,16] Unsafe null type conversion (type annotations): The value of type 'java.util.concurrent.@NonNull CompletableFuture<org.openhab.core.ai.common.api.action.@NonNull AIActionResult>' is made accessible using the less-annotated type 'java.util.concurrent.@NonNull CompletableFuture<org.openhab.core.ai.common.api.action.AIActionResult>'
[INFO] /Users/kgoderis/Development/openhab/git/openhab-core/bundles/org.openhab.core.ai.common/src/main/java/org/openhab/core/ai/common/actions/things/GetThingStatusAction.java:[335,52] Unsafe null type conversion (type annotations): The value of type 'java.lang.@NonNull Iterable<org.openhab.core.persistence.@NonNull HistoricItem>' is made accessible using the less-annotated type 'java.lang.Iterable<org.openhab.core.persistence.HistoricItem>'
[INFO] /Users/kgoderis/Development/openhab/git/openhab-core/bundles/org.openhab.core.ai.common/src/main/java/org/openhab/core/ai/common/actions/things/ListThingsAction.java:[226,16] Unsafe null type conversion (type annotations): The value of type 'java.util.concurrent.@NonNull CompletableFuture<org.openhab.core.ai.common.api.action.@NonNull AIActionResult>' is made accessible using the less-annotated type 'java.util.concurrent.@NonNull CompletableFuture<org.openhab.core.ai.common.api.action.AIActionResult>'
[INFO] /Users/kgoderis/Development/openhab/git/openhab-core/bundles/org.openhab.core.ai.common/src/main/java/org/openhab/core/ai/common/actions/things/ListThingsAction.java:[284,39] Unsafe null type conversion (type annotations): The value of type 'java.util.@NonNull Collection<org.openhab.core.thing.@NonNull Thing>' is made accessible using the less-annotated type 'java.util.Collection<org.openhab.core.thing.Thing>'
[INFO] /Users/kgoderis/Development/openhab/git/openhab-core/bundles/org.openhab.core.ai.common/src/main/java/org/openhab/core/ai/common/actions/things/ListThingsAction.java:[466,20] Unsafe null type conversion (type annotations): The value of type 'java.util.stream.Collector<java.lang.@NonNull String,capture#of ?,java.util.Map<java.lang.@NonNull String,java.lang.Integer>>' is made accessible using the less-annotated type 'java.util.stream.@NonNull Collector<? super java.lang.@NonNull String,java.lang.Object,java.util.@NonNull Map<java.lang.String,java.lang.Integer>>'
[INFO] /Users/kgoderis/Development/openhab/git/openhab-core/bundles/org.openhab.core.ai.common/src/main/java/org/openhab/core/ai/common/actions/things/SearchThingsAction.java:[173,37] Unsafe null type conversion (type annotations): The value of type 'java.util.@NonNull ArrayList<org.openhab.core.thing.@NonNull Thing>' is made accessible using the less-annotated type 'java.util.List<org.openhab.core.thing.Thing>', corresponding supertype is 'java.util.List<org.openhab.core.thing.@NonNull Thing>'
[INFO] /Users/kgoderis/Development/openhab/git/openhab-core/bundles/org.openhab.core.ai.common/src/main/java/org/openhab/core/ai/common/actions/things/SearchThingsAction.java:[207,16] Unsafe null type conversion (type annotations): The value of type 'java.util.concurrent.@NonNull CompletableFuture<org.openhab.core.ai.common.api.action.@NonNull AIActionResult>' is made accessible using the less-annotated type 'java.util.concurrent.@NonNull CompletableFuture<org.openhab.core.ai.common.api.action.AIActionResult>'
[INFO] /Users/kgoderis/Development/openhab/git/openhab-core/bundles/org.openhab.core.ai.common/src/main/java/org/openhab/core/ai/common/actions/things/ThingBridgeAction.java:[160,16] Unsafe null type conversion (type annotations): The value of type 'java.util.concurrent.@NonNull CompletableFuture<org.openhab.core.ai.common.api.action.@NonNull AIActionResult>' is made accessible using the less-annotated type 'java.util.concurrent.@NonNull CompletableFuture<org.openhab.core.ai.common.api.action.AIActionResult>'
[INFO] /Users/kgoderis/Development/openhab/git/openhab-core/bundles/org.openhab.core.ai.common/src/main/java/org/openhab/core/ai/common/actions/things/ThingChannelsAction.java:[171,16] Unsafe null type conversion (type annotations): The value of type 'java.util.concurrent.@NonNull CompletableFuture<org.openhab.core.ai.common.api.action.@NonNull AIActionResult>' is made accessible using the less-annotated type 'java.util.concurrent.@NonNull CompletableFuture<org.openhab.core.ai.common.api.action.AIActionResult>'
[INFO] /Users/kgoderis/Development/openhab/git/openhab-core/bundles/org.openhab.core.ai.common/src/main/java/org/openhab/core/ai/common/actions/things/ThingChannelsAction.java:[236,41] Unsafe null type conversion (type annotations): The value of type 'java.util.@NonNull List<org.openhab.core.thing.@NonNull Channel>' is made accessible using the less-annotated type 'java.util.List<org.openhab.core.thing.Channel>'
[INFO] /Users/kgoderis/Development/openhab/git/openhab-core/bundles/org.openhab.core.ai.common/src/main/java/org/openhab/core/ai/common/actions/things/ThingConfigurationAction.java:[182,16] Unsafe null type conversion (type annotations): The value of type 'java.util.concurrent.@NonNull CompletableFuture<org.openhab.core.ai.common.api.action.@NonNull AIActionResult>' is made accessible using the less-annotated type 'java.util.concurrent.@NonNull CompletableFuture<org.openhab.core.ai.common.api.action.AIActionResult>'
[INFO] /Users/kgoderis/Development/openhab/git/openhab-core/bundles/org.openhab.core.ai.common/src/main/java/org/openhab/core/ai/common/actions/things/ThingLocationAction.java:[167,16] Unsafe null type conversion (type annotations): The value of type 'java.util.concurrent.@NonNull CompletableFuture<org.openhab.core.ai.common.api.action.@NonNull AIActionResult>' is made accessible using the less-annotated type 'java.util.concurrent.@NonNull CompletableFuture<org.openhab.core.ai.common.api.action.AIActionResult>'
[INFO] /Users/kgoderis/Development/openhab/git/openhab-core/bundles/org.openhab.core.ai.common/src/main/java/org/openhab/core/ai/common/actions/things/ThingLocationAction.java:[243,37] Unsafe null type conversion (type annotations): The value of type 'java.util.@NonNull ArrayList<org.openhab.core.thing.@NonNull Thing>' is made accessible using the less-annotated type 'java.util.List<org.openhab.core.thing.Thing>', corresponding supertype is 'java.util.List<org.openhab.core.thing.@NonNull Thing>'
[INFO] /Users/kgoderis/Development/openhab/git/openhab-core/bundles/org.openhab.core.ai.common/src/main/java/org/openhab/core/ai/common/actions/things/ThingLocationAction.java:[312,33] Unsafe null type conversion (type annotations): The value of type 'java.util.@NonNull ArrayList<org.openhab.core.thing.@NonNull Thing>' is made accessible using the less-annotated type 'java.util.List<org.openhab.core.thing.Thing>', corresponding supertype is 'java.util.List<org.openhab.core.thing.@NonNull Thing>'
[INFO] /Users/kgoderis/Development/openhab/git/openhab-core/bundles/org.openhab.core.ai.common/src/main/java/org/openhab/core/ai/common/actions/things/ThingPropertiesAction.java:[158,16] Unsafe null type conversion (type annotations): The value of type 'java.util.concurrent.@NonNull CompletableFuture<org.openhab.core.ai.common.api.action.@NonNull AIActionResult>' is made accessible using the less-annotated type 'java.util.concurrent.@NonNull CompletableFuture<org.openhab.core.ai.common.api.action.AIActionResult>'
[INFO] /Users/kgoderis/Development/openhab/git/openhab-core/bundles/org.openhab.core.ai.common/src/main/java/org/openhab/core/ai/common/actions/things/ThingStatusAction.java:[158,16] Unsafe null type conversion (type annotations): The value of type 'java.util.concurrent.@NonNull CompletableFuture<org.openhab.core.ai.common.api.action.@NonNull AIActionResult>' is made accessible using the less-annotated type 'java.util.concurrent.@NonNull CompletableFuture<org.openhab.core.ai.common.api.action.AIActionResult>'
[INFO] /Users/kgoderis/Development/openhab/git/openhab-core/bundles/org.openhab.core.ai.common/src/main/java/org/openhab/core/ai/common/api/action/AIActionRegistry.java:[89,39] Unsafe interpretation of method return type as '@NonNull' based on substitution 'S=org.openhab.core.ai.common.api.action.@NonNull AIAction'. Declaring type 'org.osgi.framework.BundleContext' doesn't seem to be designed with null type annotations in mind
[INFO] /Users/kgoderis/Development/openhab/git/openhab-core/bundles/org.openhab.core.ai.common/src/main/java/org/openhab/core/ai/common/stub/AIStubResponse.java:[51,16] Unsafe null type conversion (type annotations): The value of type 'java.util.@NonNull Optional<java.lang.@NonNull String>' is made accessible using the less-annotated type 'java.util.Optional<java.lang.String>'
[INFO] /Users/kgoderis/Development/openhab/git/openhab-core/bundles/org.openhab.core.ai.common/src/main/java/org/openhab/core/ai/common/stub/AIStubResponse.java:[60,16] Unsafe null type conversion (type annotations): The value of type 'java.util.@NonNull Optional<java.lang.@NonNull Object>' is made accessible using the less-annotated type 'java.util.Optional<java.lang.Object>'
[INFO] /Users/kgoderis/Development/openhab/git/openhab-core/bundles/org.openhab.core.ai.common/src/main/java/org/openhab/core/ai/common/stub/AIStubResponse.java:[93,16] Unsafe null type conversion (type annotations): The value of type 'java.util.@NonNull Optional<java.util.@NonNull Map<java.lang.String,java.lang.String>>' is made accessible using the less-annotated type 'java.util.Optional<java.util.Map<java.lang.String,java.lang.String>>'
[INFO] /Users/kgoderis/Development/openhab/git/openhab-core/bundles/org.openhab.core.ai.common/src/main/java/org/openhab/core/ai/common/stub/AIStubResponse.java:[103,16] Unsafe null type conversion (type annotations): The value of type 'java.util.@NonNull Optional<java.lang.@NonNull String>' is made accessible using the less-annotated type 'java.util.Optional<java.lang.String>'
[INFO] -------------------------------------------------------------
[WARNING] COMPILATION WARNING : 
[INFO] -------------------------------------------------------------
[WARNING] /Users/kgoderis/Development/openhab/git/openhab-core/bundles/org.openhab.core.ai.common/src/main/java/org/openhab/core/ai/common/actions/addons/BackupAddonConfigurationAction.java:[241,21] Potential null pointer access: The variable action may be null at this location
[WARNING] /Users/kgoderis/Development/openhab/git/openhab-core/bundles/org.openhab.core.ai.common/src/main/java/org/openhab/core/ai/common/actions/addons/BackupAddonConfigurationAction.java:[433,32] Potential null pointer access: this expression has a '@Nullable' type
[WARNING] /Users/kgoderis/Development/openhab/git/openhab-core/bundles/org.openhab.core.ai.common/src/main/java/org/openhab/core/ai/common/actions/addons/BackupAddonConfigurationAction.java:[443,29] Potential null pointer access: This expression of type java.lang.Boolean may be null but requires auto-unboxing
[WARNING] /Users/kgoderis/Development/openhab/git/openhab-core/bundles/org.openhab.core.ai.common/src/main/java/org/openhab/core/ai/common/actions/addons/BackupAddonConfigurationAction.java:[594,28] Potential null pointer access: this expression has a '@Nullable' type
[WARNING] /Users/kgoderis/Development/openhab/git/openhab-core/bundles/org.openhab.core.ai.common/src/main/java/org/openhab/core/ai/common/actions/addons/CheckAddonCompatibilityAction.java:[214,21] Potential null pointer access: The variable action may be null at this location
[WARNING] /Users/kgoderis/Development/openhab/git/openhab-core/bundles/org.openhab.core.ai.common/src/main/java/org/openhab/core/ai/common/actions/addons/CheckAddonCompatibilityAction.java:[264,18] Potential null pointer access: This expression of type java.lang.Boolean may be null but requires auto-unboxing
[WARNING] /Users/kgoderis/Development/openhab/git/openhab-core/bundles/org.openhab.core.ai.common/src/main/java/org/openhab/core/ai/common/actions/addons/CheckAddonCompatibilityAction.java:[264,28] Potential null pointer access: The method get(Object) may return null
[WARNING] /Users/kgoderis/Development/openhab/git/openhab-core/bundles/org.openhab.core.ai.common/src/main/java/org/openhab/core/ai/common/actions/addons/CheckAddonCompatibilityAction.java:[265,31] Type safety: Unchecked cast from java.lang.Object to java.util.List<java.lang.String>
[WARNING] /Users/kgoderis/Development/openhab/git/openhab-core/bundles/org.openhab.core.ai.common/src/main/java/org/openhab/core/ai/common/actions/addons/CheckAddonCompatibilityAction.java:[265,31] Null type mismatch: required 'java.util.@NonNull Collection<? extends java.lang.String>' but the provided value is inferred as @org.eclipse.jdt.annotation.Nullable
[WARNING] /Users/kgoderis/Development/openhab/git/openhab-core/bundles/org.openhab.core.ai.common/src/main/java/org/openhab/core/ai/common/actions/addons/CheckAddonCompatibilityAction.java:[268,29] Type safety: Unchecked cast from java.lang.Object to java.util.List<java.lang.String>
[WARNING] /Users/kgoderis/Development/openhab/git/openhab-core/bundles/org.openhab.core.ai.common/src/main/java/org/openhab/core/ai/common/actions/addons/CheckAddonCompatibilityAction.java:[268,29] Null type mismatch: required 'java.util.@NonNull Collection<? extends java.lang.String>' but the provided value is inferred as @org.eclipse.jdt.annotation.Nullable
[WARNING] /Users/kgoderis/Development/openhab/git/openhab-core/bundles/org.openhab.core.ai.common/src/main/java/org/openhab/core/ai/common/actions/addons/CheckAddonCompatibilityAction.java:[274,18] Potential null pointer access: This expression of type java.lang.Boolean may be null but requires auto-unboxing
[WARNING] /Users/kgoderis/Development/openhab/git/openhab-core/bundles/org.openhab.core.ai.common/src/main/java/org/openhab/core/ai/common/actions/addons/CheckAddonCompatibilityAction.java:[274,28] Potential null pointer access: The method get(Object) may return null
[WARNING] /Users/kgoderis/Development/openhab/git/openhab-core/bundles/org.openhab.core.ai.common/src/main/java/org/openhab/core/ai/common/actions/addons/CheckAddonCompatibilityAction.java:[275,31] Type safety: Unchecked cast from java.lang.Object to java.util.List<java.lang.String>
[WARNING] /Users/kgoderis/Development/openhab/git/openhab-core/bundles/org.openhab.core.ai.common/src/main/java/org/openhab/core/ai/common/actions/addons/CheckAddonCompatibilityAction.java:[275,31] Null type mismatch: required 'java.util.@NonNull Collection<? extends java.lang.String>' but the provided value is inferred as @org.eclipse.jdt.annotation.Nullable
[WARNING] /Users/kgoderis/Development/openhab/git/openhab-core/bundles/org.openhab.core.ai.common/src/main/java/org/openhab/core/ai/common/actions/addons/CheckAddonCompatibilityAction.java:[278,29] Type safety: Unchecked cast from java.lang.Object to java.util.List<java.lang.String>
[WARNING] /Users/kgoderis/Development/openhab/git/openhab-core/bundles/org.openhab.core.ai.common/src/main/java/org/openhab/core/ai/common/actions/addons/CheckAddonCompatibilityAction.java:[278,29] Null type mismatch: required 'java.util.@NonNull Collection<? extends java.lang.String>' but the provided value is inferred as @org.eclipse.jdt.annotation.Nullable
[WARNING] /Users/kgoderis/Development/openhab/git/openhab-core/bundles/org.openhab.core.ai.common/src/main/java/org/openhab/core/ai/common/actions/addons/CheckAddonCompatibilityAction.java:[284,18] Potential null pointer access: This expression of type java.lang.Boolean may be null but requires auto-unboxing
[WARNING] /Users/kgoderis/Development/openhab/git/openhab-core/bundles/org.openhab.core.ai.common/src/main/java/org/openhab/core/ai/common/actions/addons/CheckAddonCompatibilityAction.java:[284,28] Potential null pointer access: The method get(Object) may return null
[WARNING] /Users/kgoderis/Development/openhab/git/openhab-core/bundles/org.openhab.core.ai.common/src/main/java/org/openhab/core/ai/common/actions/addons/CheckAddonCompatibilityAction.java:[285,31] Type safety: Unchecked cast from java.lang.Object to java.util.List<java.lang.String>
[WARNING] /Users/kgoderis/Development/openhab/git/openhab-core/bundles/org.openhab.core.ai.common/src/main/java/org/openhab/core/ai/common/actions/addons/CheckAddonCompatibilityAction.java:[285,31] Null type mismatch: required 'java.util.@NonNull Collection<? extends java.lang.String>' but the provided value is inferred as @org.eclipse.jdt.annotation.Nullable
[WARNING] /Users/kgoderis/Development/openhab/git/openhab-core/bundles/org.openhab.core.ai.common/src/main/java/org/openhab/core/ai/common/actions/addons/CheckAddonCompatibilityAction.java:[288,29] Type safety: Unchecked cast from java.lang.Object to java.util.List<java.lang.String>
[WARNING] /Users/kgoderis/Development/openhab/git/openhab-core/bundles/org.openhab.core.ai.common/src/main/java/org/openhab/core/ai/common/actions/addons/CheckAddonCompatibilityAction.java:[288,29] Null type mismatch: required 'java.util.@NonNull Collection<? extends java.lang.String>' but the provided value is inferred as @org.eclipse.jdt.annotation.Nullable
[WARNING] /Users/kgoderis/Development/openhab/git/openhab-core/bundles/org.openhab.core.ai.common/src/main/java/org/openhab/core/ai/common/actions/addons/CheckAddonCompatibilityAction.java:[367,13] Null comparison always yields false: The variable wiring cannot be null at this location
[WARNING] /Users/kgoderis/Development/openhab/git/openhab-core/bundles/org.openhab.core.ai.common/src/main/java/org/openhab/core/ai/common/actions/addons/CheckAddonCompatibilityAction.java:[367,29] Dead code
[WARNING] /Users/kgoderis/Development/openhab/git/openhab-core/bundles/org.openhab.core.ai.common/src/main/java/org/openhab/core/ai/common/actions/addons/CheckAddonCompatibilityAction.java:[378,30] The value of the local variable versionRange is not used
[WARNING] /Users/kgoderis/Development/openhab/git/openhab-core/bundles/org.openhab.core.ai.common/src/main/java/org/openhab/core/ai/common/actions/addons/CheckAddonCompatibilityAction.java:[417,13] Redundant null check: The variable wiring cannot be null at this location
[WARNING] /Users/kgoderis/Development/openhab/git/openhab-core/bundles/org.openhab.core.ai.common/src/main/java/org/openhab/core/ai/common/actions/addons/CheckAddonCompatibilityAction.java:[442,28] Potential null pointer access: this expression has a '@Nullable' type
[WARNING] /Users/kgoderis/Development/openhab/git/openhab-core/bundles/org.openhab.core.ai.common/src/main/java/org/openhab/core/ai/common/actions/addons/CheckAddonCompatibilityAction.java:[471,28] Potential null pointer access: this expression has a '@Nullable' type
[WARNING] /Users/kgoderis/Development/openhab/git/openhab-core/bundles/org.openhab.core.ai.common/src/main/java/org/openhab/core/ai/common/actions/addons/CheckAddonHealthAction.java:[228,21] Potential null pointer access: The variable action may be null at this location
[WARNING] /Users/kgoderis/Development/openhab/git/openhab-core/bundles/org.openhab.core.ai.common/src/main/java/org/openhab/core/ai/common/actions/addons/CheckAddonHealthAction.java:[297,22] Potential null pointer access: This expression of type java.lang.Boolean may be null but requires auto-unboxing
[WARNING] /Users/kgoderis/Development/openhab/git/openhab-core/bundles/org.openhab.core.ai.common/src/main/java/org/openhab/core/ai/common/actions/addons/CheckAddonHealthAction.java:[297,32] Potential null pointer access: The method get(Object) may return null
[WARNING] /Users/kgoderis/Development/openhab/git/openhab-core/bundles/org.openhab.core.ai.common/src/main/java/org/openhab/core/ai/common/actions/addons/CheckAddonHealthAction.java:[309,22] Potential null pointer access: This expression of type java.lang.Boolean may be null but requires auto-unboxing
[WARNING] /Users/kgoderis/Development/openhab/git/openhab-core/bundles/org.openhab.core.ai.common/src/main/java/org/openhab/core/ai/common/actions/addons/CheckAddonHealthAction.java:[309,32] Potential null pointer access: The method get(Object) may return null
[WARNING] /Users/kgoderis/Development/openhab/git/openhab-core/bundles/org.openhab.core.ai.common/src/main/java/org/openhab/core/ai/common/actions/addons/CheckAddonHealthAction.java:[321,22] Potential null pointer access: This expression of type java.lang.Boolean may be null but requires auto-unboxing
[WARNING] /Users/kgoderis/Development/openhab/git/openhab-core/bundles/org.openhab.core.ai.common/src/main/java/org/openhab/core/ai/common/actions/addons/CheckAddonHealthAction.java:[321,32] Potential null pointer access: The method get(Object) may return null
[WARNING] /Users/kgoderis/Development/openhab/git/openhab-core/bundles/org.openhab.core.ai.common/src/main/java/org/openhab/core/ai/common/actions/addons/CheckAddonHealthAction.java:[333,21] Potential null pointer access: This expression of type java.lang.Integer may be null but requires auto-unboxing
[WARNING] /Users/kgoderis/Development/openhab/git/openhab-core/bundles/org.openhab.core.ai.common/src/main/java/org/openhab/core/ai/common/actions/addons/CheckAddonHealthAction.java:[333,31] Potential null pointer access: The method get(Object) may return null
[WARNING] /Users/kgoderis/Development/openhab/git/openhab-core/bundles/org.openhab.core.ai.common/src/main/java/org/openhab/core/ai/common/actions/addons/CheckAddonHealthAction.java:[379,28] Potential null pointer access: this expression has a '@Nullable' type
[WARNING] /Users/kgoderis/Development/openhab/git/openhab-core/bundles/org.openhab.core.ai.common/src/main/java/org/openhab/core/ai/common/actions/addons/CheckAddonHealthAction.java:[648,28] Potential null pointer access: this expression has a '@Nullable' type
[WARNING] /Users/kgoderis/Development/openhab/git/openhab-core/bundles/org.openhab.core.ai.common/src/main/java/org/openhab/core/ai/common/actions/addons/GetAddonAction.java:[251,28] Potential null pointer access: this expression has a '@Nullable' type
[WARNING] /Users/kgoderis/Development/openhab/git/openhab-core/bundles/org.openhab.core.ai.common/src/main/java/org/openhab/core/ai/common/actions/addons/GetAddonDependenciesAction.java:[159,50] Potential null pointer access: The variable action may be null at this location
[WARNING] /Users/kgoderis/Development/openhab/git/openhab-core/bundles/org.openhab.core.ai.common/src/main/java/org/openhab/core/ai/common/actions/addons/GetAddonDependenciesAction.java:[172,18] The value of the local variable executionTime is not used
[WARNING] /Users/kgoderis/Development/openhab/git/openhab-core/bundles/org.openhab.core.ai.common/src/main/java/org/openhab/core/ai/common/actions/addons/GetAddonDependenciesAction.java:[436,17] Redundant null check: The variable wiring cannot be null at this location
[WARNING] /Users/kgoderis/Development/openhab/git/openhab-core/bundles/org.openhab.core.ai.common/src/main/java/org/openhab/core/ai/common/actions/addons/GetAddonDependenciesAction.java:[494,21] Redundant null check: The variable wiring cannot be null at this location
[WARNING] /Users/kgoderis/Development/openhab/git/openhab-core/bundles/org.openhab.core.ai.common/src/main/java/org/openhab/core/ai/common/actions/addons/GetAddonDependenciesAction.java:[529,38] The value of the local variable dep is not used
[WARNING] /Users/kgoderis/Development/openhab/git/openhab-core/bundles/org.openhab.core.ai.common/src/main/java/org/openhab/core/ai/common/actions/addons/GetAddonDependenciesAction.java:[568,35] Potential null pointer access: this expression has a '@Nullable' type
[WARNING] /Users/kgoderis/Development/openhab/git/openhab-core/bundles/org.openhab.core.ai.common/src/main/java/org/openhab/core/ai/common/actions/addons/GetAddonDependenciesAction.java:[572,25] Redundant null check: The variable wiring cannot be null at this location
[WARNING] /Users/kgoderis/Development/openhab/git/openhab-core/bundles/org.openhab.core.ai.common/src/main/java/org/openhab/core/ai/common/actions/addons/GetAddonDependenciesAction.java:[640,20] Potential null pointer access: this expression has a '@Nullable' type
[WARNING] /Users/kgoderis/Development/openhab/git/openhab-core/bundles/org.openhab.core.ai.common/src/main/java/org/openhab/core/ai/common/actions/addons/GetAddonDependenciesAction.java:[643,34] Potential null pointer access: this expression has a '@Nullable' type
[WARNING] /Users/kgoderis/Development/openhab/git/openhab-core/bundles/org.openhab.core.ai.common/src/main/java/org/openhab/core/ai/common/actions/addons/GetAddonInfoAction.java:[162,50] Potential null pointer access: The variable action may be null at this location
[WARNING] /Users/kgoderis/Development/openhab/git/openhab-core/bundles/org.openhab.core.ai.common/src/main/java/org/openhab/core/ai/common/actions/addons/GetAddonInfoAction.java:[175,18] The value of the local variable executionTime is not used
[WARNING] /Users/kgoderis/Development/openhab/git/openhab-core/bundles/org.openhab.core.ai.common/src/main/java/org/openhab/core/ai/common/actions/addons/GetAddonInfoAction.java:[481,51] The field org.osgi.framework.Constants.BUNDLE_REQUIREDEXECUTIONENVIRONMENT is deprecated
[WARNING] /Users/kgoderis/Development/openhab/git/openhab-core/bundles/org.openhab.core.ai.common/src/main/java/org/openhab/core/ai/common/actions/addons/GetAddonInfoAction.java:[631,20] Potential null pointer access: this expression has a '@Nullable' type
[WARNING] /Users/kgoderis/Development/openhab/git/openhab-core/bundles/org.openhab.core.ai.common/src/main/java/org/openhab/core/ai/common/actions/addons/GetAddonInfoAction.java:[634,34] Potential null pointer access: this expression has a '@Nullable' type
[WARNING] /Users/kgoderis/Development/openhab/git/openhab-core/bundles/org.openhab.core.ai.common/src/main/java/org/openhab/core/ai/common/actions/addons/GetAddonStatusAction.java:[157,50] Potential null pointer access: The variable action may be null at this location
[WARNING] /Users/kgoderis/Development/openhab/git/openhab-core/bundles/org.openhab.core.ai.common/src/main/java/org/openhab/core/ai/common/actions/addons/GetAddonStatusAction.java:[171,18] The value of the local variable executionTime is not used
[WARNING] /Users/kgoderis/Development/openhab/git/openhab-core/bundles/org.openhab.core.ai.common/src/main/java/org/openhab/core/ai/common/actions/addons/GetAddonStatusAction.java:[261,17] The value of the local variable forceOperation is not used
[WARNING] /Users/kgoderis/Development/openhab/git/openhab-core/bundles/org.openhab.core.ai.common/src/main/java/org/openhab/core/ai/common/actions/addons/GetAddonStatusAction.java:[307,17] The value of the local variable forceOperation is not used
[WARNING] /Users/kgoderis/Development/openhab/git/openhab-core/bundles/org.openhab.core.ai.common/src/main/java/org/openhab/core/ai/common/actions/addons/GetAddonStatusAction.java:[360,17] The value of the local variable forceOperation is not used
[WARNING] /Users/kgoderis/Development/openhab/git/openhab-core/bundles/org.openhab.core.ai.common/src/main/java/org/openhab/core/ai/common/actions/addons/GetAddonStatusAction.java:[478,32] Potential null pointer access: this expression has a '@Nullable' type
[WARNING] /Users/kgoderis/Development/openhab/git/openhab-core/bundles/org.openhab.core.ai.common/src/main/java/org/openhab/core/ai/common/actions/addons/GetAddonStatusAction.java:[585,20] Potential null pointer access: this expression has a '@Nullable' type
[WARNING] /Users/kgoderis/Development/openhab/git/openhab-core/bundles/org.openhab.core.ai.common/src/main/java/org/openhab/core/ai/common/actions/addons/GetAddonStatusAction.java:[588,34] Potential null pointer access: this expression has a '@Nullable' type
[WARNING] /Users/kgoderis/Development/openhab/git/openhab-core/bundles/org.openhab.core.ai.common/src/main/java/org/openhab/core/ai/common/actions/addons/InstallAddonAction.java:[177,50] Potential null pointer access: The variable action may be null at this location
[WARNING] /Users/kgoderis/Development/openhab/git/openhab-core/bundles/org.openhab.core.ai.common/src/main/java/org/openhab/core/ai/common/actions/addons/InstallAddonAction.java:[189,18] The value of the local variable executionTime is not used
[WARNING] /Users/kgoderis/Development/openhab/git/openhab-core/bundles/org.openhab.core.ai.common/src/main/java/org/openhab/core/ai/common/actions/addons/InstallAddonAction.java:[274,38] Potential null pointer access: this expression has a '@Nullable' type
[WARNING] /Users/kgoderis/Development/openhab/git/openhab-core/bundles/org.openhab.core.ai.common/src/main/java/org/openhab/core/ai/common/actions/addons/InstallAddonAction.java:[345,17] The value of the local variable url is not used
[WARNING] /Users/kgoderis/Development/openhab/git/openhab-core/bundles/org.openhab.core.ai.common/src/main/java/org/openhab/core/ai/common/actions/addons/InstallAddonAction.java:[345,27] The constructor java.net.URL(java.lang.String) is deprecated since version 20
[WARNING] /Users/kgoderis/Development/openhab/git/openhab-core/bundles/org.openhab.core.ai.common/src/main/java/org/openhab/core/ai/common/actions/addons/InstallAddonAction.java:[348,38] Potential null pointer access: this expression has a '@Nullable' type
[WARNING] /Users/kgoderis/Development/openhab/git/openhab-core/bundles/org.openhab.core.ai.common/src/main/java/org/openhab/core/ai/common/actions/addons/InstallAddonAction.java:[420,38] Potential null pointer access: this expression has a '@Nullable' type
[WARNING] /Users/kgoderis/Development/openhab/git/openhab-core/bundles/org.openhab.core.ai.common/src/main/java/org/openhab/core/ai/common/actions/addons/InstallAddonAction.java:[518,30] Potential null pointer access: this expression has a '@Nullable' type
[WARNING] /Users/kgoderis/Development/openhab/git/openhab-core/bundles/org.openhab.core.ai.common/src/main/java/org/openhab/core/ai/common/actions/addons/ListAddonsAction.java:[166,50] Potential null pointer access: The variable action may be null at this location
[WARNING] /Users/kgoderis/Development/openhab/git/openhab-core/bundles/org.openhab.core.ai.common/src/main/java/org/openhab/core/ai/common/actions/addons/ListAddonsAction.java:[178,18] The value of the local variable executionTime is not used
[WARNING] /Users/kgoderis/Development/openhab/git/openhab-core/bundles/org.openhab.core.ai.common/src/main/java/org/openhab/core/ai/common/actions/addons/ListAddonsAction.java:[237,28] Potential null pointer access: this expression has a '@Nullable' type
[WARNING] /Users/kgoderis/Development/openhab/git/openhab-core/bundles/org.openhab.core.ai.common/src/main/java/org/openhab/core/ai/common/actions/addons/ListAddonsAction.java:[318,28] Potential null pointer access: this expression has a '@Nullable' type
[WARNING] /Users/kgoderis/Development/openhab/git/openhab-core/bundles/org.openhab.core.ai.common/src/main/java/org/openhab/core/ai/common/actions/addons/ListAddonsAction.java:[377,28] Potential null pointer access: this expression has a '@Nullable' type
[WARNING] /Users/kgoderis/Development/openhab/git/openhab-core/bundles/org.openhab.core.ai.common/src/main/java/org/openhab/core/ai/common/actions/addons/ListAddonsAction.java:[466,20] Potential null pointer access: this expression has a '@Nullable' type
[WARNING] /Users/kgoderis/Development/openhab/git/openhab-core/bundles/org.openhab.core.ai.common/src/main/java/org/openhab/core/ai/common/actions/addons/ListAddonsAction.java:[469,34] Potential null pointer access: this expression has a '@Nullable' type
[WARNING] /Users/kgoderis/Development/openhab/git/openhab-core/bundles/org.openhab.core.ai.common/src/main/java/org/openhab/core/ai/common/actions/addons/ManageAddonRepositoriesAction.java:[221,21] Potential null pointer access: The variable action may be null at this location
[WARNING] /Users/kgoderis/Development/openhab/git/openhab-core/bundles/org.openhab.core.ai.common/src/main/java/org/openhab/core/ai/common/actions/addons/ManageAddonRepositoriesAction.java:[261,28] Potential null pointer access: this expression has a '@Nullable' type
[WARNING] /Users/kgoderis/Development/openhab/git/openhab-core/bundles/org.openhab.core.ai.common/src/main/java/org/openhab/core/ai/common/actions/addons/ManageAddonRepositoriesAction.java:[295,27] The constructor java.net.URL(java.lang.String) is deprecated since version 20
[WARNING] /Users/kgoderis/Development/openhab/git/openhab-core/bundles/org.openhab.core.ai.common/src/main/java/org/openhab/core/ai/common/actions/addons/ManageAddonRepositoriesAction.java:[355,27] The constructor java.net.URL(java.lang.String) is deprecated since version 20
[WARNING] /Users/kgoderis/Development/openhab/git/openhab-core/bundles/org.openhab.core.ai.common/src/main/java/org/openhab/core/ai/common/actions/addons/SearchAddonsAction.java:[218,32] Potential null pointer access: this expression has a '@Nullable' type
[WARNING] /Users/kgoderis/Development/openhab/git/openhab-core/bundles/org.openhab.core.ai.common/src/main/java/org/openhab/core/ai/common/actions/addons/SearchAddonsAction.java:[245,29] Potential null pointer access: The variable action may be null at this location
[WARNING] /Users/kgoderis/Development/openhab/git/openhab-core/bundles/org.openhab.core.ai.common/src/main/java/org/openhab/core/ai/common/actions/addons/UninstallAddonAction.java:[163,50] Potential null pointer access: The variable action may be null at this location
[WARNING] /Users/kgoderis/Development/openhab/git/openhab-core/bundles/org.openhab.core.ai.common/src/main/java/org/openhab/core/ai/common/actions/addons/UninstallAddonAction.java:[175,18] The value of the local variable executionTime is not used
[WARNING] /Users/kgoderis/Development/openhab/git/openhab-core/bundles/org.openhab.core.ai.common/src/main/java/org/openhab/core/ai/common/actions/addons/UninstallAddonAction.java:[359,28] Potential null pointer access: this expression has a '@Nullable' type
[WARNING] /Users/kgoderis/Development/openhab/git/openhab-core/bundles/org.openhab.core.ai.common/src/main/java/org/openhab/core/ai/common/actions/addons/UninstallAddonAction.java:[529,39] Potential null pointer access: this expression has a '@Nullable' type
[WARNING] /Users/kgoderis/Development/openhab/git/openhab-core/bundles/org.openhab.core.ai.common/src/main/java/org/openhab/core/ai/common/actions/addons/UninstallAddonAction.java:[575,20] Potential null pointer access: this expression has a '@Nullable' type
[WARNING] /Users/kgoderis/Development/openhab/git/openhab-core/bundles/org.openhab.core.ai.common/src/main/java/org/openhab/core/ai/common/actions/addons/UninstallAddonAction.java:[578,34] Potential null pointer access: this expression has a '@Nullable' type
[WARNING] /Users/kgoderis/Development/openhab/git/openhab-core/bundles/org.openhab.core.ai.common/src/main/java/org/openhab/core/ai/common/actions/addons/UpdateAddonAction.java:[247,21] Potential null pointer access: The variable action may be null at this location
[WARNING] /Users/kgoderis/Development/openhab/git/openhab-core/bundles/org.openhab.core.ai.common/src/main/java/org/openhab/core/ai/common/actions/addons/UpdateAddonAction.java:[384,27] The constructor java.net.URL(java.lang.String) is deprecated since version 20
[WARNING] /Users/kgoderis/Development/openhab/git/openhab-core/bundles/org.openhab.core.ai.common/src/main/java/org/openhab/core/ai/common/actions/addons/UpdateAddonAction.java:[517,28] Potential null pointer access: this expression has a '@Nullable' type
[WARNING] /Users/kgoderis/Development/openhab/git/openhab-core/bundles/org.openhab.core.ai.common/src/main/java/org/openhab/core/ai/common/actions/addons/UpdateAddonAction.java:[553,28] Potential null pointer access: this expression has a '@Nullable' type
[WARNING] /Users/kgoderis/Development/openhab/git/openhab-core/bundles/org.openhab.core.ai.common/src/main/java/org/openhab/core/ai/common/actions/analytics/DataAnalysisAction.java:[121,13] Redundant null check: comparing '@NonNull Map<@NonNull String,@NonNull Object>' against null
[WARNING] /Users/kgoderis/Development/openhab/git/openhab-core/bundles/org.openhab.core.ai.common/src/main/java/org/openhab/core/ai/common/actions/analytics/DataAnalysisAction.java:[121,33] Dead code
[WARNING] /Users/kgoderis/Development/openhab/git/openhab-core/bundles/org.openhab.core.ai.common/src/main/java/org/openhab/core/ai/common/actions/analytics/DataAnalysisAction.java:[161,50] Potential null pointer access: The variable operation may be null at this location
[WARNING] /Users/kgoderis/Development/openhab/git/openhab-core/bundles/org.openhab.core.ai.common/src/main/java/org/openhab/core/ai/common/actions/analytics/DataAnalysisAction.java:[183,18] The value of the local variable executionTime is not used
[WARNING] /Users/kgoderis/Development/openhab/git/openhab-core/bundles/org.openhab.core.ai.common/src/main/java/org/openhab/core/ai/common/actions/analytics/DataAnalysisAction.java:[250,64] Null type mismatch: required 'java.lang.@NonNull String' but the provided value is inferred as @org.eclipse.jdt.annotation.Nullable
[WARNING] /Users/kgoderis/Development/openhab/git/openhab-core/bundles/org.openhab.core.ai.common/src/main/java/org/openhab/core/ai/common/actions/analytics/DataAnalysisAction.java:[253,32] Null type mismatch: required 'java.lang.@NonNull Object' but the provided value is inferred as @org.eclipse.jdt.annotation.Nullable
[WARNING] /Users/kgoderis/Development/openhab/git/openhab-core/bundles/org.openhab.core.ai.common/src/main/java/org/openhab/core/ai/common/actions/analytics/DataAnalysisAction.java:[272,64] Null type mismatch: required 'java.lang.@NonNull String' but the provided value is inferred as @org.eclipse.jdt.annotation.Nullable
[WARNING] /Users/kgoderis/Development/openhab/git/openhab-core/bundles/org.openhab.core.ai.common/src/main/java/org/openhab/core/ai/common/actions/analytics/DataAnalysisAction.java:[277,32] Null type mismatch: required 'java.lang.@NonNull Object' but the provided value is inferred as @org.eclipse.jdt.annotation.Nullable
[WARNING] /Users/kgoderis/Development/openhab/git/openhab-core/bundles/org.openhab.core.ai.common/src/main/java/org/openhab/core/ai/common/actions/analytics/DataAnalysisAction.java:[294,64] Null type mismatch: required 'java.lang.@NonNull String' but the provided value is inferred as @org.eclipse.jdt.annotation.Nullable
[WARNING] /Users/kgoderis/Development/openhab/git/openhab-core/bundles/org.openhab.core.ai.common/src/main/java/org/openhab/core/ai/common/actions/analytics/DataAnalysisAction.java:[299,32] Null type mismatch: required 'java.lang.@NonNull Object' but the provided value is inferred as @org.eclipse.jdt.annotation.Nullable
[WARNING] /Users/kgoderis/Development/openhab/git/openhab-core/bundles/org.openhab.core.ai.common/src/main/java/org/openhab/core/ai/common/actions/analytics/DataAnalysisAction.java:[329,64] Null type mismatch: required 'java.lang.@NonNull String' but the provided value is inferred as @org.eclipse.jdt.annotation.Nullable
[WARNING] /Users/kgoderis/Development/openhab/git/openhab-core/bundles/org.openhab.core.ai.common/src/main/java/org/openhab/core/ai/common/actions/analytics/DataAnalysisAction.java:[335,32] Null type mismatch: required 'java.lang.@NonNull Object' but the provided value is inferred as @org.eclipse.jdt.annotation.Nullable
[WARNING] /Users/kgoderis/Development/openhab/git/openhab-core/bundles/org.openhab.core.ai.common/src/main/java/org/openhab/core/ai/common/actions/analytics/DataAnalysisAction.java:[347,64] Null type mismatch: required 'java.lang.@NonNull String' but the provided value is inferred as @org.eclipse.jdt.annotation.Nullable
[WARNING] /Users/kgoderis/Development/openhab/git/openhab-core/bundles/org.openhab.core.ai.common/src/main/java/org/openhab/core/ai/common/actions/analytics/DataAnalysisAction.java:[362,32] Null type mismatch: required 'java.lang.@NonNull Object' but the provided value is inferred as @org.eclipse.jdt.annotation.Nullable
[WARNING] /Users/kgoderis/Development/openhab/git/openhab-core/bundles/org.openhab.core.ai.common/src/main/java/org/openhab/core/ai/common/actions/analytics/DataAnalysisAction.java:[377,33] Null type mismatch: required 'java.lang.@NonNull String' but the provided value is inferred as @org.eclipse.jdt.annotation.Nullable
[WARNING] /Users/kgoderis/Development/openhab/git/openhab-core/bundles/org.openhab.core.ai.common/src/main/java/org/openhab/core/ai/common/actions/analytics/DataAnalysisAction.java:[398,64] Null type mismatch: required 'java.lang.@NonNull String' but the provided value is inferred as @org.eclipse.jdt.annotation.Nullable
[WARNING] /Users/kgoderis/Development/openhab/git/openhab-core/bundles/org.openhab.core.ai.common/src/main/java/org/openhab/core/ai/common/actions/analytics/DataAnalysisAction.java:[403,32] Null type mismatch: required 'java.lang.@NonNull Object' but the provided value is inferred as @org.eclipse.jdt.annotation.Nullable
[WARNING] /Users/kgoderis/Development/openhab/git/openhab-core/bundles/org.openhab.core.ai.common/src/main/java/org/openhab/core/ai/common/actions/analytics/DataAnalysisAction.java:[418,64] Null type mismatch: required 'java.lang.@NonNull String' but the provided value is inferred as @org.eclipse.jdt.annotation.Nullable
[WARNING] /Users/kgoderis/Development/openhab/git/openhab-core/bundles/org.openhab.core.ai.common/src/main/java/org/openhab/core/ai/common/actions/analytics/DataAnalysisAction.java:[423,32] Null type mismatch: required 'java.lang.@NonNull Object' but the provided value is inferred as @org.eclipse.jdt.annotation.Nullable
[WARNING] /Users/kgoderis/Development/openhab/git/openhab-core/bundles/org.openhab.core.ai.common/src/main/java/org/openhab/core/ai/common/actions/analytics/DataAnalysisAction.java:[438,33] Null type mismatch: required 'java.lang.@NonNull String' but the provided value is inferred as @org.eclipse.jdt.annotation.Nullable
[WARNING] /Users/kgoderis/Development/openhab/git/openhab-core/bundles/org.openhab.core.ai.common/src/main/java/org/openhab/core/ai/common/actions/analytics/DataAnalysisAction.java:[461,64] Null type mismatch: required 'java.lang.@NonNull String' but the provided value is inferred as @org.eclipse.jdt.annotation.Nullable
[WARNING] /Users/kgoderis/Development/openhab/git/openhab-core/bundles/org.openhab.core.ai.common/src/main/java/org/openhab/core/ai/common/actions/analytics/DataAnalysisAction.java:[471,32] Null type mismatch: required 'java.lang.@NonNull Object' but the provided value is inferred as @org.eclipse.jdt.annotation.Nullable
[WARNING] /Users/kgoderis/Development/openhab/git/openhab-core/bundles/org.openhab.core.ai.common/src/main/java/org/openhab/core/ai/common/actions/analytics/DataAnalysisAction.java:[483,64] Null type mismatch: required 'java.lang.@NonNull String' but the provided value is inferred as @org.eclipse.jdt.annotation.Nullable
[WARNING] /Users/kgoderis/Development/openhab/git/openhab-core/bundles/org.openhab.core.ai.common/src/main/java/org/openhab/core/ai/common/actions/analytics/DataAnalysisAction.java:[487,33] Null type mismatch: required 'java.lang.@NonNull Object' but the provided value is inferred as @org.eclipse.jdt.annotation.Nullable
[WARNING] /Users/kgoderis/Development/openhab/git/openhab-core/bundles/org.openhab.core.ai.common/src/main/java/org/openhab/core/ai/common/actions/analytics/DataAnalysisAction.java:[574,38] Potential null pointer access: This expression of type java.lang.Double may be null but requires auto-unboxing
[WARNING] /Users/kgoderis/Development/openhab/git/openhab-core/bundles/org.openhab.core.ai.common/src/main/java/org/openhab/core/ai/common/actions/analytics/DataAnalysisAction.java:[574,47] Potential null pointer access: The method get(Object) may return null
[WARNING] /Users/kgoderis/Development/openhab/git/openhab-core/bundles/org.openhab.core.ai.common/src/main/java/org/openhab/core/ai/common/actions/analytics/DataAnalysisAction.java:[594,79] Potential null pointer access: This expression of type java.lang.Double may be null but requires auto-unboxing
[WARNING] /Users/kgoderis/Development/openhab/git/openhab-core/bundles/org.openhab.core.ai.common/src/main/java/org/openhab/core/ai/common/actions/analytics/DataAnalysisAction.java:[594,88] Potential null pointer access: The method get(Object) may return null
[WARNING] /Users/kgoderis/Development/openhab/git/openhab-core/bundles/org.openhab.core.ai.common/src/main/java/org/openhab/core/ai/common/actions/analytics/DataAnalysisAction.java:[598,28] Potential null pointer access: This expression of type java.lang.Double may be null but requires auto-unboxing
[WARNING] /Users/kgoderis/Development/openhab/git/openhab-core/bundles/org.openhab.core.ai.common/src/main/java/org/openhab/core/ai/common/actions/automation/AdvancedAutomationAction.java:[76,35] Potential null pointer access: this expression has a '@Nullable' type
[WARNING] /Users/kgoderis/Development/openhab/git/openhab-core/bundles/org.openhab.core.ai.common/src/main/java/org/openhab/core/ai/common/actions/automation/AdvancedAutomationAction.java:[77,13] Potential null pointer access: this expression has a '@Nullable' type
[WARNING] /Users/kgoderis/Development/openhab/git/openhab-core/bundles/org.openhab.core.ai.common/src/main/java/org/openhab/core/ai/common/actions/automation/AdvancedAutomationAction.java:[217,50] Potential null pointer access: The variable operation may be null at this location
[WARNING] /Users/kgoderis/Development/openhab/git/openhab-core/bundles/org.openhab.core.ai.common/src/main/java/org/openhab/core/ai/common/actions/automation/AdvancedAutomationAction.java:[242,18] The value of the local variable executionTime is not used
[WARNING] /Users/kgoderis/Development/openhab/git/openhab-core/bundles/org.openhab.core.ai.common/src/main/java/org/openhab/core/ai/common/actions/automation/AdvancedAutomationAction.java:[304,74] Null type mismatch: required 'java.lang.@NonNull String' but the provided value is inferred as @org.eclipse.jdt.annotation.Nullable
[WARNING] /Users/kgoderis/Development/openhab/git/openhab-core/bundles/org.openhab.core.ai.common/src/main/java/org/openhab/core/ai/common/actions/automation/AdvancedAutomationAction.java:[304,80] Null type mismatch: required 'java.lang.@NonNull String' but the provided value is inferred as @org.eclipse.jdt.annotation.Nullable
[WARNING] /Users/kgoderis/Development/openhab/git/openhab-core/bundles/org.openhab.core.ai.common/src/main/java/org/openhab/core/ai/common/actions/automation/AdvancedAutomationAction.java:[309,28] Null type mismatch: required 'java.lang.@NonNull Object' but the provided value is inferred as @org.eclipse.jdt.annotation.Nullable
[WARNING] /Users/kgoderis/Development/openhab/git/openhab-core/bundles/org.openhab.core.ai.common/src/main/java/org/openhab/core/ai/common/actions/automation/AdvancedAutomationAction.java:[310,35] Null type mismatch: required 'java.lang.@NonNull Object' but the provided value is inferred as @org.eclipse.jdt.annotation.Nullable
[WARNING] /Users/kgoderis/Development/openhab/git/openhab-core/bundles/org.openhab.core.ai.common/src/main/java/org/openhab/core/ai/common/actions/automation/AdvancedAutomationAction.java:[327,61] Null type mismatch: required 'java.lang.@NonNull String' but the provided value is inferred as @org.eclipse.jdt.annotation.Nullable
[WARNING] /Users/kgoderis/Development/openhab/git/openhab-core/bundles/org.openhab.core.ai.common/src/main/java/org/openhab/core/ai/common/actions/automation/AdvancedAutomationAction.java:[333,9] Potential null pointer access: this expression has a '@Nullable' type
[WARNING] /Users/kgoderis/Development/openhab/git/openhab-core/bundles/org.openhab.core.ai.common/src/main/java/org/openhab/core/ai/common/actions/automation/AdvancedAutomationAction.java:[335,34] Null type mismatch: required 'java.lang.@NonNull Object' but the provided value is inferred as @org.eclipse.jdt.annotation.Nullable
[WARNING] /Users/kgoderis/Development/openhab/git/openhab-core/bundles/org.openhab.core.ai.common/src/main/java/org/openhab/core/ai/common/actions/automation/AdvancedAutomationAction.java:[367,61] Null type mismatch: required 'java.lang.@NonNull String' but the provided value is inferred as @org.eclipse.jdt.annotation.Nullable
[WARNING] /Users/kgoderis/Development/openhab/git/openhab-core/bundles/org.openhab.core.ai.common/src/main/java/org/openhab/core/ai/common/actions/automation/AdvancedAutomationAction.java:[384,61] Null type mismatch: required 'java.lang.@NonNull String' but the provided value is inferred as @org.eclipse.jdt.annotation.Nullable
[WARNING] /Users/kgoderis/Development/openhab/git/openhab-core/bundles/org.openhab.core.ai.common/src/main/java/org/openhab/core/ai/common/actions/automation/AdvancedAutomationAction.java:[393,34] Null type mismatch: required 'java.lang.@NonNull Object' but the provided value is inferred as @org.eclipse.jdt.annotation.Nullable
[WARNING] /Users/kgoderis/Development/openhab/git/openhab-core/bundles/org.openhab.core.ai.common/src/main/java/org/openhab/core/ai/common/actions/automation/AdvancedAutomationAction.java:[416,17] Potential null pointer access: The variable schedule may be null at this location
[WARNING] /Users/kgoderis/Development/openhab/git/openhab-core/bundles/org.openhab.core.ai.common/src/main/java/org/openhab/core/ai/common/actions/automation/AdvancedAutomationAction.java:[419,33] Potential null pointer access: this expression has a '@Nullable' type
[WARNING] /Users/kgoderis/Development/openhab/git/openhab-core/bundles/org.openhab.core.ai.common/src/main/java/org/openhab/core/ai/common/actions/automation/AdvancedAutomationAction.java:[419,98] Null type mismatch: required 'java.lang.@NonNull String' but the provided value is inferred as @org.eclipse.jdt.annotation.Nullable
[WARNING] /Users/kgoderis/Development/openhab/git/openhab-core/bundles/org.openhab.core.ai.common/src/main/java/org/openhab/core/ai/common/actions/automation/AdvancedAutomationAction.java:[419,104] Null type mismatch: required 'java.util.@NonNull Map<?,?>' but the provided value is inferred as @org.eclipse.jdt.annotation.Nullable
[WARNING] /Users/kgoderis/Development/openhab/git/openhab-core/bundles/org.openhab.core.ai.common/src/main/java/org/openhab/core/ai/common/actions/automation/AdvancedAutomationAction.java:[430,32] Null type mismatch: required 'java.lang.@NonNull Object' but the provided value is inferred as @org.eclipse.jdt.annotation.Nullable
[WARNING] /Users/kgoderis/Development/openhab/git/openhab-core/bundles/org.openhab.core.ai.common/src/main/java/org/openhab/core/ai/common/actions/automation/AdvancedAutomationAction.java:[458,65] Potential null pointer access: This expression of type java.lang.Boolean may be null but requires auto-unboxing
[WARNING] /Users/kgoderis/Development/openhab/git/openhab-core/bundles/org.openhab.core.ai.common/src/main/java/org/openhab/core/ai/common/actions/automation/AdvancedAutomationAction.java:[458,75] Potential null pointer access: The method get(Object) may return null
[WARNING] /Users/kgoderis/Development/openhab/git/openhab-core/bundles/org.openhab.core.ai.common/src/main/java/org/openhab/core/ai/common/actions/automation/AdvancedAutomationAction.java:[481,30] Null type mismatch: required 'java.lang.@NonNull Object' but the provided value is inferred as @org.eclipse.jdt.annotation.Nullable
[WARNING] /Users/kgoderis/Development/openhab/git/openhab-core/bundles/org.openhab.core.ai.common/src/main/java/org/openhab/core/ai/common/actions/automation/AdvancedAutomationAction.java:[500,74] Null type mismatch: required 'java.lang.@NonNull String' but the provided value is inferred as @org.eclipse.jdt.annotation.Nullable
[WARNING] /Users/kgoderis/Development/openhab/git/openhab-core/bundles/org.openhab.core.ai.common/src/main/java/org/openhab/core/ai/common/actions/automation/AdvancedAutomationAction.java:[500,80] Null type mismatch: required 'java.lang.@NonNull String' but the provided value is inferred as @org.eclipse.jdt.annotation.Nullable
[WARNING] /Users/kgoderis/Development/openhab/git/openhab-core/bundles/org.openhab.core.ai.common/src/main/java/org/openhab/core/ai/common/actions/automation/AdvancedAutomationAction.java:[506,28] Null type mismatch: required 'java.lang.@NonNull Object' but the provided value is inferred as @org.eclipse.jdt.annotation.Nullable
[WARNING] /Users/kgoderis/Development/openhab/git/openhab-core/bundles/org.openhab.core.ai.common/src/main/java/org/openhab/core/ai/common/actions/automation/AdvancedAutomationAction.java:[507,35] Null type mismatch: required 'java.lang.@NonNull Object' but the provided value is inferred as @org.eclipse.jdt.annotation.Nullable
[WARNING] /Users/kgoderis/Development/openhab/git/openhab-core/bundles/org.openhab.core.ai.common/src/main/java/org/openhab/core/ai/common/actions/automation/AdvancedAutomationAction.java:[534,19] The value of the local variable overrideParams is not used
[WARNING] /Users/kgoderis/Development/openhab/git/openhab-core/bundles/org.openhab.core.ai.common/src/main/java/org/openhab/core/ai/common/actions/automation/AdvancedAutomationAction.java:[550,34] Null type mismatch: required 'java.lang.@NonNull Object' but the provided value is inferred as @org.eclipse.jdt.annotation.Nullable
[WARNING] /Users/kgoderis/Development/openhab/git/openhab-core/bundles/org.openhab.core.ai.common/src/main/java/org/openhab/core/ai/common/actions/automation/AdvancedAutomationAction.java:[659,9] Potential null pointer access: this expression has a '@Nullable' type
[WARNING] /Users/kgoderis/Development/openhab/git/openhab-core/bundles/org.openhab.core.ai.common/src/main/java/org/openhab/core/ai/common/actions/automation/AdvancedAutomationAction.java:[682,42] Potential null pointer access: this expression has a '@Nullable' type
[WARNING] /Users/kgoderis/Development/openhab/git/openhab-core/bundles/org.openhab.core.ai.common/src/main/java/org/openhab/core/ai/common/actions/automation/AdvancedAutomationAction.java:[683,43] Potential null pointer access: this expression has a '@Nullable' type
[WARNING] /Users/kgoderis/Development/openhab/git/openhab-core/bundles/org.openhab.core.ai.common/src/main/java/org/openhab/core/ai/common/actions/automation/AdvancedAutomationAction.java:[687,30] Null type mismatch: required 'java.lang.@NonNull Object' but the provided value is inferred as @org.eclipse.jdt.annotation.Nullable
[WARNING] /Users/kgoderis/Development/openhab/git/openhab-core/bundles/org.openhab.core.ai.common/src/main/java/org/openhab/core/ai/common/actions/automation/AdvancedAutomationAction.java:[710,36] Potential null pointer access: this expression has a '@Nullable' type
[WARNING] /Users/kgoderis/Development/openhab/git/openhab-core/bundles/org.openhab.core.ai.common/src/main/java/org/openhab/core/ai/common/actions/automation/AdvancedAutomationAction.java:[714,30] Null type mismatch: required 'java.lang.@NonNull Object' but the provided value is inferred as @org.eclipse.jdt.annotation.Nullable
[WARNING] /Users/kgoderis/Development/openhab/git/openhab-core/bundles/org.openhab.core.ai.common/src/main/java/org/openhab/core/ai/common/actions/automation/AdvancedAutomationAction.java:[752,22] The value of the field org.openhab.core.ai.common.actions.automation.AdvancedAutomationAction.WorkflowDefinition.workflowId is not used
[WARNING] /Users/kgoderis/Development/openhab/git/openhab-core/bundles/org.openhab.core.ai.common/src/main/java/org/openhab/core/ai/common/actions/automation/AdvancedAutomationAction.java:[753,22] The value of the field org.openhab.core.ai.common.actions.automation.AdvancedAutomationAction.WorkflowDefinition.name is not used
[WARNING] /Users/kgoderis/Development/openhab/git/openhab-core/bundles/org.openhab.core.ai.common/src/main/java/org/openhab/core/ai/common/actions/automation/AdvancedAutomationAction.java:[754,22] The value of the field org.openhab.core.ai.common.actions.automation.AdvancedAutomationAction.WorkflowDefinition.description is not used
[WARNING] /Users/kgoderis/Development/openhab/git/openhab-core/bundles/org.openhab.core.ai.common/src/main/java/org/openhab/core/ai/common/actions/automation/AdvancedAutomationAction.java:[756,25] The value of the field org.openhab.core.ai.common.actions.automation.AdvancedAutomationAction.WorkflowDefinition.conditions is not used
[WARNING] /Users/kgoderis/Development/openhab/git/openhab-core/bundles/org.openhab.core.ai.common/src/main/java/org/openhab/core/ai/common/actions/automation/AdvancedAutomationAction.java:[770,25] The value of the field org.openhab.core.ai.common.actions.automation.AdvancedAutomationAction.WorkflowExecution.parameters is not used
[WARNING] /Users/kgoderis/Development/openhab/git/openhab-core/bundles/org.openhab.core.ai.common/src/main/java/org/openhab/core/ai/common/actions/automation/AdvancedAutomationAction.java:[808,25] The value of the field org.openhab.core.ai.common.actions.automation.AdvancedAutomationAction.AutomationJob.parameters is not used
[WARNING] /Users/kgoderis/Development/openhab/git/openhab-core/bundles/org.openhab.core.ai.common/src/main/java/org/openhab/core/ai/common/actions/channels/ChannelLinkAction.java:[162,63] Null type mismatch: required 'java.lang.@NonNull String' but the provided value is inferred as @org.eclipse.jdt.annotation.Nullable
[WARNING] /Users/kgoderis/Development/openhab/git/openhab-core/bundles/org.openhab.core.ai.common/src/main/java/org/openhab/core/ai/common/actions/channels/ChannelLinkAction.java:[162,74] Null type mismatch: required 'java.lang.@NonNull String' but the provided value is inferred as @org.eclipse.jdt.annotation.Nullable
[WARNING] /Users/kgoderis/Development/openhab/git/openhab-core/bundles/org.openhab.core.ai.common/src/main/java/org/openhab/core/ai/common/actions/channels/ChannelLinkAction.java:[162,86] Null type mismatch: required 'java.lang.@NonNull String' but the provided value is inferred as @org.eclipse.jdt.annotation.Nullable
[WARNING] /Users/kgoderis/Development/openhab/git/openhab-core/bundles/org.openhab.core.ai.common/src/main/java/org/openhab/core/ai/common/actions/channels/ChannelLinkAction.java:[169,18] The value of the local variable executionTime is not used
[WARNING] /Users/kgoderis/Development/openhab/git/openhab-core/bundles/org.openhab.core.ai.common/src/main/java/org/openhab/core/ai/common/actions/channels/ChannelLinkAction.java:[241,21] Potential null pointer access: this expression has a '@Nullable' type
[WARNING] /Users/kgoderis/Development/openhab/git/openhab-core/bundles/org.openhab.core.ai.common/src/main/java/org/openhab/core/ai/common/actions/channels/ChannelLinkAction.java:[269,23] Potential null pointer access: this expression has a '@Nullable' type
[WARNING] /Users/kgoderis/Development/openhab/git/openhab-core/bundles/org.openhab.core.ai.common/src/main/java/org/openhab/core/ai/common/actions/channels/ChannelLinkAction.java:[280,46] Potential null pointer access: this expression has a '@Nullable' type
[WARNING] /Users/kgoderis/Development/openhab/git/openhab-core/bundles/org.openhab.core.ai.common/src/main/java/org/openhab/core/ai/common/actions/channels/ChannelLinkAction.java:[297,9] Potential null pointer access: this expression has a '@Nullable' type
[WARNING] /Users/kgoderis/Development/openhab/git/openhab-core/bundles/org.openhab.core.ai.common/src/main/java/org/openhab/core/ai/common/actions/channels/ChannelLinkAction.java:[310,46] Potential null pointer access: this expression has a '@Nullable' type
[WARNING] /Users/kgoderis/Development/openhab/git/openhab-core/bundles/org.openhab.core.ai.common/src/main/java/org/openhab/core/ai/common/actions/channels/ChannelLinkAction.java:[322,9] Potential null pointer access: this expression has a '@Nullable' type
[WARNING] /Users/kgoderis/Development/openhab/git/openhab-core/bundles/org.openhab.core.ai.common/src/main/java/org/openhab/core/ai/common/actions/channels/ChannelLinkAction.java:[333,46] Potential null pointer access: this expression has a '@Nullable' type
[WARNING] /Users/kgoderis/Development/openhab/git/openhab-core/bundles/org.openhab.core.ai.common/src/main/java/org/openhab/core/ai/common/actions/channels/ChannelLinkAction.java:[355,46] Potential null pointer access: this expression has a '@Nullable' type
[WARNING] /Users/kgoderis/Development/openhab/git/openhab-core/bundles/org.openhab.core.ai.common/src/main/java/org/openhab/core/ai/common/actions/channels/ChannelLinkAction.java:[367,9] Potential null pointer access: this expression has a '@Nullable' type
[WARNING] /Users/kgoderis/Development/openhab/git/openhab-core/bundles/org.openhab.core.ai.common/src/main/java/org/openhab/core/ai/common/actions/channels/ChannelLinkAction.java:[376,9] Potential null pointer access: this expression has a '@Nullable' type
[WARNING] /Users/kgoderis/Development/openhab/git/openhab-core/bundles/org.openhab.core.ai.common/src/main/java/org/openhab/core/ai/common/actions/channels/GetChannelAction.java:[166,57] Null type mismatch: required 'java.lang.@NonNull String' but the provided value is inferred as @org.eclipse.jdt.annotation.Nullable
[WARNING] /Users/kgoderis/Development/openhab/git/openhab-core/bundles/org.openhab.core.ai.common/src/main/java/org/openhab/core/ai/common/actions/channels/GetChannelAction.java:[220,27] Potential null pointer access: this expression has a '@Nullable' type
[WARNING] /Users/kgoderis/Development/openhab/git/openhab-core/bundles/org.openhab.core.ai.common/src/main/java/org/openhab/core/ai/common/actions/channels/GetChannelAction.java:[240,33] Null type mismatch: required 'java.lang.@NonNull Object' but the provided value is inferred as @org.eclipse.jdt.annotation.Nullable
[WARNING] /Users/kgoderis/Development/openhab/git/openhab-core/bundles/org.openhab.core.ai.common/src/main/java/org/openhab/core/ai/common/actions/channels/GetChannelAction.java:[246,39] Null type mismatch: required 'java.lang.@NonNull Object' but the provided value is inferred as @org.eclipse.jdt.annotation.Nullable
[WARNING] /Users/kgoderis/Development/openhab/git/openhab-core/bundles/org.openhab.core.ai.common/src/main/java/org/openhab/core/ai/common/actions/channels/GetChannelAction.java:[251,17] Redundant null check: comparing '@NonNull ChannelKind' against null
[WARNING] /Users/kgoderis/Development/openhab/git/openhab-core/bundles/org.openhab.core.ai.common/src/main/java/org/openhab/core/ai/common/actions/channels/GetChannelAction.java:[265,43] Potential null pointer access: this expression has a '@Nullable' type
[WARNING] /Users/kgoderis/Development/openhab/git/openhab-core/bundles/org.openhab.core.ai.common/src/main/java/org/openhab/core/ai/common/actions/channels/GetChannelAction.java:[270,25] Redundant null check: comparing '@NonNull String' against null
[WARNING] /Users/kgoderis/Development/openhab/git/openhab-core/bundles/org.openhab.core.ai.common/src/main/java/org/openhab/core/ai/common/actions/channels/GetChannelAction.java:[279,49] Null type mismatch: required 'java.lang.@NonNull Object' but the provided value is inferred as @org.eclipse.jdt.annotation.Nullable
[WARNING] /Users/kgoderis/Development/openhab/git/openhab-core/bundles/org.openhab.core.ai.common/src/main/java/org/openhab/core/ai/common/actions/channels/GetChannelAction.java:[285,46] Null type mismatch: required 'java.lang.@NonNull Object' but the provided value is inferred as @org.eclipse.jdt.annotation.Nullable
[WARNING] /Users/kgoderis/Development/openhab/git/openhab-core/bundles/org.openhab.core.ai.common/src/main/java/org/openhab/core/ai/common/actions/channels/GetChannelAction.java:[288,25] Redundant null check: comparing '@NonNull ChannelKind' against null
[WARNING] /Users/kgoderis/Development/openhab/git/openhab-core/bundles/org.openhab.core.ai.common/src/main/java/org/openhab/core/ai/common/actions/channels/GetChannelAction.java:[297,46] Null type mismatch: required 'java.lang.@NonNull Object' but the provided value is inferred as @org.eclipse.jdt.annotation.Nullable
[WARNING] /Users/kgoderis/Development/openhab/git/openhab-core/bundles/org.openhab.core.ai.common/src/main/java/org/openhab/core/ai/common/actions/channels/GetChannelAction.java:[300,44] Potential null pointer access: The method getState() may return null
[WARNING] /Users/kgoderis/Development/openhab/git/openhab-core/bundles/org.openhab.core.ai.common/src/main/java/org/openhab/core/ai/common/actions/channels/GetChannelAction.java:[308,44] Potential null pointer access: The method getAutoUpdatePolicy() may return null
[WARNING] /Users/kgoderis/Development/openhab/git/openhab-core/bundles/org.openhab.core.ai.common/src/main/java/org/openhab/core/ai/common/actions/channels/GetChannelConfigurationAction.java:[158,66] Null type mismatch: required 'java.lang.@NonNull String' but the provided value is inferred as @org.eclipse.jdt.annotation.Nullable
[WARNING] /Users/kgoderis/Development/openhab/git/openhab-core/bundles/org.openhab.core.ai.common/src/main/java/org/openhab/core/ai/common/actions/channels/GetChannelConfigurationAction.java:[212,27] Potential null pointer access: this expression has a '@Nullable' type
[WARNING] /Users/kgoderis/Development/openhab/git/openhab-core/bundles/org.openhab.core.ai.common/src/main/java/org/openhab/core/ai/common/actions/channels/GetChannelConfigurationAction.java:[238,35] Potential null pointer access: this expression has a '@Nullable' type
[WARNING] /Users/kgoderis/Development/openhab/git/openhab-core/bundles/org.openhab.core.ai.common/src/main/java/org/openhab/core/ai/common/actions/channels/GetChannelConfigurationAction.java:[242,81] Null type mismatch: required 'org.openhab.core.thing.type.@NonNull ChannelType' but the provided value is inferred as @org.eclipse.jdt.annotation.Nullable
[WARNING] /Users/kgoderis/Development/openhab/git/openhab-core/bundles/org.openhab.core.ai.common/src/main/java/org/openhab/core/ai/common/actions/channels/GetChannelConfigurationAction.java:[247,78] Null type mismatch: required 'org.openhab.core.thing.type.@NonNull ChannelType' but the provided value is inferred as @org.eclipse.jdt.annotation.Nullable
[WARNING] /Users/kgoderis/Development/openhab/git/openhab-core/bundles/org.openhab.core.ai.common/src/main/java/org/openhab/core/ai/common/actions/channels/GetChannelConfigurationAction.java:[252,78] Null type mismatch: required 'org.openhab.core.thing.type.@NonNull ChannelType' but the provided value is inferred as @org.eclipse.jdt.annotation.Nullable
[WARNING] /Users/kgoderis/Development/openhab/git/openhab-core/bundles/org.openhab.core.ai.common/src/main/java/org/openhab/core/ai/common/actions/channels/GetChannelConfigurationAction.java:[268,13] Redundant null check: comparing '@NonNull ChannelType' against null
[WARNING] /Users/kgoderis/Development/openhab/git/openhab-core/bundles/org.openhab.core.ai.common/src/main/java/org/openhab/core/ai/common/actions/channels/GetChannelConfigurationAction.java:[280,13] Redundant null check: comparing '@NonNull ChannelType' against null
[WARNING] /Users/kgoderis/Development/openhab/git/openhab-core/bundles/org.openhab.core.ai.common/src/main/java/org/openhab/core/ai/common/actions/channels/GetChannelConfigurationAction.java:[292,13] Redundant null check: comparing '@NonNull ChannelType' against null
[WARNING] /Users/kgoderis/Development/openhab/git/openhab-core/bundles/org.openhab.core.ai.common/src/main/java/org/openhab/core/ai/common/actions/channels/GetChannelLinksAction.java:[152,58] Null type mismatch: required 'java.lang.@NonNull String' but the provided value is inferred as @org.eclipse.jdt.annotation.Nullable
[WARNING] /Users/kgoderis/Development/openhab/git/openhab-core/bundles/org.openhab.core.ai.common/src/main/java/org/openhab/core/ai/common/actions/channels/GetChannelLinksAction.java:[205,42] Potential null pointer access: this expression has a '@Nullable' type
[WARNING] /Users/kgoderis/Development/openhab/git/openhab-core/bundles/org.openhab.core.ai.common/src/main/java/org/openhab/core/ai/common/actions/channels/GetChannelLinksAction.java:[221,33] Potential null pointer access: this expression has a '@Nullable' type
[WARNING] /Users/kgoderis/Development/openhab/git/openhab-core/bundles/org.openhab.core.ai.common/src/main/java/org/openhab/core/ai/common/actions/channels/GetChannelLinksAction.java:[230,50] Null type mismatch: required 'java.lang.@NonNull Object' but the provided value is inferred as @org.eclipse.jdt.annotation.Nullable
[WARNING] /Users/kgoderis/Development/openhab/git/openhab-core/bundles/org.openhab.core.ai.common/src/main/java/org/openhab/core/ai/common/actions/channels/GetChannelLinksAction.java:[235,53] Null type mismatch: required 'java.lang.@NonNull Object' but the provided value is inferred as @org.eclipse.jdt.annotation.Nullable
[WARNING] /Users/kgoderis/Development/openhab/git/openhab-core/bundles/org.openhab.core.ai.common/src/main/java/org/openhab/core/ai/common/actions/channels/GetChannelLinksAction.java:[237,50] Redundant null check: comparing '@NonNull State' against null
[WARNING] /Users/kgoderis/Development/openhab/git/openhab-core/bundles/org.openhab.core.ai.common/src/main/java/org/openhab/core/ai/common/actions/channels/GetChannelPropertiesAction.java:[153,63] Null type mismatch: required 'java.lang.@NonNull String' but the provided value is inferred as @org.eclipse.jdt.annotation.Nullable
[WARNING] /Users/kgoderis/Development/openhab/git/openhab-core/bundles/org.openhab.core.ai.common/src/main/java/org/openhab/core/ai/common/actions/channels/GetChannelPropertiesAction.java:[207,27] Potential null pointer access: this expression has a '@Nullable' type
[WARNING] /Users/kgoderis/Development/openhab/git/openhab-core/bundles/org.openhab.core.ai.common/src/main/java/org/openhab/core/ai/common/actions/channels/GetChannelPropertiesAction.java:[225,17] Redundant null check: comparing '@NonNull ChannelUID' against null
[WARNING] /Users/kgoderis/Development/openhab/git/openhab-core/bundles/org.openhab.core.ai.common/src/main/java/org/openhab/core/ai/common/actions/channels/GetChannelPropertiesAction.java:[225,45] Redundant null check: comparing '@NonNull String' against null
[WARNING] /Users/kgoderis/Development/openhab/git/openhab-core/bundles/org.openhab.core.ai.common/src/main/java/org/openhab/core/ai/common/actions/channels/GetChannelPropertiesAction.java:[231,17] Redundant null check: comparing '@NonNull ChannelUID' against null
[WARNING] /Users/kgoderis/Development/openhab/git/openhab-core/bundles/org.openhab.core.ai.common/src/main/java/org/openhab/core/ai/common/actions/channels/GetChannelPropertiesAction.java:[231,45] Redundant null check: comparing '@NonNull String' against null
[WARNING] /Users/kgoderis/Development/openhab/git/openhab-core/bundles/org.openhab.core.ai.common/src/main/java/org/openhab/core/ai/common/actions/channels/GetChannelPropertiesAction.java:[239,42] Null type mismatch: required 'java.lang.@NonNull Object' but the provided value is inferred as @org.eclipse.jdt.annotation.Nullable
[WARNING] /Users/kgoderis/Development/openhab/git/openhab-core/bundles/org.openhab.core.ai.common/src/main/java/org/openhab/core/ai/common/actions/channels/GetChannelPropertiesAction.java:[245,48] Null type mismatch: required 'java.lang.@NonNull Object' but the provided value is inferred as @org.eclipse.jdt.annotation.Nullable
[WARNING] /Users/kgoderis/Development/openhab/git/openhab-core/bundles/org.openhab.core.ai.common/src/main/java/org/openhab/core/ai/common/actions/channels/GetChannelPropertiesAction.java:[248,17] Redundant null check: comparing '@NonNull ChannelKind' against null
[WARNING] /Users/kgoderis/Development/openhab/git/openhab-core/bundles/org.openhab.core.ai.common/src/main/java/org/openhab/core/ai/common/actions/channels/GetChannelPropertiesAction.java:[257,53] Null type mismatch: required 'java.lang.@NonNull Object' but the provided value is inferred as @org.eclipse.jdt.annotation.Nullable
[WARNING] /Users/kgoderis/Development/openhab/git/openhab-core/bundles/org.openhab.core.ai.common/src/main/java/org/openhab/core/ai/common/actions/channels/GetChannelPropertiesAction.java:[261,40] Potential null pointer access: The method getChannelTypeUID() may return null
[WARNING] /Users/kgoderis/Development/openhab/git/openhab-core/bundles/org.openhab.core.ai.common/src/main/java/org/openhab/core/ai/common/actions/channels/GetChannelPropertiesAction.java:[268,43] Potential null pointer access: this expression has a '@Nullable' type
[WARNING] /Users/kgoderis/Development/openhab/git/openhab-core/bundles/org.openhab.core.ai.common/src/main/java/org/openhab/core/ai/common/actions/channels/GetChannelPropertiesAction.java:[272,25] Redundant null check: comparing '@NonNull ChannelTypeUID' against null
[WARNING] /Users/kgoderis/Development/openhab/git/openhab-core/bundles/org.openhab.core.ai.common/src/main/java/org/openhab/core/ai/common/actions/channels/GetChannelPropertiesAction.java:[272,57] Redundant null check: comparing '@NonNull String' against null
[WARNING] /Users/kgoderis/Development/openhab/git/openhab-core/bundles/org.openhab.core.ai.common/src/main/java/org/openhab/core/ai/common/actions/channels/GetChannelPropertiesAction.java:[277,25] Redundant null check: comparing '@NonNull String' against null
[WARNING] /Users/kgoderis/Development/openhab/git/openhab-core/bundles/org.openhab.core.ai.common/src/main/java/org/openhab/core/ai/common/actions/channels/GetChannelPropertiesAction.java:[286,55] Null type mismatch: required 'java.lang.@NonNull Object' but the provided value is inferred as @org.eclipse.jdt.annotation.Nullable
[WARNING] /Users/kgoderis/Development/openhab/git/openhab-core/bundles/org.openhab.core.ai.common/src/main/java/org/openhab/core/ai/common/actions/channels/GetChannelPropertiesAction.java:[292,52] Null type mismatch: required 'java.lang.@NonNull Object' but the provided value is inferred as @org.eclipse.jdt.annotation.Nullable
[WARNING] /Users/kgoderis/Development/openhab/git/openhab-core/bundles/org.openhab.core.ai.common/src/main/java/org/openhab/core/ai/common/actions/channels/GetChannelPropertiesAction.java:[295,25] Redundant null check: comparing '@NonNull ChannelKind' against null
[WARNING] /Users/kgoderis/Development/openhab/git/openhab-core/bundles/org.openhab.core.ai.common/src/main/java/org/openhab/core/ai/common/actions/channels/GetChannelPropertiesAction.java:[304,52] Null type mismatch: required 'java.lang.@NonNull Object' but the provided value is inferred as @org.eclipse.jdt.annotation.Nullable
[WARNING] /Users/kgoderis/Development/openhab/git/openhab-core/bundles/org.openhab.core.ai.common/src/main/java/org/openhab/core/ai/common/actions/channels/GetChannelPropertiesAction.java:[308,43] Potential null pointer access: The method getState() may return null
[WARNING] /Users/kgoderis/Development/openhab/git/openhab-core/bundles/org.openhab.core.ai.common/src/main/java/org/openhab/core/ai/common/actions/channels/GetChannelPropertiesAction.java:[314,54] Potential null pointer access: The method getAutoUpdatePolicy() may return null
[WARNING] /Users/kgoderis/Development/openhab/git/openhab-core/bundles/org.openhab.core.ai.common/src/main/java/org/openhab/core/ai/common/actions/channels/GetChannelPropertiesAction.java:[325,21] Redundant null check: comparing '@NonNull ThingUID' against null
[WARNING] /Users/kgoderis/Development/openhab/git/openhab-core/bundles/org.openhab.core.ai.common/src/main/java/org/openhab/core/ai/common/actions/channels/GetChannelPropertiesAction.java:[325,47] Redundant null check: comparing '@NonNull String' against null
[WARNING] /Users/kgoderis/Development/openhab/git/openhab-core/bundles/org.openhab.core.ai.common/src/main/java/org/openhab/core/ai/common/actions/channels/GetChannelPropertiesAction.java:[331,21] Redundant null check: comparing '@NonNull ThingUID' against null
[WARNING] /Users/kgoderis/Development/openhab/git/openhab-core/bundles/org.openhab.core.ai.common/src/main/java/org/openhab/core/ai/common/actions/channels/GetChannelPropertiesAction.java:[331,47] Redundant null check: comparing '@NonNull String' against null
[WARNING] /Users/kgoderis/Development/openhab/git/openhab-core/bundles/org.openhab.core.ai.common/src/main/java/org/openhab/core/ai/common/actions/channels/GetChannelPropertiesAction.java:[339,53] Null type mismatch: required 'java.lang.@NonNull Object' but the provided value is inferred as @org.eclipse.jdt.annotation.Nullable
[WARNING] /Users/kgoderis/Development/openhab/git/openhab-core/bundles/org.openhab.core.ai.common/src/main/java/org/openhab/core/ai/common/actions/channels/GetChannelPropertiesAction.java:[342,21] Redundant null check: comparing '@NonNull ThingTypeUID' against null
[WARNING] /Users/kgoderis/Development/openhab/git/openhab-core/bundles/org.openhab.core.ai.common/src/main/java/org/openhab/core/ai/common/actions/channels/GetChannelPropertiesAction.java:[348,21] Redundant null check: comparing '@NonNull ThingStatus' against null
[WARNING] /Users/kgoderis/Development/openhab/git/openhab-core/bundles/org.openhab.core.ai.common/src/main/java/org/openhab/core/ai/common/actions/channels/GetChannelPropertiesAction.java:[357,56] Null type mismatch: required 'java.lang.@NonNull Object' but the provided value is inferred as @org.eclipse.jdt.annotation.Nullable
[WARNING] /Users/kgoderis/Development/openhab/git/openhab-core/bundles/org.openhab.core.ai.common/src/main/java/org/openhab/core/ai/common/actions/channels/GetChannelPropertiesAction.java:[365,17] Redundant null check: comparing '@NonNull ThingStatus' against null
[WARNING] /Users/kgoderis/Development/openhab/git/openhab-core/bundles/org.openhab.core.ai.common/src/main/java/org/openhab/core/ai/common/actions/channels/GetChannelStateAction.java:[161,58] Null type mismatch: required 'java.lang.@NonNull String' but the provided value is inferred as @org.eclipse.jdt.annotation.Nullable
[WARNING] /Users/kgoderis/Development/openhab/git/openhab-core/bundles/org.openhab.core.ai.common/src/main/java/org/openhab/core/ai/common/actions/channels/GetChannelStateAction.java:[214,27] Potential null pointer access: this expression has a '@Nullable' type
[WARNING] /Users/kgoderis/Development/openhab/git/openhab-core/bundles/org.openhab.core.ai.common/src/main/java/org/openhab/core/ai/common/actions/channels/GetChannelStateAction.java:[252,37] Potential null pointer access: this expression has a '@Nullable' type
[WARNING] /Users/kgoderis/Development/openhab/git/openhab-core/bundles/org.openhab.core.ai.common/src/main/java/org/openhab/core/ai/common/actions/channels/GetChannelStateAction.java:[268,42] Potential null pointer access: this expression has a '@Nullable' type
[WARNING] /Users/kgoderis/Development/openhab/git/openhab-core/bundles/org.openhab.core.ai.common/src/main/java/org/openhab/core/ai/common/actions/channels/GetChannelStateAction.java:[276,33] Potential null pointer access: this expression has a '@Nullable' type
[WARNING] /Users/kgoderis/Development/openhab/git/openhab-core/bundles/org.openhab.core.ai.common/src/main/java/org/openhab/core/ai/common/actions/channels/GetChannelStateAction.java:[279,47] Redundant null check: The variable state cannot be null at this location
[WARNING] /Users/kgoderis/Development/openhab/git/openhab-core/bundles/org.openhab.core.ai.common/src/main/java/org/openhab/core/ai/common/actions/channels/GetChannelStateAction.java:[280,51] Redundant null check: The variable state cannot be null at this location
[WARNING] /Users/kgoderis/Development/openhab/git/openhab-core/bundles/org.openhab.core.ai.common/src/main/java/org/openhab/core/ai/common/actions/channels/GetChannelTypeAction.java:[147,61] Null type mismatch: required 'java.lang.@NonNull String' but the provided value is inferred as @org.eclipse.jdt.annotation.Nullable
[WARNING] /Users/kgoderis/Development/openhab/git/openhab-core/bundles/org.openhab.core.ai.common/src/main/java/org/openhab/core/ai/common/actions/channels/GetChannelTypeAction.java:[200,39] Potential null pointer access: this expression has a '@Nullable' type
[WARNING] /Users/kgoderis/Development/openhab/git/openhab-core/bundles/org.openhab.core.ai.common/src/main/java/org/openhab/core/ai/common/actions/channels/GetChannelTypeAction.java:[213,17] Redundant null check: comparing '@NonNull String' against null
[WARNING] /Users/kgoderis/Development/openhab/git/openhab-core/bundles/org.openhab.core.ai.common/src/main/java/org/openhab/core/ai/common/actions/channels/GetChannelTypeAction.java:[221,42] Null type mismatch: required 'java.lang.@NonNull Object' but the provided value is inferred as @org.eclipse.jdt.annotation.Nullable
[WARNING] /Users/kgoderis/Development/openhab/git/openhab-core/bundles/org.openhab.core.ai.common/src/main/java/org/openhab/core/ai/common/actions/channels/GetChannelTypeAction.java:[226,39] Null type mismatch: required 'java.lang.@NonNull Object' but the provided value is inferred as @org.eclipse.jdt.annotation.Nullable
[WARNING] /Users/kgoderis/Development/openhab/git/openhab-core/bundles/org.openhab.core.ai.common/src/main/java/org/openhab/core/ai/common/actions/channels/GetChannelTypeAction.java:[232,39] Null type mismatch: required 'java.lang.@NonNull Object' but the provided value is inferred as @org.eclipse.jdt.annotation.Nullable
[WARNING] /Users/kgoderis/Development/openhab/git/openhab-core/bundles/org.openhab.core.ai.common/src/main/java/org/openhab/core/ai/common/actions/channels/GetChannelTypeAction.java:[235,36] Potential null pointer access: The method getAutoUpdatePolicy() may return null
[WARNING] /Users/kgoderis/Development/openhab/git/openhab-core/bundles/org.openhab.core.ai.common/src/main/java/org/openhab/core/ai/common/actions/channels/GetChannelTypeAction.java:[253,21] Potential null pointer access: The method getState() may return null
[WARNING] /Users/kgoderis/Development/openhab/git/openhab-core/bundles/org.openhab.core.ai.common/src/main/java/org/openhab/core/ai/common/actions/channels/GetChannelTypeAction.java:[254,31] Potential null pointer access: The method getState() may return null
[WARNING] /Users/kgoderis/Development/openhab/git/openhab-core/bundles/org.openhab.core.ai.common/src/main/java/org/openhab/core/ai/common/actions/channels/GetChannelTypeAction.java:[256,49] Null type mismatch: required 'java.lang.@NonNull Object' but the provided value is inferred as @org.eclipse.jdt.annotation.Nullable
[WARNING] /Users/kgoderis/Development/openhab/git/openhab-core/bundles/org.openhab.core.ai.common/src/main/java/org/openhab/core/ai/common/actions/channels/GetChannelTypeAction.java:[257,50] Potential null pointer access: The method getState() may return null
[WARNING] /Users/kgoderis/Development/openhab/git/openhab-core/bundles/org.openhab.core.ai.common/src/main/java/org/openhab/core/ai/common/actions/channels/GetChannelTypeAction.java:[258,49] Potential null pointer access: The method getState() may return null
[WARNING] /Users/kgoderis/Development/openhab/git/openhab-core/bundles/org.openhab.core.ai.common/src/main/java/org/openhab/core/ai/common/actions/channels/LinkChannelAction.java:[174,54] Null type mismatch: required 'java.lang.@NonNull String' but the provided value is inferred as @org.eclipse.jdt.annotation.Nullable
[WARNING] /Users/kgoderis/Development/openhab/git/openhab-core/bundles/org.openhab.core.ai.common/src/main/java/org/openhab/core/ai/common/actions/channels/LinkChannelAction.java:[174,66] Null type mismatch: required 'java.lang.@NonNull String' but the provided value is inferred as @org.eclipse.jdt.annotation.Nullable
[WARNING] /Users/kgoderis/Development/openhab/git/openhab-core/bundles/org.openhab.core.ai.common/src/main/java/org/openhab/core/ai/common/actions/channels/LinkChannelAction.java:[228,27] Potential null pointer access: this expression has a '@Nullable' type
[WARNING] /Users/kgoderis/Development/openhab/git/openhab-core/bundles/org.openhab.core.ai.common/src/main/java/org/openhab/core/ai/common/actions/channels/LinkChannelAction.java:[241,25] Potential null pointer access: this expression has a '@Nullable' type
[WARNING] /Users/kgoderis/Development/openhab/git/openhab-core/bundles/org.openhab.core.ai.common/src/main/java/org/openhab/core/ai/common/actions/channels/LinkChannelAction.java:[248,50] Potential null pointer access: this expression has a '@Nullable' type
[WARNING] /Users/kgoderis/Development/openhab/git/openhab-core/bundles/org.openhab.core.ai.common/src/main/java/org/openhab/core/ai/common/actions/channels/LinkChannelAction.java:[274,13] Potential null pointer access: this expression has a '@Nullable' type
[WARNING] /Users/kgoderis/Development/openhab/git/openhab-core/bundles/org.openhab.core.ai.common/src/main/java/org/openhab/core/ai/common/actions/channels/ListChannelsAction.java:[187,55] Null type mismatch: required 'java.lang.@NonNull String' but the provided value is inferred as @org.eclipse.jdt.annotation.Nullable
[WARNING] /Users/kgoderis/Development/openhab/git/openhab-core/bundles/org.openhab.core.ai.common/src/main/java/org/openhab/core/ai/common/actions/channels/ListChannelsAction.java:[187,65] Null type mismatch: required 'java.lang.@NonNull String' but the provided value is inferred as @org.eclipse.jdt.annotation.Nullable
[WARNING] /Users/kgoderis/Development/openhab/git/openhab-core/bundles/org.openhab.core.ai.common/src/main/java/org/openhab/core/ai/common/actions/channels/ListChannelsAction.java:[187,78] Null type mismatch: required 'java.lang.@NonNull String' but the provided value is inferred as @org.eclipse.jdt.annotation.Nullable
[WARNING] /Users/kgoderis/Development/openhab/git/openhab-core/bundles/org.openhab.core.ai.common/src/main/java/org/openhab/core/ai/common/actions/channels/ListChannelsAction.java:[187,96] Null type mismatch: required 'java.lang.@NonNull String' but the provided value is inferred as @org.eclipse.jdt.annotation.Nullable
[WARNING] /Users/kgoderis/Development/openhab/git/openhab-core/bundles/org.openhab.core.ai.common/src/main/java/org/openhab/core/ai/common/actions/channels/ListChannelsAction.java:[187,102] Null type mismatch: required 'java.lang.@NonNull String' but the provided value is inferred as @org.eclipse.jdt.annotation.Nullable
[WARNING] /Users/kgoderis/Development/openhab/git/openhab-core/bundles/org.openhab.core.ai.common/src/main/java/org/openhab/core/ai/common/actions/channels/ListChannelsAction.java:[195,18] The value of the local variable executionTime is not used
[WARNING] /Users/kgoderis/Development/openhab/git/openhab-core/bundles/org.openhab.core.ai.common/src/main/java/org/openhab/core/ai/common/actions/channels/ListChannelsAction.java:[256,39] Potential null pointer access: this expression has a '@Nullable' type
[WARNING] /Users/kgoderis/Development/openhab/git/openhab-core/bundles/org.openhab.core.ai.common/src/main/java/org/openhab/core/ai/common/actions/channels/ListChannelsAction.java:[309,33] Null type mismatch: required 'java.lang.@NonNull Object' but the provided value is inferred as @org.eclipse.jdt.annotation.Nullable
[WARNING] /Users/kgoderis/Development/openhab/git/openhab-core/bundles/org.openhab.core.ai.common/src/main/java/org/openhab/core/ai/common/actions/channels/ListChannelsAction.java:[315,39] Null type mismatch: required 'java.lang.@NonNull Object' but the provided value is inferred as @org.eclipse.jdt.annotation.Nullable
[WARNING] /Users/kgoderis/Development/openhab/git/openhab-core/bundles/org.openhab.core.ai.common/src/main/java/org/openhab/core/ai/common/actions/channels/ListChannelsAction.java:[318,13] Redundant null check: comparing '@NonNull ChannelKind' against null
[WARNING] /Users/kgoderis/Development/openhab/git/openhab-core/bundles/org.openhab.core.ai.common/src/main/java/org/openhab/core/ai/common/actions/channels/ListChannelsAction.java:[327,44] Null type mismatch: required 'java.lang.@NonNull Object' but the provided value is inferred as @org.eclipse.jdt.annotation.Nullable
[WARNING] /Users/kgoderis/Development/openhab/git/openhab-core/bundles/org.openhab.core.ai.common/src/main/java/org/openhab/core/ai/common/actions/channels/ListChannelsAction.java:[336,38] Null type mismatch: required 'java.lang.@NonNull Object' but the provided value is inferred as @org.eclipse.jdt.annotation.Nullable
[WARNING] /Users/kgoderis/Development/openhab/git/openhab-core/bundles/org.openhab.core.ai.common/src/main/java/org/openhab/core/ai/common/actions/channels/ListChannelsAction.java:[339,13] Redundant null check: comparing '@NonNull ThingUID' against null
[WARNING] /Users/kgoderis/Development/openhab/git/openhab-core/bundles/org.openhab.core.ai.common/src/main/java/org/openhab/core/ai/common/actions/channels/ListChannelsAction.java:[339,39] Redundant null check: comparing '@NonNull String' against null
[WARNING] /Users/kgoderis/Development/openhab/git/openhab-core/bundles/org.openhab.core.ai.common/src/main/java/org/openhab/core/ai/common/actions/channels/ListChannelsAction.java:[346,46] Potential null pointer access: The method getChannelTypeUID() may return null
[WARNING] /Users/kgoderis/Development/openhab/git/openhab-core/bundles/org.openhab.core.ai.common/src/main/java/org/openhab/core/ai/common/actions/channels/ListChannelsAction.java:[359,39] Potential null pointer access: this expression has a '@Nullable' type
[WARNING] /Users/kgoderis/Development/openhab/git/openhab-core/bundles/org.openhab.core.ai.common/src/main/java/org/openhab/core/ai/common/actions/channels/ListChannelsAction.java:[363,21] Redundant null check: comparing '@NonNull String' against null
[WARNING] /Users/kgoderis/Development/openhab/git/openhab-core/bundles/org.openhab.core.ai.common/src/main/java/org/openhab/core/ai/common/actions/channels/ListChannelsAction.java:[372,45] Null type mismatch: required 'java.lang.@NonNull Object' but the provided value is inferred as @org.eclipse.jdt.annotation.Nullable
[WARNING] /Users/kgoderis/Development/openhab/git/openhab-core/bundles/org.openhab.core.ai.common/src/main/java/org/openhab/core/ai/common/actions/channels/ListChannelsAction.java:[378,42] Null type mismatch: required 'java.lang.@NonNull Object' but the provided value is inferred as @org.eclipse.jdt.annotation.Nullable
[WARNING] /Users/kgoderis/Development/openhab/git/openhab-core/bundles/org.openhab.core.ai.common/src/main/java/org/openhab/core/ai/common/actions/channels/ListChannelsAction.java:[384,42] Null type mismatch: required 'java.lang.@NonNull Object' but the provided value is inferred as @org.eclipse.jdt.annotation.Nullable
[WARNING] /Users/kgoderis/Development/openhab/git/openhab-core/bundles/org.openhab.core.ai.common/src/main/java/org/openhab/core/ai/common/actions/channels/ListChannelsAction.java:[387,21] Redundant null check: comparing '@NonNull ChannelKind' against null
[WARNING] /Users/kgoderis/Development/openhab/git/openhab-core/bundles/org.openhab.core.ai.common/src/main/java/org/openhab/core/ai/common/actions/channels/ListChannelsAction.java:[398,42] Potential null pointer access: this expression has a '@Nullable' type
[WARNING] /Users/kgoderis/Development/openhab/git/openhab-core/bundles/org.openhab.core.ai.common/src/main/java/org/openhab/core/ai/common/actions/channels/ListChannelsAction.java:[410,25] Potential null pointer access: this expression has a '@Nullable' type
[WARNING] /Users/kgoderis/Development/openhab/git/openhab-core/bundles/org.openhab.core.ai.common/src/main/java/org/openhab/core/ai/common/actions/channels/ListChannelsAction.java:[423,17] Redundant null check: comparing '@NonNull String' against null
[WARNING] /Users/kgoderis/Development/openhab/git/openhab-core/bundles/org.openhab.core.ai.common/src/main/java/org/openhab/core/ai/common/actions/channels/ListChannelsAction.java:[425,22] Potential null pointer access: The variable channelThingUID may be null at this location
[WARNING] /Users/kgoderis/Development/openhab/git/openhab-core/bundles/org.openhab.core.ai.common/src/main/java/org/openhab/core/ai/common/actions/channels/ListChannelsAction.java:[431,17] Redundant null check: comparing '@NonNull String' against null
[WARNING] /Users/kgoderis/Development/openhab/git/openhab-core/bundles/org.openhab.core.ai.common/src/main/java/org/openhab/core/ai/common/actions/channels/ListChannelsAction.java:[439,17] Redundant null check: comparing '@NonNull String' against null
[WARNING] /Users/kgoderis/Development/openhab/git/openhab-core/bundles/org.openhab.core.ai.common/src/main/java/org/openhab/core/ai/common/actions/channels/ListChannelsAction.java:[447,17] Redundant null check: comparing '@NonNull String' against null
[WARNING] /Users/kgoderis/Development/openhab/git/openhab-core/bundles/org.openhab.core.ai.common/src/main/java/org/openhab/core/ai/common/actions/channels/ListChannelsAction.java:[455,17] Redundant null check: comparing '@NonNull String' against null
[WARNING] /Users/kgoderis/Development/openhab/git/openhab-core/bundles/org.openhab.core.ai.common/src/main/java/org/openhab/core/ai/common/actions/channels/ListChannelsAction.java:[518,29] Null type mismatch: required 'java.lang.@NonNull String' but the provided value is inferred as @org.eclipse.jdt.annotation.Nullable
[WARNING] /Users/kgoderis/Development/openhab/git/openhab-core/bundles/org.openhab.core.ai.common/src/main/java/org/openhab/core/ai/common/actions/channels/ListChannelsAction.java:[538,29] Null type mismatch: required 'java.lang.@NonNull String' but the provided value is inferred as @org.eclipse.jdt.annotation.Nullable
[WARNING] /Users/kgoderis/Development/openhab/git/openhab-core/bundles/org.openhab.core.ai.common/src/main/java/org/openhab/core/ai/common/actions/channels/SetChannelConfigurationAction.java:[167,66] Null type mismatch: required 'java.lang.@NonNull String' but the provided value is inferred as @org.eclipse.jdt.annotation.Nullable
[WARNING] /Users/kgoderis/Development/openhab/git/openhab-core/bundles/org.openhab.core.ai.common/src/main/java/org/openhab/core/ai/common/actions/channels/SetChannelConfigurationAction.java:[167,78] Null type mismatch: required 'java.util.@NonNull Map<java.lang.@NonNull String,java.lang.@NonNull Object>' but the provided value is inferred as @org.eclipse.jdt.annotation.Nullable
[WARNING] /Users/kgoderis/Development/openhab/git/openhab-core/bundles/org.openhab.core.ai.common/src/main/java/org/openhab/core/ai/common/actions/channels/SetChannelConfigurationAction.java:[219,27] Potential null pointer access: this expression has a '@Nullable' type
[WARNING] /Users/kgoderis/Development/openhab/git/openhab-core/bundles/org.openhab.core.ai.common/src/main/java/org/openhab/core/ai/common/actions/channels/SetChannelConfigurationAction.java:[278,17] Redundant null check: comparing '@NonNull Object' against null
[WARNING] /Users/kgoderis/Development/openhab/git/openhab-core/bundles/org.openhab.core.ai.common/src/main/java/org/openhab/core/ai/common/actions/channels/SetChannelConfigurationAction.java:[278,43] Dead code
[WARNING] /Users/kgoderis/Development/openhab/git/openhab-core/bundles/org.openhab.core.ai.common/src/main/java/org/openhab/core/ai/common/actions/channels/SetChannelConfigurationAction.java:[292,27] Potential null pointer access: this expression has a '@Nullable' type
[WARNING] /Users/kgoderis/Development/openhab/git/openhab-core/bundles/org.openhab.core.ai.common/src/main/java/org/openhab/core/ai/common/actions/channels/SetChannelConfigurationAction.java:[317,21] The value of the local variable updatedChannel is not used
[WARNING] /Users/kgoderis/Development/openhab/git/openhab-core/bundles/org.openhab.core.ai.common/src/main/java/org/openhab/core/ai/common/actions/channels/UnlinkChannelAction.java:[158,56] Null type mismatch: required 'java.lang.@NonNull String' but the provided value is inferred as @org.eclipse.jdt.annotation.Nullable
[WARNING] /Users/kgoderis/Development/openhab/git/openhab-core/bundles/org.openhab.core.ai.common/src/main/java/org/openhab/core/ai/common/actions/channels/UnlinkChannelAction.java:[158,68] Null type mismatch: required 'java.lang.@NonNull String' but the provided value is inferred as @org.eclipse.jdt.annotation.Nullable
[WARNING] /Users/kgoderis/Development/openhab/git/openhab-core/bundles/org.openhab.core.ai.common/src/main/java/org/openhab/core/ai/common/actions/channels/UnlinkChannelAction.java:[212,50] Potential null pointer access: this expression has a '@Nullable' type
[WARNING] /Users/kgoderis/Development/openhab/git/openhab-core/bundles/org.openhab.core.ai.common/src/main/java/org/openhab/core/ai/common/actions/channels/UnlinkChannelAction.java:[225,13] Potential null pointer access: this expression has a '@Nullable' type
[WARNING] /Users/kgoderis/Development/openhab/git/openhab-core/bundles/org.openhab.core.ai.common/src/main/java/org/openhab/core/ai/common/actions/config/ConfigurationBackupAction.java:[140,71] Potential null pointer access: The method get(Object) may return null
[WARNING] /Users/kgoderis/Development/openhab/git/openhab-core/bundles/org.openhab.core.ai.common/src/main/java/org/openhab/core/ai/common/actions/config/ConfigurationBackupAction.java:[182,18] The value of the local variable executionTime is not used
[WARNING] /Users/kgoderis/Development/openhab/git/openhab-core/bundles/org.openhab.core.ai.common/src/main/java/org/openhab/core/ai/common/actions/config/ConfigurationBackupAction.java:[467,16] The value of the field org.openhab.core.ai.common.actions.config.ConfigurationBackupAction.BackupFile.name is not used
[WARNING] /Users/kgoderis/Development/openhab/git/openhab-core/bundles/org.openhab.core.ai.common/src/main/java/org/openhab/core/ai/common/actions/config/ConfigurationBackupAction.java:[470,17] The value of the field org.openhab.core.ai.common.actions.config.ConfigurationBackupAction.BackupFile.lastModified is not used
[WARNING] /Users/kgoderis/Development/openhab/git/openhab-core/bundles/org.openhab.core.ai.common/src/main/java/org/openhab/core/ai/common/actions/config/ConfigurationExportAction.java:[157,18] The value of the local variable executionTime is not used
[WARNING] /Users/kgoderis/Development/openhab/git/openhab-core/bundles/org.openhab.core.ai.common/src/main/java/org/openhab/core/ai/common/actions/config/ConfigurationGetAction.java:[105,13] Redundant null check: comparing '@NonNull Map<String,Object>' against null
[WARNING] /Users/kgoderis/Development/openhab/git/openhab-core/bundles/org.openhab.core.ai.common/src/main/java/org/openhab/core/ai/common/actions/config/ConfigurationGetAction.java:[105,33] Dead code
[WARNING] /Users/kgoderis/Development/openhab/git/openhab-core/bundles/org.openhab.core.ai.common/src/main/java/org/openhab/core/ai/common/actions/config/ConfigurationGetAction.java:[153,13] Redundant null check: comparing '@NonNull AIActionContext' against null
[WARNING] /Users/kgoderis/Development/openhab/git/openhab-core/bundles/org.openhab.core.ai.common/src/main/java/org/openhab/core/ai/common/actions/config/ConfigurationGetAction.java:[153,30] Dead code
[WARNING] /Users/kgoderis/Development/openhab/git/openhab-core/bundles/org.openhab.core.ai.common/src/main/java/org/openhab/core/ai/common/actions/config/ConfigurationGetAction.java:[158,13] Redundant null check: comparing '@NonNull String' against null
[WARNING] /Users/kgoderis/Development/openhab/git/openhab-core/bundles/org.openhab.core.ai.common/src/main/java/org/openhab/core/ai/common/actions/config/ConfigurationGetAction.java:[177,18] The value of the local variable executionTime is not used
[WARNING] /Users/kgoderis/Development/openhab/git/openhab-core/bundles/org.openhab.core.ai.common/src/main/java/org/openhab/core/ai/common/actions/config/ConfigurationGetAction.java:[195,13] Redundant null check: comparing '@NonNull AIActionContext' against null
[WARNING] /Users/kgoderis/Development/openhab/git/openhab-core/bundles/org.openhab.core.ai.common/src/main/java/org/openhab/core/ai/common/actions/config/ConfigurationGetAction.java:[195,30] Dead code
[WARNING] /Users/kgoderis/Development/openhab/git/openhab-core/bundles/org.openhab.core.ai.common/src/main/java/org/openhab/core/ai/common/actions/config/ConfigurationGetAction.java:[202,13] Redundant null check: comparing '@NonNull String' against null
[WARNING] /Users/kgoderis/Development/openhab/git/openhab-core/bundles/org.openhab.core.ai.common/src/main/java/org/openhab/core/ai/common/actions/config/ConfigurationImportAction.java:[195,18] The value of the local variable executionTime is not used
[WARNING] /Users/kgoderis/Development/openhab/git/openhab-core/bundles/org.openhab.core.ai.common/src/main/java/org/openhab/core/ai/common/actions/config/ConfigurationImportAction.java:[391,40] Type safety: The expression of type java.util.Map needs unchecked conversion to conform to java.util.Map<java.lang.String,java.lang.Object>
[WARNING] /Users/kgoderis/Development/openhab/git/openhab-core/bundles/org.openhab.core.ai.common/src/main/java/org/openhab/core/ai/common/actions/config/ConfigurationImportAction.java:[395,67] Potential null pointer access: The variable json may be null at this location
[WARNING] /Users/kgoderis/Development/openhab/git/openhab-core/bundles/org.openhab.core.ai.common/src/main/java/org/openhab/core/ai/common/actions/config/ConfigurationImportAction.java:[426,49] Type safety: The expression of type java.util.List needs unchecked conversion to conform to java.util.List<java.util.Map<java.lang.String,java.lang.Object>>
[WARNING] /Users/kgoderis/Development/openhab/git/openhab-core/bundles/org.openhab.core.ai.common/src/main/java/org/openhab/core/ai/common/actions/config/ConfigurationImportAction.java:[429,49] Potential null pointer access: The variable rawData may be null at this location
[WARNING] /Users/kgoderis/Development/openhab/git/openhab-core/bundles/org.openhab.core.ai.common/src/main/java/org/openhab/core/ai/common/actions/config/ConfigurationImportAction.java:[590,16] The value of the field org.openhab.core.ai.common.actions.config.ConfigurationImportAction.ImportFile.name is not used
[WARNING] /Users/kgoderis/Development/openhab/git/openhab-core/bundles/org.openhab.core.ai.common/src/main/java/org/openhab/core/ai/common/actions/config/ConfigurationImportAction.java:[593,17] The value of the field org.openhab.core.ai.common.actions.config.ConfigurationImportAction.ImportFile.lastModified is not used
[WARNING] /Users/kgoderis/Development/openhab/git/openhab-core/bundles/org.openhab.core.ai.common/src/main/java/org/openhab/core/ai/common/actions/config/ConfigurationListAction.java:[143,18] The value of the local variable executionTime is not used
[WARNING] /Users/kgoderis/Development/openhab/git/openhab-core/bundles/org.openhab.core.ai.common/src/main/java/org/openhab/core/ai/common/actions/config/ConfigurationListAction.java:[361,60] Potential null pointer access: This expression of type java.lang.Long may be null but requires auto-unboxing
[WARNING] /Users/kgoderis/Development/openhab/git/openhab-core/bundles/org.openhab.core.ai.common/src/main/java/org/openhab/core/ai/common/actions/config/ConfigurationSetAction.java:[115,13] Redundant null check: comparing '@NonNull Map<String,Object>' against null
[WARNING] /Users/kgoderis/Development/openhab/git/openhab-core/bundles/org.openhab.core.ai.common/src/main/java/org/openhab/core/ai/common/actions/config/ConfigurationSetAction.java:[115,33] Dead code
[WARNING] /Users/kgoderis/Development/openhab/git/openhab-core/bundles/org.openhab.core.ai.common/src/main/java/org/openhab/core/ai/common/actions/config/ConfigurationSetAction.java:[171,18] The value of the local variable executionTime is not used
[WARNING] /Users/kgoderis/Development/openhab/git/openhab-core/bundles/org.openhab.core.ai.common/src/main/java/org/openhab/core/ai/common/actions/config/ConfigurationValidationAction.java:[144,18] The value of the local variable executionTime is not used
[WARNING] /Users/kgoderis/Development/openhab/git/openhab-core/bundles/org.openhab.core.ai.common/src/main/java/org/openhab/core/ai/common/actions/config/ConfigurationValidationAction.java:[219,17] Type safety: Unchecked cast from java.lang.Object to java.util.List<java.util.Map<java.lang.String,java.lang.Object>>
[WARNING] /Users/kgoderis/Development/openhab/git/openhab-core/bundles/org.openhab.core.ai.common/src/main/java/org/openhab/core/ai/common/actions/config/ConfigurationValidationAction.java:[221,34] Type safety: Unchecked cast from java.lang.Object to java.util.List<java.util.Map<java.lang.String,java.lang.Object>>
[WARNING] /Users/kgoderis/Development/openhab/git/openhab-core/bundles/org.openhab.core.ai.common/src/main/java/org/openhab/core/ai/common/actions/config/ConfigurationValidationAction.java:[221,63] Potential null pointer access: The method get(Object) may return null
[WARNING] /Users/kgoderis/Development/openhab/git/openhab-core/bundles/org.openhab.core.ai.common/src/main/java/org/openhab/core/ai/common/actions/config/ConfigurationValidationAction.java:[566,17] Potential null pointer access: This expression of type java.lang.Boolean may be null but requires auto-unboxing
[WARNING] /Users/kgoderis/Development/openhab/git/openhab-core/bundles/org.openhab.core.ai.common/src/main/java/org/openhab/core/ai/common/actions/config/ConfigurationValidationAction.java:[570,48] Type safety: Unchecked cast from java.lang.Object to java.util.List<java.util.Map<java.lang.String,java.lang.Object>>
[WARNING] /Users/kgoderis/Development/openhab/git/openhab-core/bundles/org.openhab.core.ai.common/src/main/java/org/openhab/core/ai/common/actions/config/ConfigurationValidationAction.java:[571,28] Potential null pointer access: The variable issues may be null at this location
[WARNING] /Users/kgoderis/Development/openhab/git/openhab-core/bundles/org.openhab.core.ai.common/src/main/java/org/openhab/core/ai/common/actions/config/ConfigurationValidationAction.java:[575,25] Potential null pointer access: The variable severity may be null at this location
[WARNING] /Users/kgoderis/Development/openhab/git/openhab-core/bundles/org.openhab.core.ai.common/src/main/java/org/openhab/core/ai/common/actions/discovery/ApproveDiscoveryAction.java:[217,59] Null type mismatch: required 'java.util.@NonNull List<java.lang.@NonNull String>' but the provided value is inferred as @org.eclipse.jdt.annotation.Nullable
[WARNING] /Users/kgoderis/Development/openhab/git/openhab-core/bundles/org.openhab.core.ai.common/src/main/java/org/openhab/core/ai/common/actions/discovery/ApproveDiscoveryAction.java:[217,70] Null type mismatch: required 'java.lang.@NonNull String' but the provided value is inferred as @org.eclipse.jdt.annotation.Nullable
[WARNING] /Users/kgoderis/Development/openhab/git/openhab-core/bundles/org.openhab.core.ai.common/src/main/java/org/openhab/core/ai/common/actions/discovery/ApproveDiscoveryAction.java:[217,83] Null type mismatch: required 'java.lang.@NonNull String' but the provided value is inferred as @org.eclipse.jdt.annotation.Nullable
[WARNING] /Users/kgoderis/Development/openhab/git/openhab-core/bundles/org.openhab.core.ai.common/src/main/java/org/openhab/core/ai/common/actions/discovery/ApproveDiscoveryAction.java:[217,94] Null type mismatch: required 'java.lang.@NonNull String' but the provided value is inferred as @org.eclipse.jdt.annotation.Nullable
[WARNING] /Users/kgoderis/Development/openhab/git/openhab-core/bundles/org.openhab.core.ai.common/src/main/java/org/openhab/core/ai/common/actions/discovery/ApproveDiscoveryAction.java:[217,105] Null type mismatch: required 'java.lang.@NonNull String' but the provided value is inferred as @org.eclipse.jdt.annotation.Nullable
[WARNING] /Users/kgoderis/Development/openhab/git/openhab-core/bundles/org.openhab.core.ai.common/src/main/java/org/openhab/core/ai/common/actions/discovery/ApproveDiscoveryAction.java:[217,112] Null type mismatch: required 'java.lang.@NonNull String' but the provided value is inferred as @org.eclipse.jdt.annotation.Nullable
[WARNING] /Users/kgoderis/Development/openhab/git/openhab-core/bundles/org.openhab.core.ai.common/src/main/java/org/openhab/core/ai/common/actions/discovery/ApproveDiscoveryAction.java:[218,21] Null type mismatch: required 'java.util.@NonNull Map<java.lang.@NonNull String,java.lang.@NonNull Object>' but the provided value is inferred as @org.eclipse.jdt.annotation.Nullable
[WARNING] /Users/kgoderis/Development/openhab/git/openhab-core/bundles/org.openhab.core.ai.common/src/main/java/org/openhab/core/ai/common/actions/discovery/ApproveDiscoveryAction.java:[218,33] Null type mismatch: required 'java.util.@NonNull List<java.util.@NonNull Map<java.lang.@NonNull String,java.lang.@NonNull Object>>' but the provided value is inferred as @org.eclipse.jdt.annotation.Nullable
[WARNING] /Users/kgoderis/Development/openhab/git/openhab-core/bundles/org.openhab.core.ai.common/src/main/java/org/openhab/core/ai/common/actions/discovery/ApproveDiscoveryAction.java:[277,32] Potential null pointer access: this expression has a '@Nullable' type
[WARNING] /Users/kgoderis/Development/openhab/git/openhab-core/bundles/org.openhab.core.ai.common/src/main/java/org/openhab/core/ai/common/actions/discovery/ApproveDiscoveryAction.java:[285,50] Null comparison always yields false: The variable discoveryId is specified as @NonNull
[WARNING] /Users/kgoderis/Development/openhab/git/openhab-core/bundles/org.openhab.core.ai.common/src/main/java/org/openhab/core/ai/common/actions/discovery/ApproveDiscoveryAction.java:[286,48] Null comparison always yields false: The variable bindingId is specified as @NonNull
[WARNING] /Users/kgoderis/Development/openhab/git/openhab-core/bundles/org.openhab.core.ai.common/src/main/java/org/openhab/core/ai/common/actions/discovery/ApproveDiscoveryAction.java:[309,25] Redundant null check: The variable thingUid cannot be null at this location
[WARNING] /Users/kgoderis/Development/openhab/git/openhab-core/bundles/org.openhab.core.ai.common/src/main/java/org/openhab/core/ai/common/actions/discovery/ApproveDiscoveryAction.java:[310,29] Redundant null check: The variable deviceId cannot be null at this location
[WARNING] /Users/kgoderis/Development/openhab/git/openhab-core/bundles/org.openhab.core.ai.common/src/main/java/org/openhab/core/ai/common/actions/discovery/ApproveDiscoveryAction.java:[322,28] Dead code
[WARNING] /Users/kgoderis/Development/openhab/git/openhab-core/bundles/org.openhab.core.ai.common/src/main/java/org/openhab/core/ai/common/actions/discovery/ApproveDiscoveryAction.java:[330,43] Redundant null check: The variable deviceId cannot be null at this location
[WARNING] /Users/kgoderis/Development/openhab/git/openhab-core/bundles/org.openhab.core.ai.common/src/main/java/org/openhab/core/ai/common/actions/discovery/ApproveDiscoveryAction.java:[344,37] Redundant null check: The variable approvedDevices cannot be null at this location
[WARNING] /Users/kgoderis/Development/openhab/git/openhab-core/bundles/org.openhab.core.ai.common/src/main/java/org/openhab/core/ai/common/actions/discovery/ApproveDiscoveryAction.java:[345,36] Redundant null check: The variable createdThings cannot be null at this location
[WARNING] /Users/kgoderis/Development/openhab/git/openhab-core/bundles/org.openhab.core.ai.common/src/main/java/org/openhab/core/ai/common/actions/discovery/ApproveDiscoveryAction.java:[346,35] Redundant null check: The variable failedDevices cannot be null at this location
[WARNING] /Users/kgoderis/Development/openhab/git/openhab-core/bundles/org.openhab.core.ai.common/src/main/java/org/openhab/core/ai/common/actions/discovery/ApproveDiscoveryAction.java:[358,38] Redundant null check: comparing '@NonNull String' against null
[WARNING] /Users/kgoderis/Development/openhab/git/openhab-core/bundles/org.openhab.core.ai.common/src/main/java/org/openhab/core/ai/common/actions/discovery/ApproveDiscoveryAction.java:[359,38] Redundant null check: comparing '@NonNull String' against null
[WARNING] /Users/kgoderis/Development/openhab/git/openhab-core/bundles/org.openhab.core.ai.common/src/main/java/org/openhab/core/ai/common/actions/discovery/ApproveDiscoveryAction.java:[374,33] Redundant null check: comparing '@NonNull String' against null
[WARNING] /Users/kgoderis/Development/openhab/git/openhab-core/bundles/org.openhab.core.ai.common/src/main/java/org/openhab/core/ai/common/actions/discovery/ApproveDiscoveryAction.java:[375,17] Redundant null check: The variable thingLabel cannot be null at this location
[WARNING] /Users/kgoderis/Development/openhab/git/openhab-core/bundles/org.openhab.core.ai.common/src/main/java/org/openhab/core/ai/common/actions/discovery/ApproveDiscoveryAction.java:[379,17] Redundant null check: comparing '@NonNull String' against null
[WARNING] /Users/kgoderis/Development/openhab/git/openhab-core/bundles/org.openhab.core.ai.common/src/main/java/org/openhab/core/ai/common/actions/discovery/ApproveDiscoveryAction.java:[386,17] Redundant null check: comparing '@NonNull List<@NonNull Map<@NonNull String,@NonNull Object>>' against null
[WARNING] /Users/kgoderis/Development/openhab/git/openhab-core/bundles/org.openhab.core.ai.common/src/main/java/org/openhab/core/ai/common/actions/discovery/ApproveDiscoveryAction.java:[397,19] The value of the local variable thing is not used
[WARNING] /Users/kgoderis/Development/openhab/git/openhab-core/bundles/org.openhab.core.ai.common/src/main/java/org/openhab/core/ai/common/actions/discovery/DiscoveryAction.java:[93,13] Redundant null check: comparing '@NonNull Map<@NonNull String,@NonNull Object>' against null
[WARNING] /Users/kgoderis/Development/openhab/git/openhab-core/bundles/org.openhab.core.ai.common/src/main/java/org/openhab/core/ai/common/actions/discovery/DiscoveryAction.java:[93,33] Dead code
[WARNING] /Users/kgoderis/Development/openhab/git/openhab-core/bundles/org.openhab.core.ai.common/src/main/java/org/openhab/core/ai/common/actions/discovery/DiscoveryAction.java:[117,50] Potential null pointer access: The variable action may be null at this location
[WARNING] /Users/kgoderis/Development/openhab/git/openhab-core/bundles/org.openhab.core.ai.common/src/main/java/org/openhab/core/ai/common/actions/discovery/DiscoveryAction.java:[129,18] The value of the local variable executionTime is not used
[WARNING] /Users/kgoderis/Development/openhab/git/openhab-core/bundles/org.openhab.core.ai.common/src/main/java/org/openhab/core/ai/common/actions/discovery/GetDiscoveryResultsAction.java:[216,69] Potential null pointer access: The method get(Object) may return null
[WARNING] /Users/kgoderis/Development/openhab/git/openhab-core/bundles/org.openhab.core.ai.common/src/main/java/org/openhab/core/ai/common/actions/discovery/GetDiscoveryResultsAction.java:[217,71] Potential null pointer access: The method get(Object) may return null
[WARNING] /Users/kgoderis/Development/openhab/git/openhab-core/bundles/org.openhab.core.ai.common/src/main/java/org/openhab/core/ai/common/actions/discovery/GetDiscoveryResultsAction.java:[222,62] Null type mismatch: required 'java.lang.@NonNull String' but the provided value is inferred as @org.eclipse.jdt.annotation.Nullable
[WARNING] /Users/kgoderis/Development/openhab/git/openhab-core/bundles/org.openhab.core.ai.common/src/main/java/org/openhab/core/ai/common/actions/discovery/GetDiscoveryResultsAction.java:[222,75] Null type mismatch: required 'java.lang.@NonNull String' but the provided value is inferred as @org.eclipse.jdt.annotation.Nullable
[WARNING] /Users/kgoderis/Development/openhab/git/openhab-core/bundles/org.openhab.core.ai.common/src/main/java/org/openhab/core/ai/common/actions/discovery/GetDiscoveryResultsAction.java:[222,86] Null type mismatch: required 'java.lang.@NonNull String' but the provided value is inferred as @org.eclipse.jdt.annotation.Nullable
[WARNING] /Users/kgoderis/Development/openhab/git/openhab-core/bundles/org.openhab.core.ai.common/src/main/java/org/openhab/core/ai/common/actions/discovery/GetDiscoveryResultsAction.java:[222,104] Null type mismatch: required 'java.lang.@NonNull String' but the provided value is inferred as @org.eclipse.jdt.annotation.Nullable
[WARNING] /Users/kgoderis/Development/openhab/git/openhab-core/bundles/org.openhab.core.ai.common/src/main/java/org/openhab/core/ai/common/actions/discovery/GetDiscoveryResultsAction.java:[280,35] The value of the local variable allResults is not used
[WARNING] /Users/kgoderis/Development/openhab/git/openhab-core/bundles/org.openhab.core.ai.common/src/main/java/org/openhab/core/ai/common/actions/discovery/GetDiscoveryResultsAction.java:[287,43] Potential null pointer access: this expression has a '@Nullable' type
[WARNING] /Users/kgoderis/Development/openhab/git/openhab-core/bundles/org.openhab.core.ai.common/src/main/java/org/openhab/core/ai/common/actions/discovery/GetDiscoveryResultsAction.java:[294,56] Potential null pointer access: The method getLabel() may return null
[WARNING] /Users/kgoderis/Development/openhab/git/openhab-core/bundles/org.openhab.core.ai.common/src/main/java/org/openhab/core/ai/common/actions/discovery/GetDiscoveryResultsAction.java:[298,17] Redundant null check: comparing '@NonNull String' against null
[WARNING] /Users/kgoderis/Development/openhab/git/openhab-core/bundles/org.openhab.core.ai.common/src/main/java/org/openhab/core/ai/common/actions/discovery/GetDiscoveryResultsAction.java:[305,17] Redundant null check: comparing '@NonNull String' against null
[WARNING] /Users/kgoderis/Development/openhab/git/openhab-core/bundles/org.openhab.core.ai.common/src/main/java/org/openhab/core/ai/common/actions/discovery/GetDiscoveryResultsAction.java:[312,17] Redundant null check: comparing '@NonNull String' against null
[WARNING] /Users/kgoderis/Development/openhab/git/openhab-core/bundles/org.openhab.core.ai.common/src/main/java/org/openhab/core/ai/common/actions/discovery/GetDiscoveryResultsAction.java:[338,17] Redundant null check: comparing '@NonNull String' against null
[WARNING] /Users/kgoderis/Development/openhab/git/openhab-core/bundles/org.openhab.core.ai.common/src/main/java/org/openhab/core/ai/common/actions/discovery/GetDiscoveryResultsAction.java:[414,29] Null type mismatch: required 'java.lang.@NonNull Object' but the provided value is inferred as @org.eclipse.jdt.annotation.Nullable
[WARNING] /Users/kgoderis/Development/openhab/git/openhab-core/bundles/org.openhab.core.ai.common/src/main/java/org/openhab/core/ai/common/actions/discovery/GetDiscoveryResultsAction.java:[422,68] Potential null pointer access: The method getBridgeUID() may return null
[WARNING] /Users/kgoderis/Development/openhab/git/openhab-core/bundles/org.openhab.core.ai.common/src/main/java/org/openhab/core/ai/common/actions/discovery/GetDiscoveryServicesAction.java:[162,63] Null type mismatch: required 'java.lang.@NonNull String' but the provided value is inferred as @org.eclipse.jdt.annotation.Nullable
[WARNING] /Users/kgoderis/Development/openhab/git/openhab-core/bundles/org.openhab.core.ai.common/src/main/java/org/openhab/core/ai/common/actions/discovery/GetDiscoveryServicesAction.java:[162,74] Null type mismatch: required 'java.lang.@NonNull String' but the provided value is inferred as @org.eclipse.jdt.annotation.Nullable
[WARNING] /Users/kgoderis/Development/openhab/git/openhab-core/bundles/org.openhab.core.ai.common/src/main/java/org/openhab/core/ai/common/actions/discovery/GetDiscoveryServicesAction.java:[217,32] Potential null pointer access: this expression has a '@Nullable' type
[WARNING] /Users/kgoderis/Development/openhab/git/openhab-core/bundles/org.openhab.core.ai.common/src/main/java/org/openhab/core/ai/common/actions/discovery/GetDiscoveryServicesAction.java:[224,41] Null type mismatch: required 'java.lang.@NonNull Object' but the provided value is inferred as @org.eclipse.jdt.annotation.Nullable
[WARNING] /Users/kgoderis/Development/openhab/git/openhab-core/bundles/org.openhab.core.ai.common/src/main/java/org/openhab/core/ai/common/actions/discovery/GetDiscoveryServicesAction.java:[275,38] Null comparison always yields false: The variable bindingId is specified as @NonNull
[WARNING] /Users/kgoderis/Development/openhab/git/openhab-core/bundles/org.openhab.core.ai.common/src/main/java/org/openhab/core/ai/common/actions/discovery/GetDiscoveryServicesAction.java:[276,39] Null comparison always yields false: The variable protocol is specified as @NonNull
[WARNING] /Users/kgoderis/Development/openhab/git/openhab-core/bundles/org.openhab.core.ai.common/src/main/java/org/openhab/core/ai/common/actions/discovery/GetDiscoveryStatusAction.java:[167,79] Potential null pointer access: The method get(Object) may return null
[WARNING] /Users/kgoderis/Development/openhab/git/openhab-core/bundles/org.openhab.core.ai.common/src/main/java/org/openhab/core/ai/common/actions/discovery/GetDiscoveryStatusAction.java:[171,61] Null type mismatch: required 'java.lang.@NonNull String' but the provided value is inferred as @org.eclipse.jdt.annotation.Nullable
[WARNING] /Users/kgoderis/Development/openhab/git/openhab-core/bundles/org.openhab.core.ai.common/src/main/java/org/openhab/core/ai/common/actions/discovery/GetDiscoveryStatusAction.java:[171,74] Null type mismatch: required 'java.lang.@NonNull String' but the provided value is inferred as @org.eclipse.jdt.annotation.Nullable
[WARNING] /Users/kgoderis/Development/openhab/git/openhab-core/bundles/org.openhab.core.ai.common/src/main/java/org/openhab/core/ai/common/actions/discovery/GetDiscoveryStatusAction.java:[171,85] Null type mismatch: required 'java.lang.@NonNull String' but the provided value is inferred as @org.eclipse.jdt.annotation.Nullable
[WARNING] /Users/kgoderis/Development/openhab/git/openhab-core/bundles/org.openhab.core.ai.common/src/main/java/org/openhab/core/ai/common/actions/discovery/GetDiscoveryStatusAction.java:[227,32] Potential null pointer access: this expression has a '@Nullable' type
[WARNING] /Users/kgoderis/Development/openhab/git/openhab-core/bundles/org.openhab.core.ai.common/src/main/java/org/openhab/core/ai/common/actions/discovery/GetDiscoveryStatusAction.java:[235,50] Null comparison always yields false: The variable discoveryId is specified as @NonNull
[WARNING] /Users/kgoderis/Development/openhab/git/openhab-core/bundles/org.openhab.core.ai.common/src/main/java/org/openhab/core/ai/common/actions/discovery/GetDiscoveryStatusAction.java:[236,48] Null comparison always yields false: The variable bindingId is specified as @NonNull
[WARNING] /Users/kgoderis/Development/openhab/git/openhab-core/bundles/org.openhab.core.ai.common/src/main/java/org/openhab/core/ai/common/actions/discovery/GetDiscoveryStatusAction.java:[237,47] Null comparison always yields false: The variable protocol is specified as @NonNull
[WARNING] /Users/kgoderis/Development/openhab/git/openhab-core/bundles/org.openhab.core.ai.common/src/main/java/org/openhab/core/ai/common/actions/discovery/GetDiscoveryStatusAction.java:[244,33] Potential null pointer access: The variable status may be null at this location
[WARNING] /Users/kgoderis/Development/openhab/git/openhab-core/bundles/org.openhab.core.ai.common/src/main/java/org/openhab/core/ai/common/actions/discovery/IgnoreDiscoveryAction.java:[204,58] Null type mismatch: required 'java.util.@NonNull List<java.lang.@NonNull String>' but the provided value is inferred as @org.eclipse.jdt.annotation.Nullable
[WARNING] /Users/kgoderis/Development/openhab/git/openhab-core/bundles/org.openhab.core.ai.common/src/main/java/org/openhab/core/ai/common/actions/discovery/IgnoreDiscoveryAction.java:[204,69] Null type mismatch: required 'java.lang.@NonNull String' but the provided value is inferred as @org.eclipse.jdt.annotation.Nullable
[WARNING] /Users/kgoderis/Development/openhab/git/openhab-core/bundles/org.openhab.core.ai.common/src/main/java/org/openhab/core/ai/common/actions/discovery/IgnoreDiscoveryAction.java:[204,82] Null type mismatch: required 'java.lang.@NonNull String' but the provided value is inferred as @org.eclipse.jdt.annotation.Nullable
[WARNING] /Users/kgoderis/Development/openhab/git/openhab-core/bundles/org.openhab.core.ai.common/src/main/java/org/openhab/core/ai/common/actions/discovery/IgnoreDiscoveryAction.java:[205,37] Null type mismatch: required 'java.lang.@NonNull String' but the provided value is inferred as @org.eclipse.jdt.annotation.Nullable
[WARNING] /Users/kgoderis/Development/openhab/git/openhab-core/bundles/org.openhab.core.ai.common/src/main/java/org/openhab/core/ai/common/actions/discovery/IgnoreDiscoveryAction.java:[263,32] Potential null pointer access: this expression has a '@Nullable' type
[WARNING] /Users/kgoderis/Development/openhab/git/openhab-core/bundles/org.openhab.core.ai.common/src/main/java/org/openhab/core/ai/common/actions/discovery/IgnoreDiscoveryAction.java:[271,50] Null comparison always yields false: The variable discoveryId is specified as @NonNull
[WARNING] /Users/kgoderis/Development/openhab/git/openhab-core/bundles/org.openhab.core.ai.common/src/main/java/org/openhab/core/ai/common/actions/discovery/IgnoreDiscoveryAction.java:[272,48] Null comparison always yields false: The variable bindingId is specified as @NonNull
[WARNING] /Users/kgoderis/Development/openhab/git/openhab-core/bundles/org.openhab.core.ai.common/src/main/java/org/openhab/core/ai/common/actions/discovery/IgnoreDiscoveryAction.java:[299,46] Redundant null check: The variable blacklistPattern is specified as @NonNull
[WARNING] /Users/kgoderis/Development/openhab/git/openhab-core/bundles/org.openhab.core.ai.common/src/main/java/org/openhab/core/ai/common/actions/discovery/IgnoreDiscoveryAction.java:[341,32] Potential null pointer access: this expression has a '@Nullable' type
[WARNING] /Users/kgoderis/Development/openhab/git/openhab-core/bundles/org.openhab.core.ai.common/src/main/java/org/openhab/core/ai/common/actions/discovery/IgnoreDiscoveryAction.java:[348,42] Null comparison always yields false: The variable bindingId is specified as @NonNull
[WARNING] /Users/kgoderis/Development/openhab/git/openhab-core/bundles/org.openhab.core.ai.common/src/main/java/org/openhab/core/ai/common/actions/discovery/IgnoreDiscoveryAction.java:[407,13] Redundant null check: comparing '@NonNull String' against null
[WARNING] /Users/kgoderis/Development/openhab/git/openhab-core/bundles/org.openhab.core.ai.common/src/main/java/org/openhab/core/ai/common/actions/discovery/IgnoreDiscoveryAction.java:[409,16] Dead code
[WARNING] /Users/kgoderis/Development/openhab/git/openhab-core/bundles/org.openhab.core.ai.common/src/main/java/org/openhab/core/ai/common/actions/discovery/StartDiscoveryAction.java:[195,73] Potential null pointer access: The method get(Object) may return null
[WARNING] /Users/kgoderis/Development/openhab/git/openhab-core/bundles/org.openhab.core.ai.common/src/main/java/org/openhab/core/ai/common/actions/discovery/StartDiscoveryAction.java:[208,57] Null type mismatch: required 'java.lang.@NonNull String' but the provided value is inferred as @org.eclipse.jdt.annotation.Nullable
[WARNING] /Users/kgoderis/Development/openhab/git/openhab-core/bundles/org.openhab.core.ai.common/src/main/java/org/openhab/core/ai/common/actions/discovery/StartDiscoveryAction.java:[209,21] Null type mismatch: required 'java.util.@NonNull List<java.lang.@NonNull Integer>' but the provided value is inferred as @org.eclipse.jdt.annotation.Nullable
[WARNING] /Users/kgoderis/Development/openhab/git/openhab-core/bundles/org.openhab.core.ai.common/src/main/java/org/openhab/core/ai/common/actions/discovery/StartDiscoveryAction.java:[209,32] Null type mismatch: required 'java.util.@NonNull Map<java.lang.@NonNull String,java.lang.@NonNull Object>' but the provided value is inferred as @org.eclipse.jdt.annotation.Nullable
[WARNING] /Users/kgoderis/Development/openhab/git/openhab-core/bundles/org.openhab.core.ai.common/src/main/java/org/openhab/core/ai/common/actions/discovery/StartDiscoveryAction.java:[265,32] Potential null pointer access: this expression has a '@Nullable' type
[WARNING] /Users/kgoderis/Development/openhab/git/openhab-core/bundles/org.openhab.core.ai.common/src/main/java/org/openhab/core/ai/common/actions/discovery/StopDiscoveryAction.java:[235,32] Potential null pointer access: this expression has a '@Nullable' type
[WARNING] /Users/kgoderis/Development/openhab/git/openhab-core/bundles/org.openhab.core.ai.common/src/main/java/org/openhab/core/ai/common/actions/events/EventSSEManager.java:[34,13] Redundant null check: comparing '@NonNull EventSSEManager' against null
[WARNING] /Users/kgoderis/Development/openhab/git/openhab-core/bundles/org.openhab.core.ai.common/src/main/java/org/openhab/core/ai/common/actions/events/EventSSEManager.java:[34,31] Dead code
[WARNING] /Users/kgoderis/Development/openhab/git/openhab-core/bundles/org.openhab.core.ai.common/src/main/java/org/openhab/core/ai/common/actions/events/EventSSEManager.java:[36,21] Redundant null check: comparing '@NonNull EventSSEManager' against null
[WARNING] /Users/kgoderis/Development/openhab/git/openhab-core/bundles/org.openhab.core.ai.common/src/main/java/org/openhab/core/ai/common/actions/events/EventSSEManager.java:[51,9] Potential null pointer access: The method computeIfAbsent(String, Function) may return null
[WARNING] /Users/kgoderis/Development/openhab/git/openhab-core/bundles/org.openhab.core.ai.common/src/main/java/org/openhab/core/ai/common/actions/events/EventSubscriptionRegistry.java:[86,9] Potential null pointer access: The method computeIfAbsent(String, Function) may return null
[WARNING] /Users/kgoderis/Development/openhab/git/openhab-core/bundles/org.openhab.core.ai.common/src/main/java/org/openhab/core/ai/common/actions/events/EventSubscriptionRegistry.java:[187,30] The value of the field org.openhab.core.ai.common.actions.events.EventSubscriptionRegistry.FilteringEventSubscriber.clientId is not used
[WARNING] /Users/kgoderis/Development/openhab/git/openhab-core/bundles/org.openhab.core.ai.common/src/main/java/org/openhab/core/ai/common/actions/events/EventSubscriptionRegistry.java:[237,30] Potential null pointer access: The method getSource() may return null
[WARNING] /Users/kgoderis/Development/openhab/git/openhab-core/bundles/org.openhab.core.ai.common/src/main/java/org/openhab/core/ai/common/actions/events/ListSubscriptionsAction.java:[194,52] Potential null pointer access: this expression has a '@Nullable' type
[WARNING] /Users/kgoderis/Development/openhab/git/openhab-core/bundles/org.openhab.core.ai.common/src/main/java/org/openhab/core/ai/common/actions/events/ListSubscriptionsAction.java:[194,96] Null type mismatch: required 'java.lang.@NonNull String' but the provided value is inferred as @org.eclipse.jdt.annotation.Nullable
[WARNING] /Users/kgoderis/Development/openhab/git/openhab-core/bundles/org.openhab.core.ai.common/src/main/java/org/openhab/core/ai/common/actions/events/ListSubscriptionsAction.java:[196,36] Null type mismatch: required 'java.lang.@NonNull Object' but the provided value is inferred as @org.eclipse.jdt.annotation.Nullable
[WARNING] /Users/kgoderis/Development/openhab/git/openhab-core/bundles/org.openhab.core.ai.common/src/main/java/org/openhab/core/ai/common/actions/events/ListSubscriptionsAction.java:[213,36] Null type mismatch: required 'java.lang.@NonNull Object' but the provided value is inferred as @org.eclipse.jdt.annotation.Nullable
[WARNING] /Users/kgoderis/Development/openhab/git/openhab-core/bundles/org.openhab.core.ai.common/src/main/java/org/openhab/core/ai/common/actions/events/SendEventAction.java:[242,40] Null type mismatch: required 'java.lang.@NonNull Object' but the provided value is inferred as @org.eclipse.jdt.annotation.Nullable
[WARNING] /Users/kgoderis/Development/openhab/git/openhab-core/bundles/org.openhab.core.ai.common/src/main/java/org/openhab/core/ai/common/actions/events/SendEventAction.java:[243,42] Null type mismatch: required 'java.lang.@NonNull Object' but the provided value is inferred as @org.eclipse.jdt.annotation.Nullable
[WARNING] /Users/kgoderis/Development/openhab/git/openhab-core/bundles/org.openhab.core.ai.common/src/main/java/org/openhab/core/ai/common/actions/events/SendEventAction.java:[255,37] Null type mismatch: required 'java.lang.@NonNull Object' but the provided value is inferred as @org.eclipse.jdt.annotation.Nullable
[WARNING] /Users/kgoderis/Development/openhab/git/openhab-core/bundles/org.openhab.core.ai.common/src/main/java/org/openhab/core/ai/common/actions/events/SendEventAction.java:[266,37] Null type mismatch: required 'java.lang.@NonNull Object' but the provided value is inferred as @org.eclipse.jdt.annotation.Nullable
[WARNING] /Users/kgoderis/Development/openhab/git/openhab-core/bundles/org.openhab.core.ai.common/src/main/java/org/openhab/core/ai/common/actions/events/SendEventAction.java:[274,33] Null type mismatch: required 'java.lang.@NonNull Object' but the provided value is inferred as @org.eclipse.jdt.annotation.Nullable
[WARNING] /Users/kgoderis/Development/openhab/git/openhab-core/bundles/org.openhab.core.ai.common/src/main/java/org/openhab/core/ai/common/actions/events/SubscribeEventsAction.java:[222,48] Null type mismatch: required 'java.util.@NonNull Collection<? extends java.lang.@NonNull String>' but the provided value is inferred as @org.eclipse.jdt.annotation.Nullable
[WARNING] /Users/kgoderis/Development/openhab/git/openhab-core/bundles/org.openhab.core.ai.common/src/main/java/org/openhab/core/ai/common/actions/events/SubscribeEventsAction.java:[226,49] Potential null pointer access: this expression has a '@Nullable' type
[WARNING] /Users/kgoderis/Development/openhab/git/openhab-core/bundles/org.openhab.core.ai.common/src/main/java/org/openhab/core/ai/common/actions/events/SubscribeEventsAction.java:[226,85] Null type mismatch: required 'java.lang.@NonNull String' but the provided value is inferred as @org.eclipse.jdt.annotation.Nullable
[WARNING] /Users/kgoderis/Development/openhab/git/openhab-core/bundles/org.openhab.core.ai.common/src/main/java/org/openhab/core/ai/common/actions/events/UnsubscribeEventsAction.java:[191,18] Potential null pointer access: this expression has a '@Nullable' type
[WARNING] /Users/kgoderis/Development/openhab/git/openhab-core/bundles/org.openhab.core.ai.common/src/main/java/org/openhab/core/ai/common/actions/events/UnsubscribeEventsAction.java:[191,60] Null type mismatch: required 'java.lang.@NonNull String' but the provided value is inferred as @org.eclipse.jdt.annotation.Nullable
[WARNING] /Users/kgoderis/Development/openhab/git/openhab-core/bundles/org.openhab.core.ai.common/src/main/java/org/openhab/core/ai/common/actions/events/UnsubscribeEventsAction.java:[192,46] Null type mismatch: required 'java.lang.@NonNull Object' but the provided value is inferred as @org.eclipse.jdt.annotation.Nullable
[WARNING] /Users/kgoderis/Development/openhab/git/openhab-core/bundles/org.openhab.core.ai.common/src/main/java/org/openhab/core/ai/common/actions/events/UnsubscribeEventsAction.java:[201,67] Potential null pointer access: this expression has a '@Nullable' type
[WARNING] /Users/kgoderis/Development/openhab/git/openhab-core/bundles/org.openhab.core.ai.common/src/main/java/org/openhab/core/ai/common/actions/events/UnsubscribeEventsAction.java:[202,42] Null type mismatch: required 'java.lang.@NonNull String' but the provided value is inferred as @org.eclipse.jdt.annotation.Nullable
[WARNING] /Users/kgoderis/Development/openhab/git/openhab-core/bundles/org.openhab.core.ai.common/src/main/java/org/openhab/core/ai/common/actions/events/UnsubscribeEventsAction.java:[204,50] Null type mismatch: required 'java.lang.@NonNull Object' but the provided value is inferred as @org.eclipse.jdt.annotation.Nullable
[WARNING] /Users/kgoderis/Development/openhab/git/openhab-core/bundles/org.openhab.core.ai.common/src/main/java/org/openhab/core/ai/common/actions/events/UnsubscribeEventsAction.java:[214,31] Potential null pointer access: this expression has a '@Nullable' type
[WARNING] /Users/kgoderis/Development/openhab/git/openhab-core/bundles/org.openhab.core.ai.common/src/main/java/org/openhab/core/ai/common/actions/events/UnsubscribeEventsAction.java:[214,69] Null type mismatch: required 'java.lang.@NonNull String' but the provided value is inferred as @org.eclipse.jdt.annotation.Nullable
[WARNING] /Users/kgoderis/Development/openhab/git/openhab-core/bundles/org.openhab.core.ai.common/src/main/java/org/openhab/core/ai/common/actions/events/UnsubscribeEventsAction.java:[217,46] Null type mismatch: required 'java.lang.@NonNull Object' but the provided value is inferred as @org.eclipse.jdt.annotation.Nullable
[WARNING] /Users/kgoderis/Development/openhab/git/openhab-core/bundles/org.openhab.core.ai.common/src/main/java/org/openhab/core/ai/common/actions/events/UnsubscribeEventsAction.java:[223,46] Null type mismatch: required 'java.lang.@NonNull Object' but the provided value is inferred as @org.eclipse.jdt.annotation.Nullable
[WARNING] /Users/kgoderis/Development/openhab/git/openhab-core/bundles/org.openhab.core.ai.common/src/main/java/org/openhab/core/ai/common/actions/events/UnsubscribeEventsAction.java:[230,42] Null type mismatch: required 'java.lang.@NonNull Object' but the provided value is inferred as @org.eclipse.jdt.annotation.Nullable
[WARNING] /Users/kgoderis/Development/openhab/git/openhab-core/bundles/org.openhab.core.ai.common/src/main/java/org/openhab/core/ai/common/actions/filesystem/CompressFilesAction.java:[189,29] Null comparison always yields false: The variable path cannot be null at this location
[WARNING] /Users/kgoderis/Development/openhab/git/openhab-core/bundles/org.openhab.core.ai.common/src/main/java/org/openhab/core/ai/common/actions/filesystem/CompressFilesAction.java:[260,79] Potential null pointer access: This expression of type java.lang.Boolean may be null but requires auto-unboxing
[WARNING] /Users/kgoderis/Development/openhab/git/openhab-core/bundles/org.openhab.core.ai.common/src/main/java/org/openhab/core/ai/common/actions/filesystem/CompressFilesAction.java:[263,23] Potential null pointer access: This expression of type java.lang.Integer may be null but requires auto-unboxing
[WARNING] /Users/kgoderis/Development/openhab/git/openhab-core/bundles/org.openhab.core.ai.common/src/main/java/org/openhab/core/ai/common/actions/filesystem/CompressFilesAction.java:[267,32] Potential null pointer access: The variable sourcePaths may be null at this location
[WARNING] /Users/kgoderis/Development/openhab/git/openhab-core/bundles/org.openhab.core.ai.common/src/main/java/org/openhab/core/ai/common/actions/filesystem/CompressFilesAction.java:[273,56] Null type mismatch: required 'java.lang.@NonNull String' but the provided value is inferred as @org.eclipse.jdt.annotation.Nullable
[WARNING] /Users/kgoderis/Development/openhab/git/openhab-core/bundles/org.openhab.core.ai.common/src/main/java/org/openhab/core/ai/common/actions/filesystem/CompressFilesAction.java:[286,38] Potential null pointer access: The variable sourcePaths may be null at this location
[WARNING] /Users/kgoderis/Development/openhab/git/openhab-core/bundles/org.openhab.core.ai.common/src/main/java/org/openhab/core/ai/common/actions/filesystem/CompressFilesAction.java:[340,49] Null type mismatch: required 'java.lang.@NonNull Object' but the provided value is inferred as @org.eclipse.jdt.annotation.Nullable
[WARNING] /Users/kgoderis/Development/openhab/git/openhab-core/bundles/org.openhab.core.ai.common/src/main/java/org/openhab/core/ai/common/actions/filesystem/CopyFileAction.java:[207,50] Null type mismatch: required 'java.lang.@NonNull String' but the provided value is inferred as @org.eclipse.jdt.annotation.Nullable
[WARNING] /Users/kgoderis/Development/openhab/git/openhab-core/bundles/org.openhab.core.ai.common/src/main/java/org/openhab/core/ai/common/actions/filesystem/CopyFileAction.java:[208,50] Null type mismatch: required 'java.lang.@NonNull String' but the provided value is inferred as @org.eclipse.jdt.annotation.Nullable
[WARNING] /Users/kgoderis/Development/openhab/git/openhab-core/bundles/org.openhab.core.ai.common/src/main/java/org/openhab/core/ai/common/actions/filesystem/CopyFileAction.java:[232,38] Null type mismatch: required 'java.lang.@NonNull Object' but the provided value is inferred as @org.eclipse.jdt.annotation.Nullable
[WARNING] /Users/kgoderis/Development/openhab/git/openhab-core/bundles/org.openhab.core.ai.common/src/main/java/org/openhab/core/ai/common/actions/filesystem/CopyFileAction.java:[233,43] Null type mismatch: required 'java.lang.@NonNull Object' but the provided value is inferred as @org.eclipse.jdt.annotation.Nullable
[WARNING] /Users/kgoderis/Development/openhab/git/openhab-core/bundles/org.openhab.core.ai.common/src/main/java/org/openhab/core/ai/common/actions/filesystem/CopyFileAction.java:[237,42] Null type mismatch: required 'java.lang.@NonNull Object' but the provided value is inferred as @org.eclipse.jdt.annotation.Nullable
[WARNING] /Users/kgoderis/Development/openhab/git/openhab-core/bundles/org.openhab.core.ai.common/src/main/java/org/openhab/core/ai/common/actions/filesystem/CreateDirectoryAction.java:[204,28] Redundant null check: The variable permissions cannot be null at this location
[WARNING] /Users/kgoderis/Development/openhab/git/openhab-core/bundles/org.openhab.core.ai.common/src/main/java/org/openhab/core/ai/common/actions/filesystem/CreateDirectoryAction.java:[219,51] Redundant null check: comparing '@NonNull String' against null
[WARNING] /Users/kgoderis/Development/openhab/git/openhab-core/bundles/org.openhab.core.ai.common/src/main/java/org/openhab/core/ai/common/actions/filesystem/CreateDirectoryAction.java:[226,102] Potential null pointer access: The variable dirPath may be null at this location
[WARNING] /Users/kgoderis/Development/openhab/git/openhab-core/bundles/org.openhab.core.ai.common/src/main/java/org/openhab/core/ai/common/actions/filesystem/CreateDirectoryAction.java:[233,52] Null type mismatch: required 'java.lang.@NonNull String' but the provided value is inferred as @org.eclipse.jdt.annotation.Nullable
[WARNING] /Users/kgoderis/Development/openhab/git/openhab-core/bundles/org.openhab.core.ai.common/src/main/java/org/openhab/core/ai/common/actions/filesystem/DecompressFilesAction.java:[50,31] The value of the field org.openhab.core.ai.common.actions.filesystem.DecompressFilesAction.MAX_TOTAL_SIZE is not used
[WARNING] /Users/kgoderis/Development/openhab/git/openhab-core/bundles/org.openhab.core.ai.common/src/main/java/org/openhab/core/ai/common/actions/filesystem/DecompressFilesAction.java:[226,25] Null comparison always yields false: The variable file cannot be null at this location
[WARNING] /Users/kgoderis/Development/openhab/git/openhab-core/bundles/org.openhab.core.ai.common/src/main/java/org/openhab/core/ai/common/actions/filesystem/DecompressFilesAction.java:[254,71] Potential null pointer access: This expression of type java.lang.Boolean may be null but requires auto-unboxing
[WARNING] /Users/kgoderis/Development/openhab/git/openhab-core/bundles/org.openhab.core.ai.common/src/main/java/org/openhab/core/ai/common/actions/filesystem/DecompressFilesAction.java:[261,56] Null type mismatch: required 'java.lang.@NonNull String' but the provided value is inferred as @org.eclipse.jdt.annotation.Nullable
[WARNING] /Users/kgoderis/Development/openhab/git/openhab-core/bundles/org.openhab.core.ai.common/src/main/java/org/openhab/core/ai/common/actions/filesystem/DecompressFilesAction.java:[265,56] Null type mismatch: required 'java.lang.@NonNull String' but the provided value is inferred as @org.eclipse.jdt.annotation.Nullable
[WARNING] /Users/kgoderis/Development/openhab/git/openhab-core/bundles/org.openhab.core.ai.common/src/main/java/org/openhab/core/ai/common/actions/filesystem/DecompressFilesAction.java:[359,51] Null type mismatch: required 'java.lang.@NonNull Object' but the provided value is inferred as @org.eclipse.jdt.annotation.Nullable
[WARNING] /Users/kgoderis/Development/openhab/git/openhab-core/bundles/org.openhab.core.ai.common/src/main/java/org/openhab/core/ai/common/actions/filesystem/DeleteFileAction.java:[226,52] Redundant null check: comparing '@NonNull String' against null
[WARNING] /Users/kgoderis/Development/openhab/git/openhab-core/bundles/org.openhab.core.ai.common/src/main/java/org/openhab/core/ai/common/actions/filesystem/DeleteFileAction.java:[233,42] Redundant null check: The variable backupPath cannot be null at this location
[WARNING] /Users/kgoderis/Development/openhab/git/openhab-core/bundles/org.openhab.core.ai.common/src/main/java/org/openhab/core/ai/common/actions/filesystem/DeleteFileAction.java:[237,21] Potential null pointer access: The variable filePath may be null at this location
[WARNING] /Users/kgoderis/Development/openhab/git/openhab-core/bundles/org.openhab.core.ai.common/src/main/java/org/openhab/core/ai/common/actions/filesystem/DeleteFileAction.java:[243,52] Null type mismatch: required 'java.lang.@NonNull String' but the provided value is inferred as @org.eclipse.jdt.annotation.Nullable
[WARNING] /Users/kgoderis/Development/openhab/git/openhab-core/bundles/org.openhab.core.ai.common/src/main/java/org/openhab/core/ai/common/actions/filesystem/FileSystemSecurityUtils.java:[38,24] Redundant null check: The variable configFolder cannot be null at this location
[WARNING] /Users/kgoderis/Development/openhab/git/openhab-core/bundles/org.openhab.core.ai.common/src/main/java/org/openhab/core/ai/common/actions/filesystem/FileSystemSecurityUtils.java:[39,17] Redundant null check: The variable userDataFolder cannot be null at this location
[WARNING] /Users/kgoderis/Development/openhab/git/openhab-core/bundles/org.openhab.core.ai.common/src/main/java/org/openhab/core/ai/common/actions/filesystem/FileSystemSecurityUtils.java:[39,71] Null type mismatch: required 'java.lang.@NonNull String' but the provided value is inferred as @org.eclipse.jdt.annotation.Nullable
[WARNING] /Users/kgoderis/Development/openhab/git/openhab-core/bundles/org.openhab.core.ai.common/src/main/java/org/openhab/core/ai/common/actions/filesystem/FileSystemSecurityUtils.java:[49,13] Redundant null check: comparing '@NonNull String' against null
[WARNING] /Users/kgoderis/Development/openhab/git/openhab-core/bundles/org.openhab.core.ai.common/src/main/java/org/openhab/core/ai/common/actions/filesystem/FileSystemSecurityUtils.java:[49,27] Dead code
[WARNING] /Users/kgoderis/Development/openhab/git/openhab-core/bundles/org.openhab.core.ai.common/src/main/java/org/openhab/core/ai/common/actions/filesystem/GetFileChecksumAction.java:[226,56] Null type mismatch: required 'java.lang.@NonNull String' but the provided value is inferred as @org.eclipse.jdt.annotation.Nullable
[WARNING] /Users/kgoderis/Development/openhab/git/openhab-core/bundles/org.openhab.core.ai.common/src/main/java/org/openhab/core/ai/common/actions/filesystem/GetFileChecksumAction.java:[250,55] Null type mismatch: required 'java.lang.@NonNull String' but the provided value is inferred as @org.eclipse.jdt.annotation.Nullable
[WARNING] /Users/kgoderis/Development/openhab/git/openhab-core/bundles/org.openhab.core.ai.common/src/main/java/org/openhab/core/ai/common/actions/filesystem/GetFileChecksumAction.java:[250,66] Null type mismatch: required 'java.lang.@NonNull String' but the provided value is inferred as @org.eclipse.jdt.annotation.Nullable
[WARNING] /Users/kgoderis/Development/openhab/git/openhab-core/bundles/org.openhab.core.ai.common/src/main/java/org/openhab/core/ai/common/actions/filesystem/GetFileChecksumAction.java:[257,44] Null type mismatch: required 'java.lang.@NonNull Object' but the provided value is inferred as @org.eclipse.jdt.annotation.Nullable
[WARNING] /Users/kgoderis/Development/openhab/git/openhab-core/bundles/org.openhab.core.ai.common/src/main/java/org/openhab/core/ai/common/actions/filesystem/GetFileChecksumAction.java:[258,45] Null type mismatch: required 'java.lang.@NonNull Object' but the provided value is inferred as @org.eclipse.jdt.annotation.Nullable
[WARNING] /Users/kgoderis/Development/openhab/git/openhab-core/bundles/org.openhab.core.ai.common/src/main/java/org/openhab/core/ai/common/actions/filesystem/GetFileChecksumAction.java:[260,42] Null type mismatch: required 'java.lang.@NonNull Object' but the provided value is inferred as @org.eclipse.jdt.annotation.Nullable
[WARNING] /Users/kgoderis/Development/openhab/git/openhab-core/bundles/org.openhab.core.ai.common/src/main/java/org/openhab/core/ai/common/actions/filesystem/GetFileInfoAction.java:[178,50] Null type mismatch: required 'java.lang.@NonNull String' but the provided value is inferred as @org.eclipse.jdt.annotation.Nullable
[WARNING] /Users/kgoderis/Development/openhab/git/openhab-core/bundles/org.openhab.core.ai.common/src/main/java/org/openhab/core/ai/common/actions/filesystem/GetFileInfoAction.java:[186,36] Null type mismatch: required 'java.lang.@NonNull Object' but the provided value is inferred as @org.eclipse.jdt.annotation.Nullable
[WARNING] /Users/kgoderis/Development/openhab/git/openhab-core/bundles/org.openhab.core.ai.common/src/main/java/org/openhab/core/ai/common/actions/filesystem/GetFilePermissionsAction.java:[205,69] Potential null pointer access: This expression of type java.lang.Boolean may be null but requires auto-unboxing
[WARNING] /Users/kgoderis/Development/openhab/git/openhab-core/bundles/org.openhab.core.ai.common/src/main/java/org/openhab/core/ai/common/actions/filesystem/GetFilePermissionsAction.java:[208,56] Null type mismatch: required 'java.lang.@NonNull String' but the provided value is inferred as @org.eclipse.jdt.annotation.Nullable
[WARNING] /Users/kgoderis/Development/openhab/git/openhab-core/bundles/org.openhab.core.ai.common/src/main/java/org/openhab/core/ai/common/actions/filesystem/GetFilePermissionsAction.java:[219,37] Null type mismatch: required 'java.lang.@NonNull Object' but the provided value is inferred as @org.eclipse.jdt.annotation.Nullable
[WARNING] /Users/kgoderis/Development/openhab/git/openhab-core/bundles/org.openhab.core.ai.common/src/main/java/org/openhab/core/ai/common/actions/filesystem/ListFilesAction.java:[191,46] Redundant null check: comparing '@NonNull String' against null
[WARNING] /Users/kgoderis/Development/openhab/git/openhab-core/bundles/org.openhab.core.ai.common/src/main/java/org/openhab/core/ai/common/actions/filesystem/ListFilesAction.java:[216,21] Potential null pointer access: The variable directoryPath may be null at this location
[WARNING] /Users/kgoderis/Development/openhab/git/openhab-core/bundles/org.openhab.core.ai.common/src/main/java/org/openhab/core/ai/common/actions/filesystem/ListFilesAction.java:[222,52] Null type mismatch: required 'java.lang.@NonNull String' but the provided value is inferred as @org.eclipse.jdt.annotation.Nullable
[WARNING] /Users/kgoderis/Development/openhab/git/openhab-core/bundles/org.openhab.core.ai.common/src/main/java/org/openhab/core/ai/common/actions/filesystem/MoveFileAction.java:[205,50] Null type mismatch: required 'java.lang.@NonNull String' but the provided value is inferred as @org.eclipse.jdt.annotation.Nullable
[WARNING] /Users/kgoderis/Development/openhab/git/openhab-core/bundles/org.openhab.core.ai.common/src/main/java/org/openhab/core/ai/common/actions/filesystem/MoveFileAction.java:[206,50] Null type mismatch: required 'java.lang.@NonNull String' but the provided value is inferred as @org.eclipse.jdt.annotation.Nullable
[WARNING] /Users/kgoderis/Development/openhab/git/openhab-core/bundles/org.openhab.core.ai.common/src/main/java/org/openhab/core/ai/common/actions/filesystem/MoveFileAction.java:[229,38] Null type mismatch: required 'java.lang.@NonNull Object' but the provided value is inferred as @org.eclipse.jdt.annotation.Nullable
[WARNING] /Users/kgoderis/Development/openhab/git/openhab-core/bundles/org.openhab.core.ai.common/src/main/java/org/openhab/core/ai/common/actions/filesystem/MoveFileAction.java:[230,43] Null type mismatch: required 'java.lang.@NonNull Object' but the provided value is inferred as @org.eclipse.jdt.annotation.Nullable
[WARNING] /Users/kgoderis/Development/openhab/git/openhab-core/bundles/org.openhab.core.ai.common/src/main/java/org/openhab/core/ai/common/actions/filesystem/MoveFileAction.java:[234,42] Null type mismatch: required 'java.lang.@NonNull Object' but the provided value is inferred as @org.eclipse.jdt.annotation.Nullable
[WARNING] /Users/kgoderis/Development/openhab/git/openhab-core/bundles/org.openhab.core.ai.common/src/main/java/org/openhab/core/ai/common/actions/filesystem/ReadFileAction.java:[263,52] Redundant null check: comparing '@NonNull String' against null
[WARNING] /Users/kgoderis/Development/openhab/git/openhab-core/bundles/org.openhab.core.ai.common/src/main/java/org/openhab/core/ai/common/actions/filesystem/ReadFileAction.java:[298,100] Potential null pointer access: The variable filePath may be null at this location
[WARNING] /Users/kgoderis/Development/openhab/git/openhab-core/bundles/org.openhab.core.ai.common/src/main/java/org/openhab/core/ai/common/actions/filesystem/ReadFileAction.java:[304,52] Null type mismatch: required 'java.lang.@NonNull String' but the provided value is inferred as @org.eclipse.jdt.annotation.Nullable
[WARNING] /Users/kgoderis/Development/openhab/git/openhab-core/bundles/org.openhab.core.ai.common/src/main/java/org/openhab/core/ai/common/actions/filesystem/SearchFilesAction.java:[337,52] Null type mismatch: required 'java.lang.@NonNull Integer' but the provided value is inferred as @org.eclipse.jdt.annotation.Nullable
[WARNING] /Users/kgoderis/Development/openhab/git/openhab-core/bundles/org.openhab.core.ai.common/src/main/java/org/openhab/core/ai/common/actions/filesystem/SearchFilesAction.java:[337,61] Null type mismatch: required 'java.lang.@NonNull Integer' but the provided value is inferred as @org.eclipse.jdt.annotation.Nullable
[WARNING] /Users/kgoderis/Development/openhab/git/openhab-core/bundles/org.openhab.core.ai.common/src/main/java/org/openhab/core/ai/common/actions/filesystem/SearchFilesAction.java:[358,47] Null type mismatch: required 'java.lang.@NonNull Object' but the provided value is inferred as @org.eclipse.jdt.annotation.Nullable
[WARNING] /Users/kgoderis/Development/openhab/git/openhab-core/bundles/org.openhab.core.ai.common/src/main/java/org/openhab/core/ai/common/actions/filesystem/SearchFilesAction.java:[359,48] Null type mismatch: required 'java.lang.@NonNull Object' but the provided value is inferred as @org.eclipse.jdt.annotation.Nullable
[WARNING] /Users/kgoderis/Development/openhab/git/openhab-core/bundles/org.openhab.core.ai.common/src/main/java/org/openhab/core/ai/common/actions/filesystem/SearchFilesAction.java:[363,43] Null type mismatch: required 'java.lang.@NonNull Object' but the provided value is inferred as @org.eclipse.jdt.annotation.Nullable
[WARNING] /Users/kgoderis/Development/openhab/git/openhab-core/bundles/org.openhab.core.ai.common/src/main/java/org/openhab/core/ai/common/actions/filesystem/SearchFilesAction.java:[364,43] Null type mismatch: required 'java.lang.@NonNull Object' but the provided value is inferred as @org.eclipse.jdt.annotation.Nullable
[WARNING] /Users/kgoderis/Development/openhab/git/openhab-core/bundles/org.openhab.core.ai.common/src/main/java/org/openhab/core/ai/common/actions/filesystem/SearchFilesAction.java:[433,17] Redundant null check: comparing '@NonNull Integer' against null
[WARNING] /Users/kgoderis/Development/openhab/git/openhab-core/bundles/org.openhab.core.ai.common/src/main/java/org/openhab/core/ai/common/actions/filesystem/SearchFilesAction.java:[437,17] Redundant null check: comparing '@NonNull Integer' against null
[WARNING] /Users/kgoderis/Development/openhab/git/openhab-core/bundles/org.openhab.core.ai.common/src/main/java/org/openhab/core/ai/common/actions/filesystem/SetFilePermissionsAction.java:[213,71] Potential null pointer access: This expression of type java.lang.Boolean may be null but requires auto-unboxing
[WARNING] /Users/kgoderis/Development/openhab/git/openhab-core/bundles/org.openhab.core.ai.common/src/main/java/org/openhab/core/ai/common/actions/filesystem/SetFilePermissionsAction.java:[216,56] Null type mismatch: required 'java.lang.@NonNull String' but the provided value is inferred as @org.eclipse.jdt.annotation.Nullable
[WARNING] /Users/kgoderis/Development/openhab/git/openhab-core/bundles/org.openhab.core.ai.common/src/main/java/org/openhab/core/ai/common/actions/filesystem/SetFilePermissionsAction.java:[252,32] Null type mismatch: required 'java.lang.@NonNull Object' but the provided value is inferred as @org.eclipse.jdt.annotation.Nullable
[WARNING] /Users/kgoderis/Development/openhab/git/openhab-core/bundles/org.openhab.core.ai.common/src/main/java/org/openhab/core/ai/common/actions/filesystem/WriteFileAction.java:[240,35] Potential null pointer access: The variable content may be null at this location
[WARNING] /Users/kgoderis/Development/openhab/git/openhab-core/bundles/org.openhab.core.ai.common/src/main/java/org/openhab/core/ai/common/actions/filesystem/WriteFileAction.java:[268,52] Redundant null check: comparing '@NonNull String' against null
[WARNING] /Users/kgoderis/Development/openhab/git/openhab-core/bundles/org.openhab.core.ai.common/src/main/java/org/openhab/core/ai/common/actions/filesystem/WriteFileAction.java:[274,42] Redundant null check: The variable backupPath cannot be null at this location
[WARNING] /Users/kgoderis/Development/openhab/git/openhab-core/bundles/org.openhab.core.ai.common/src/main/java/org/openhab/core/ai/common/actions/filesystem/WriteFileAction.java:[278,21] Potential null pointer access: The variable filePath may be null at this location
[WARNING] /Users/kgoderis/Development/openhab/git/openhab-core/bundles/org.openhab.core.ai.common/src/main/java/org/openhab/core/ai/common/actions/filesystem/WriteFileAction.java:[284,52] Null type mismatch: required 'java.lang.@NonNull String' but the provided value is inferred as @org.eclipse.jdt.annotation.Nullable
[WARNING] /Users/kgoderis/Development/openhab/git/openhab-core/bundles/org.openhab.core.ai.common/src/main/java/org/openhab/core/ai/common/actions/items/BulkItemOperationsAction.java:[127,13] Redundant null check: comparing '@NonNull Map<@NonNull String,@NonNull Object>' against null
[WARNING] /Users/kgoderis/Development/openhab/git/openhab-core/bundles/org.openhab.core.ai.common/src/main/java/org/openhab/core/ai/common/actions/items/BulkItemOperationsAction.java:[127,33] Dead code
[WARNING] /Users/kgoderis/Development/openhab/git/openhab-core/bundles/org.openhab.core.ai.common/src/main/java/org/openhab/core/ai/common/actions/items/BulkItemOperationsAction.java:[206,82] Potential null pointer access: The variable itemNames may be null at this location
[WARNING] /Users/kgoderis/Development/openhab/git/openhab-core/bundles/org.openhab.core.ai.common/src/main/java/org/openhab/core/ai/common/actions/items/BulkItemOperationsAction.java:[209,37] Null type mismatch: required 'java.lang.@NonNull Object' but the provided value is inferred as @org.eclipse.jdt.annotation.Nullable
[WARNING] /Users/kgoderis/Development/openhab/git/openhab-core/bundles/org.openhab.core.ai.common/src/main/java/org/openhab/core/ai/common/actions/items/BulkItemOperationsAction.java:[232,29] Potential null pointer access: The variable operation may be null at this location
[WARNING] /Users/kgoderis/Development/openhab/git/openhab-core/bundles/org.openhab.core.ai.common/src/main/java/org/openhab/core/ai/common/actions/items/BulkItemOperationsAction.java:[234,68] Null type mismatch: required 'java.lang.@NonNull String' but the provided value is inferred as @org.eclipse.jdt.annotation.Nullable
[WARNING] /Users/kgoderis/Development/openhab/git/openhab-core/bundles/org.openhab.core.ai.common/src/main/java/org/openhab/core/ai/common/actions/items/BulkItemOperationsAction.java:[237,71] Null type mismatch: required 'java.lang.@NonNull String' but the provided value is inferred as @org.eclipse.jdt.annotation.Nullable
[WARNING] /Users/kgoderis/Development/openhab/git/openhab-core/bundles/org.openhab.core.ai.common/src/main/java/org/openhab/core/ai/common/actions/items/BulkItemOperationsAction.java:[240,71] Null type mismatch: required 'java.lang.@NonNull String' but the provided value is inferred as @org.eclipse.jdt.annotation.Nullable
[WARNING] /Users/kgoderis/Development/openhab/git/openhab-core/bundles/org.openhab.core.ai.common/src/main/java/org/openhab/core/ai/common/actions/items/BulkItemOperationsAction.java:[240,82] Null type mismatch: required 'java.util.@NonNull Map<java.lang.@NonNull String,java.lang.@NonNull Object>' but the provided value is inferred as @org.eclipse.jdt.annotation.Nullable
[WARNING] /Users/kgoderis/Development/openhab/git/openhab-core/bundles/org.openhab.core.ai.common/src/main/java/org/openhab/core/ai/common/actions/items/BulkItemOperationsAction.java:[243,67] Null type mismatch: required 'java.util.@NonNull Map<java.lang.@NonNull String,java.lang.@NonNull Object>' but the provided value is inferred as @org.eclipse.jdt.annotation.Nullable
[WARNING] /Users/kgoderis/Development/openhab/git/openhab-core/bundles/org.openhab.core.ai.common/src/main/java/org/openhab/core/ai/common/actions/items/BulkItemOperationsAction.java:[248,25] Potential null pointer access: This expression of type java.lang.Boolean may be null but requires auto-unboxing
[WARNING] /Users/kgoderis/Development/openhab/git/openhab-core/bundles/org.openhab.core.ai.common/src/main/java/org/openhab/core/ai/common/actions/items/BulkItemOperationsAction.java:[280,18] The value of the local variable executionTime is not used
[WARNING] /Users/kgoderis/Development/openhab/git/openhab-core/bundles/org.openhab.core.ai.common/src/main/java/org/openhab/core/ai/common/actions/items/BulkItemOperationsAction.java:[349,25] Potential null pointer access: this expression has a '@Nullable' type
[WARNING] /Users/kgoderis/Development/openhab/git/openhab-core/bundles/org.openhab.core.ai.common/src/main/java/org/openhab/core/ai/common/actions/items/BulkItemOperationsAction.java:[355,17] Potential null pointer access: this expression has a '@Nullable' type
[WARNING] /Users/kgoderis/Development/openhab/git/openhab-core/bundles/org.openhab.core.ai.common/src/main/java/org/openhab/core/ai/common/actions/items/BulkItemOperationsAction.java:[357,45] Redundant null check: comparing '@NonNull State' against null
[WARNING] /Users/kgoderis/Development/openhab/git/openhab-core/bundles/org.openhab.core.ai.common/src/main/java/org/openhab/core/ai/common/actions/items/BulkItemOperationsAction.java:[361,37] Redundant null check: comparing '@NonNull String' against null
[WARNING] /Users/kgoderis/Development/openhab/git/openhab-core/bundles/org.openhab.core.ai.common/src/main/java/org/openhab/core/ai/common/actions/items/BulkItemOperationsAction.java:[367,33] Null type mismatch: required 'java.lang.@NonNull Object' but the provided value is inferred as @org.eclipse.jdt.annotation.Nullable
[WARNING] /Users/kgoderis/Development/openhab/git/openhab-core/bundles/org.openhab.core.ai.common/src/main/java/org/openhab/core/ai/common/actions/items/BulkItemOperationsAction.java:[380,25] Potential null pointer access: this expression has a '@Nullable' type
[WARNING] /Users/kgoderis/Development/openhab/git/openhab-core/bundles/org.openhab.core.ai.common/src/main/java/org/openhab/core/ai/common/actions/items/BulkItemOperationsAction.java:[386,17] Potential null pointer access: this expression has a '@Nullable' type
[WARNING] /Users/kgoderis/Development/openhab/git/openhab-core/bundles/org.openhab.core.ai.common/src/main/java/org/openhab/core/ai/common/actions/items/BulkItemOperationsAction.java:[391,37] Redundant null check: comparing '@NonNull String' against null
[WARNING] /Users/kgoderis/Development/openhab/git/openhab-core/bundles/org.openhab.core.ai.common/src/main/java/org/openhab/core/ai/common/actions/items/BulkItemOperationsAction.java:[397,33] Null type mismatch: required 'java.lang.@NonNull Object' but the provided value is inferred as @org.eclipse.jdt.annotation.Nullable
[WARNING] /Users/kgoderis/Development/openhab/git/openhab-core/bundles/org.openhab.core.ai.common/src/main/java/org/openhab/core/ai/common/actions/items/BulkItemOperationsAction.java:[421,54] Null type mismatch: required 'java.lang.@NonNull String' but the provided value is inferred as @org.eclipse.jdt.annotation.Nullable
[WARNING] /Users/kgoderis/Development/openhab/git/openhab-core/bundles/org.openhab.core.ai.common/src/main/java/org/openhab/core/ai/common/actions/items/BulkItemOperationsAction.java:[422,13] Potential null pointer access: this expression has a '@Nullable' type
[WARNING] /Users/kgoderis/Development/openhab/git/openhab-core/bundles/org.openhab.core.ai.common/src/main/java/org/openhab/core/ai/common/actions/items/BulkItemOperationsAction.java:[431,33] Null type mismatch: required 'java.lang.@NonNull Object' but the provided value is inferred as @org.eclipse.jdt.annotation.Nullable
[WARNING] /Users/kgoderis/Development/openhab/git/openhab-core/bundles/org.openhab.core.ai.common/src/main/java/org/openhab/core/ai/common/actions/items/BulkItemOperationsAction.java:[464,37] Type safety: Unchecked cast from java.lang.Object to java.util.Map<java.lang.String,java.lang.Object>
[WARNING] /Users/kgoderis/Development/openhab/git/openhab-core/bundles/org.openhab.core.ai.common/src/main/java/org/openhab/core/ai/common/actions/items/BulkItemOperationsAction.java:[470,58] Null type mismatch: required 'java.lang.@NonNull String' but the provided value is inferred as @org.eclipse.jdt.annotation.Nullable
[WARNING] /Users/kgoderis/Development/openhab/git/openhab-core/bundles/org.openhab.core.ai.common/src/main/java/org/openhab/core/ai/common/actions/items/BulkItemOperationsAction.java:[471,17] Potential null pointer access: this expression has a '@Nullable' type
[WARNING] /Users/kgoderis/Development/openhab/git/openhab-core/bundles/org.openhab.core.ai.common/src/main/java/org/openhab/core/ai/common/actions/items/BulkItemOperationsAction.java:[480,33] Null type mismatch: required 'java.lang.@NonNull Object' but the provided value is inferred as @org.eclipse.jdt.annotation.Nullable
[WARNING] /Users/kgoderis/Development/openhab/git/openhab-core/bundles/org.openhab.core.ai.common/src/main/java/org/openhab/core/ai/common/actions/items/CreateItemAction.java:[120,13] Redundant null check: comparing '@NonNull Map<@NonNull String,@NonNull Object>' against null
[WARNING] /Users/kgoderis/Development/openhab/git/openhab-core/bundles/org.openhab.core.ai.common/src/main/java/org/openhab/core/ai/common/actions/items/CreateItemAction.java:[120,33] Dead code
[WARNING] /Users/kgoderis/Development/openhab/git/openhab-core/bundles/org.openhab.core.ai.common/src/main/java/org/openhab/core/ai/common/actions/items/CreateItemAction.java:[150,13] Potential null pointer access: this expression has a '@Nullable' type
[WARNING] /Users/kgoderis/Development/openhab/git/openhab-core/bundles/org.openhab.core.ai.common/src/main/java/org/openhab/core/ai/common/actions/items/CreateItemAction.java:[198,35] Potential null pointer access: this expression has a '@Nullable' type
[WARNING] /Users/kgoderis/Development/openhab/git/openhab-core/bundles/org.openhab.core.ai.common/src/main/java/org/openhab/core/ai/common/actions/items/CreateItemAction.java:[198,69] Null type mismatch: required 'java.lang.@NonNull String' but the provided value is inferred as @org.eclipse.jdt.annotation.Nullable
[WARNING] /Users/kgoderis/Development/openhab/git/openhab-core/bundles/org.openhab.core.ai.common/src/main/java/org/openhab/core/ai/common/actions/items/CreateItemAction.java:[198,79] Null type mismatch: required 'java.lang.@NonNull String' but the provided value is inferred as @org.eclipse.jdt.annotation.Nullable
[WARNING] /Users/kgoderis/Development/openhab/git/openhab-core/bundles/org.openhab.core.ai.common/src/main/java/org/openhab/core/ai/common/actions/items/CreateItemAction.java:[217,13] Potential null pointer access: this expression has a '@Nullable' type
[WARNING] /Users/kgoderis/Development/openhab/git/openhab-core/bundles/org.openhab.core.ai.common/src/main/java/org/openhab/core/ai/common/actions/items/CreateItemAction.java:[235,41] Type safety: Unchecked cast from java.lang.Object to java.util.Map<java.lang.String,java.lang.Object>
[WARNING] /Users/kgoderis/Development/openhab/git/openhab-core/bundles/org.openhab.core.ai.common/src/main/java/org/openhab/core/ai/common/actions/items/CreateItemAction.java:[241,70] Null type mismatch: required 'java.lang.@NonNull String' but the provided value is inferred as @org.eclipse.jdt.annotation.Nullable
[WARNING] /Users/kgoderis/Development/openhab/git/openhab-core/bundles/org.openhab.core.ai.common/src/main/java/org/openhab/core/ai/common/actions/items/CreateItemAction.java:[243,25] Potential null pointer access: this expression has a '@Nullable' type
[WARNING] /Users/kgoderis/Development/openhab/git/openhab-core/bundles/org.openhab.core.ai.common/src/main/java/org/openhab/core/ai/common/actions/items/CreateItemAction.java:[257,35] Null type mismatch: required 'java.lang.@NonNull Object' but the provided value is inferred as @org.eclipse.jdt.annotation.Nullable
[WARNING] /Users/kgoderis/Development/openhab/git/openhab-core/bundles/org.openhab.core.ai.common/src/main/java/org/openhab/core/ai/common/actions/items/CreateItemAction.java:[263,38] Null type mismatch: required 'java.lang.@NonNull Object' but the provided value is inferred as @org.eclipse.jdt.annotation.Nullable
[WARNING] /Users/kgoderis/Development/openhab/git/openhab-core/bundles/org.openhab.core.ai.common/src/main/java/org/openhab/core/ai/common/actions/items/CreateItemAction.java:[266,35] Redundant null check: comparing '@NonNull State' against null
[WARNING] /Users/kgoderis/Development/openhab/git/openhab-core/bundles/org.openhab.core.ai.common/src/main/java/org/openhab/core/ai/common/actions/items/CreateItemAction.java:[278,18] The value of the local variable executionTime is not used
[WARNING] /Users/kgoderis/Development/openhab/git/openhab-core/bundles/org.openhab.core.ai.common/src/main/java/org/openhab/core/ai/common/actions/items/DeleteItemAction.java:[110,13] Redundant null check: comparing '@NonNull Map<@NonNull String,@NonNull Object>' against null
[WARNING] /Users/kgoderis/Development/openhab/git/openhab-core/bundles/org.openhab.core.ai.common/src/main/java/org/openhab/core/ai/common/actions/items/DeleteItemAction.java:[110,33] Dead code
[WARNING] /Users/kgoderis/Development/openhab/git/openhab-core/bundles/org.openhab.core.ai.common/src/main/java/org/openhab/core/ai/common/actions/items/DeleteItemAction.java:[121,13] Potential null pointer access: this expression has a '@Nullable' type
[WARNING] /Users/kgoderis/Development/openhab/git/openhab-core/bundles/org.openhab.core.ai.common/src/main/java/org/openhab/core/ai/common/actions/items/DeleteItemAction.java:[144,25] Potential null pointer access: this expression has a '@Nullable' type
[WARNING] /Users/kgoderis/Development/openhab/git/openhab-core/bundles/org.openhab.core.ai.common/src/main/java/org/openhab/core/ai/common/actions/items/DeleteItemAction.java:[144,46] Null type mismatch: required 'java.lang.@NonNull String' but the provided value is inferred as @org.eclipse.jdt.annotation.Nullable
[WARNING] /Users/kgoderis/Development/openhab/git/openhab-core/bundles/org.openhab.core.ai.common/src/main/java/org/openhab/core/ai/common/actions/items/DeleteItemAction.java:[147,36] Null type mismatch: required 'java.lang.@NonNull Object' but the provided value is inferred as @org.eclipse.jdt.annotation.Nullable
[WARNING] /Users/kgoderis/Development/openhab/git/openhab-core/bundles/org.openhab.core.ai.common/src/main/java/org/openhab/core/ai/common/actions/items/DeleteItemAction.java:[159,35] Null type mismatch: required 'java.lang.@NonNull Object' but the provided value is inferred as @org.eclipse.jdt.annotation.Nullable
[WARNING] /Users/kgoderis/Development/openhab/git/openhab-core/bundles/org.openhab.core.ai.common/src/main/java/org/openhab/core/ai/common/actions/items/DeleteItemAction.java:[165,38] Null type mismatch: required 'java.lang.@NonNull Object' but the provided value is inferred as @org.eclipse.jdt.annotation.Nullable
[WARNING] /Users/kgoderis/Development/openhab/git/openhab-core/bundles/org.openhab.core.ai.common/src/main/java/org/openhab/core/ai/common/actions/items/DeleteItemAction.java:[168,35] Redundant null check: comparing '@NonNull State' against null
[WARNING] /Users/kgoderis/Development/openhab/git/openhab-core/bundles/org.openhab.core.ai.common/src/main/java/org/openhab/core/ai/common/actions/items/DeleteItemAction.java:[193,50] Potential null pointer access: this expression has a '@Nullable' type
[WARNING] /Users/kgoderis/Development/openhab/git/openhab-core/bundles/org.openhab.core.ai.common/src/main/java/org/openhab/core/ai/common/actions/items/DeleteItemAction.java:[197,21] Potential null pointer access: this expression has a '@Nullable' type
[WARNING] /Users/kgoderis/Development/openhab/git/openhab-core/bundles/org.openhab.core.ai.common/src/main/java/org/openhab/core/ai/common/actions/items/DeleteItemAction.java:[207,13] Potential null pointer access: this expression has a '@Nullable' type
[WARNING] /Users/kgoderis/Development/openhab/git/openhab-core/bundles/org.openhab.core.ai.common/src/main/java/org/openhab/core/ai/common/actions/items/DeleteItemAction.java:[207,33] Null type mismatch: required 'java.lang.@NonNull String' but the provided value is inferred as @org.eclipse.jdt.annotation.Nullable
[WARNING] /Users/kgoderis/Development/openhab/git/openhab-core/bundles/org.openhab.core.ai.common/src/main/java/org/openhab/core/ai/common/actions/items/DeleteItemAction.java:[229,18] The value of the local variable executionTime is not used
[WARNING] /Users/kgoderis/Development/openhab/git/openhab-core/bundles/org.openhab.core.ai.common/src/main/java/org/openhab/core/ai/common/actions/items/GetItemAction.java:[120,13] Redundant null check: comparing '@NonNull Map<@NonNull String,@NonNull Object>' against null
[WARNING] /Users/kgoderis/Development/openhab/git/openhab-core/bundles/org.openhab.core.ai.common/src/main/java/org/openhab/core/ai/common/actions/items/GetItemAction.java:[120,33] Dead code
[WARNING] /Users/kgoderis/Development/openhab/git/openhab-core/bundles/org.openhab.core.ai.common/src/main/java/org/openhab/core/ai/common/actions/items/GetItemAction.java:[131,13] Potential null pointer access: this expression has a '@Nullable' type
[WARNING] /Users/kgoderis/Development/openhab/git/openhab-core/bundles/org.openhab.core.ai.common/src/main/java/org/openhab/core/ai/common/actions/items/GetItemAction.java:[154,21] The value of the local variable includeStateHistory is not used
[WARNING] /Users/kgoderis/Development/openhab/git/openhab-core/bundles/org.openhab.core.ai.common/src/main/java/org/openhab/core/ai/common/actions/items/GetItemAction.java:[159,25] Potential null pointer access: this expression has a '@Nullable' type
[WARNING] /Users/kgoderis/Development/openhab/git/openhab-core/bundles/org.openhab.core.ai.common/src/main/java/org/openhab/core/ai/common/actions/items/GetItemAction.java:[159,46] Null type mismatch: required 'java.lang.@NonNull String' but the provided value is inferred as @org.eclipse.jdt.annotation.Nullable
[WARNING] /Users/kgoderis/Development/openhab/git/openhab-core/bundles/org.openhab.core.ai.common/src/main/java/org/openhab/core/ai/common/actions/items/GetItemAction.java:[168,35] Redundant null check: comparing '@NonNull String' against null
[WARNING] /Users/kgoderis/Development/openhab/git/openhab-core/bundles/org.openhab.core.ai.common/src/main/java/org/openhab/core/ai/common/actions/items/GetItemAction.java:[169,35] Redundant null check: comparing '@NonNull String' against null
[WARNING] /Users/kgoderis/Development/openhab/git/openhab-core/bundles/org.openhab.core.ai.common/src/main/java/org/openhab/core/ai/common/actions/items/GetItemAction.java:[171,36] Null type mismatch: required 'java.lang.@NonNull Object' but the provided value is inferred as @org.eclipse.jdt.annotation.Nullable
[WARNING] /Users/kgoderis/Development/openhab/git/openhab-core/bundles/org.openhab.core.ai.common/src/main/java/org/openhab/core/ai/common/actions/items/GetItemAction.java:[173,39] Null type mismatch: required 'java.lang.@NonNull Object' but the provided value is inferred as @org.eclipse.jdt.annotation.Nullable
[WARNING] /Users/kgoderis/Development/openhab/git/openhab-core/bundles/org.openhab.core.ai.common/src/main/java/org/openhab/core/ai/common/actions/items/GetItemAction.java:[179,43] Redundant null check: comparing '@NonNull State' against null
[WARNING] /Users/kgoderis/Development/openhab/git/openhab-core/bundles/org.openhab.core.ai.common/src/main/java/org/openhab/core/ai/common/actions/items/GetItemAction.java:[180,40] Redundant null check: comparing '@NonNull State' against null
[WARNING] /Users/kgoderis/Development/openhab/git/openhab-core/bundles/org.openhab.core.ai.common/src/main/java/org/openhab/core/ai/common/actions/items/GetItemAction.java:[182,57] Potential null pointer access: The method getLastStateChange() may return null
[WARNING] /Users/kgoderis/Development/openhab/git/openhab-core/bundles/org.openhab.core.ai.common/src/main/java/org/openhab/core/ai/common/actions/items/GetItemAction.java:[196,36] Potential null pointer access: The method getBaseItem() may return null
[WARNING] /Users/kgoderis/Development/openhab/git/openhab-core/bundles/org.openhab.core.ai.common/src/main/java/org/openhab/core/ai/common/actions/items/GetItemAction.java:[202,32] Potential null pointer access: The method getFunction() may return null
[WARNING] /Users/kgoderis/Development/openhab/git/openhab-core/bundles/org.openhab.core.ai.common/src/main/java/org/openhab/core/ai/common/actions/items/GetItemAction.java:[211,50] Potential null pointer access: this expression has a '@Nullable' type
[WARNING] /Users/kgoderis/Development/openhab/git/openhab-core/bundles/org.openhab.core.ai.common/src/main/java/org/openhab/core/ai/common/actions/items/GetItemAction.java:[236,49] Potential null pointer access: this expression has a '@Nullable' type
[WARNING] /Users/kgoderis/Development/openhab/git/openhab-core/bundles/org.openhab.core.ai.common/src/main/java/org/openhab/core/ai/common/actions/items/GetItemAction.java:[256,32] Potential null pointer access: this expression has a '@Nullable' type
[WARNING] /Users/kgoderis/Development/openhab/git/openhab-core/bundles/org.openhab.core.ai.common/src/main/java/org/openhab/core/ai/common/actions/items/GetItemAction.java:[258,29] Potential null pointer access: The variable itemName may be null at this location
[WARNING] /Users/kgoderis/Development/openhab/git/openhab-core/bundles/org.openhab.core.ai.common/src/main/java/org/openhab/core/ai/common/actions/items/GetItemAction.java:[272,25] Redundant null check: comparing '@NonNull ThingTypeUID' against null
[WARNING] /Users/kgoderis/Development/openhab/git/openhab-core/bundles/org.openhab.core.ai.common/src/main/java/org/openhab/core/ai/common/actions/items/GetItemAction.java:[272,60] Redundant null check: comparing '@NonNull String' against null
[WARNING] /Users/kgoderis/Development/openhab/git/openhab-core/bundles/org.openhab.core.ai.common/src/main/java/org/openhab/core/ai/common/actions/items/GetItemAction.java:[278,25] Redundant null check: comparing '@NonNull ThingTypeUID' against null
[WARNING] /Users/kgoderis/Development/openhab/git/openhab-core/bundles/org.openhab.core.ai.common/src/main/java/org/openhab/core/ai/common/actions/items/GetItemAction.java:[278,60] Redundant null check: comparing '@NonNull String' against null
[WARNING] /Users/kgoderis/Development/openhab/git/openhab-core/bundles/org.openhab.core.ai.common/src/main/java/org/openhab/core/ai/common/actions/items/GetItemAction.java:[284,25] Redundant null check: comparing '@NonNull ThingUID' against null
[WARNING] /Users/kgoderis/Development/openhab/git/openhab-core/bundles/org.openhab.core.ai.common/src/main/java/org/openhab/core/ai/common/actions/items/GetItemAction.java:[284,51] Redundant null check: comparing '@NonNull String' against null
[WARNING] /Users/kgoderis/Development/openhab/git/openhab-core/bundles/org.openhab.core.ai.common/src/main/java/org/openhab/core/ai/common/actions/items/GetItemAction.java:[293,51] Null type mismatch: required 'java.lang.@NonNull Object' but the provided value is inferred as @org.eclipse.jdt.annotation.Nullable
[WARNING] /Users/kgoderis/Development/openhab/git/openhab-core/bundles/org.openhab.core.ai.common/src/main/java/org/openhab/core/ai/common/actions/items/GetItemAction.java:[296,25] Redundant null check: comparing '@NonNull ThingStatus' against null
[WARNING] /Users/kgoderis/Development/openhab/git/openhab-core/bundles/org.openhab.core.ai.common/src/main/java/org/openhab/core/ai/common/actions/items/GetItemAction.java:[302,25] Redundant null check: comparing '@NonNull ChannelUID' against null
[WARNING] /Users/kgoderis/Development/openhab/git/openhab-core/bundles/org.openhab.core.ai.common/src/main/java/org/openhab/core/ai/common/actions/items/GetItemAction.java:[302,53] Redundant null check: comparing '@NonNull String' against null
[WARNING] /Users/kgoderis/Development/openhab/git/openhab-core/bundles/org.openhab.core.ai.common/src/main/java/org/openhab/core/ai/common/actions/items/GetItemAction.java:[311,53] Null type mismatch: required 'java.lang.@NonNull Object' but the provided value is inferred as @org.eclipse.jdt.annotation.Nullable
[WARNING] /Users/kgoderis/Development/openhab/git/openhab-core/bundles/org.openhab.core.ai.common/src/main/java/org/openhab/core/ai/common/actions/items/GetItemAction.java:[317,59] Null type mismatch: required 'java.lang.@NonNull Object' but the provided value is inferred as @org.eclipse.jdt.annotation.Nullable
[WARNING] /Users/kgoderis/Development/openhab/git/openhab-core/bundles/org.openhab.core.ai.common/src/main/java/org/openhab/core/ai/common/actions/items/GetItemAction.java:[345,18] The value of the local variable executionTime is not used
[WARNING] /Users/kgoderis/Development/openhab/git/openhab-core/bundles/org.openhab.core.ai.common/src/main/java/org/openhab/core/ai/common/actions/items/GetItemBindingAction.java:[118,13] Redundant null check: comparing '@NonNull Map<@NonNull String,@NonNull Object>' against null
[WARNING] /Users/kgoderis/Development/openhab/git/openhab-core/bundles/org.openhab.core.ai.common/src/main/java/org/openhab/core/ai/common/actions/items/GetItemBindingAction.java:[118,33] Dead code
[WARNING] /Users/kgoderis/Development/openhab/git/openhab-core/bundles/org.openhab.core.ai.common/src/main/java/org/openhab/core/ai/common/actions/items/GetItemBindingAction.java:[129,13] Potential null pointer access: this expression has a '@Nullable' type
[WARNING] /Users/kgoderis/Development/openhab/git/openhab-core/bundles/org.openhab.core.ai.common/src/main/java/org/openhab/core/ai/common/actions/items/GetItemBindingAction.java:[153,18] The value of the local variable item is not used
[WARNING] /Users/kgoderis/Development/openhab/git/openhab-core/bundles/org.openhab.core.ai.common/src/main/java/org/openhab/core/ai/common/actions/items/GetItemBindingAction.java:[153,25] Potential null pointer access: this expression has a '@Nullable' type
[WARNING] /Users/kgoderis/Development/openhab/git/openhab-core/bundles/org.openhab.core.ai.common/src/main/java/org/openhab/core/ai/common/actions/items/GetItemBindingAction.java:[153,46] Null type mismatch: required 'java.lang.@NonNull String' but the provided value is inferred as @org.eclipse.jdt.annotation.Nullable
[WARNING] /Users/kgoderis/Development/openhab/git/openhab-core/bundles/org.openhab.core.ai.common/src/main/java/org/openhab/core/ai/common/actions/items/GetItemBindingAction.java:[156,36] Null type mismatch: required 'java.lang.@NonNull Object' but the provided value is inferred as @org.eclipse.jdt.annotation.Nullable
[WARNING] /Users/kgoderis/Development/openhab/git/openhab-core/bundles/org.openhab.core.ai.common/src/main/java/org/openhab/core/ai/common/actions/items/GetItemBindingAction.java:[175,28] Potential null pointer access: this expression has a '@Nullable' type
[WARNING] /Users/kgoderis/Development/openhab/git/openhab-core/bundles/org.openhab.core.ai.common/src/main/java/org/openhab/core/ai/common/actions/items/GetItemBindingAction.java:[177,25] Potential null pointer access: The variable itemName may be null at this location
[WARNING] /Users/kgoderis/Development/openhab/git/openhab-core/bundles/org.openhab.core.ai.common/src/main/java/org/openhab/core/ai/common/actions/items/GetItemBindingAction.java:[206,44] Null type mismatch: required 'java.lang.@NonNull Object' but the provided value is inferred as @org.eclipse.jdt.annotation.Nullable
[WARNING] /Users/kgoderis/Development/openhab/git/openhab-core/bundles/org.openhab.core.ai.common/src/main/java/org/openhab/core/ai/common/actions/items/GetItemBindingAction.java:[212,47] Null type mismatch: required 'java.lang.@NonNull Object' but the provided value is inferred as @org.eclipse.jdt.annotation.Nullable
[WARNING] /Users/kgoderis/Development/openhab/git/openhab-core/bundles/org.openhab.core.ai.common/src/main/java/org/openhab/core/ai/common/actions/items/GetItemBindingAction.java:[215,25] Redundant null check: comparing '@NonNull ThingStatus' against null
[WARNING] /Users/kgoderis/Development/openhab/git/openhab-core/bundles/org.openhab.core.ai.common/src/main/java/org/openhab/core/ai/common/actions/items/GetItemBindingAction.java:[221,25] Redundant null check: comparing '@NonNull ThingStatusInfo' against null
[WARNING] /Users/kgoderis/Development/openhab/git/openhab-core/bundles/org.openhab.core.ai.common/src/main/java/org/openhab/core/ai/common/actions/items/GetItemBindingAction.java:[237,46] Null type mismatch: required 'java.lang.@NonNull Object' but the provided value is inferred as @org.eclipse.jdt.annotation.Nullable
[WARNING] /Users/kgoderis/Development/openhab/git/openhab-core/bundles/org.openhab.core.ai.common/src/main/java/org/openhab/core/ai/common/actions/items/GetItemBindingAction.java:[243,52] Null type mismatch: required 'java.lang.@NonNull Object' but the provided value is inferred as @org.eclipse.jdt.annotation.Nullable
[WARNING] /Users/kgoderis/Development/openhab/git/openhab-core/bundles/org.openhab.core.ai.common/src/main/java/org/openhab/core/ai/common/actions/items/GetItemBindingAction.java:[249,51] Potential null pointer access: this expression has a '@Nullable' type
[WARNING] /Users/kgoderis/Development/openhab/git/openhab-core/bundles/org.openhab.core.ai.common/src/main/java/org/openhab/core/ai/common/actions/items/GetItemBindingAction.java:[252,33] Redundant null check: comparing '@NonNull String' against null
[WARNING] /Users/kgoderis/Development/openhab/git/openhab-core/bundles/org.openhab.core.ai.common/src/main/java/org/openhab/core/ai/common/actions/items/GetItemBindingAction.java:[261,67] Null type mismatch: required 'java.lang.@NonNull Object' but the provided value is inferred as @org.eclipse.jdt.annotation.Nullable
[WARNING] /Users/kgoderis/Development/openhab/git/openhab-core/bundles/org.openhab.core.ai.common/src/main/java/org/openhab/core/ai/common/actions/items/GetItemBindingAction.java:[267,57] Null type mismatch: required 'java.lang.@NonNull Object' but the provided value is inferred as @org.eclipse.jdt.annotation.Nullable
[WARNING] /Users/kgoderis/Development/openhab/git/openhab-core/bundles/org.openhab.core.ai.common/src/main/java/org/openhab/core/ai/common/actions/items/GetItemBindingAction.java:[273,57] Null type mismatch: required 'java.lang.@NonNull Object' but the provided value is inferred as @org.eclipse.jdt.annotation.Nullable
[WARNING] /Users/kgoderis/Development/openhab/git/openhab-core/bundles/org.openhab.core.ai.common/src/main/java/org/openhab/core/ai/common/actions/items/GetItemBindingAction.java:[316,18] The value of the local variable executionTime is not used
[WARNING] /Users/kgoderis/Development/openhab/git/openhab-core/bundles/org.openhab.core.ai.common/src/main/java/org/openhab/core/ai/common/actions/items/GetItemGroupsAction.java:[107,13] Redundant null check: comparing '@NonNull Map<@NonNull String,@NonNull Object>' against null
[WARNING] /Users/kgoderis/Development/openhab/git/openhab-core/bundles/org.openhab.core.ai.common/src/main/java/org/openhab/core/ai/common/actions/items/GetItemGroupsAction.java:[107,33] Dead code
[WARNING] /Users/kgoderis/Development/openhab/git/openhab-core/bundles/org.openhab.core.ai.common/src/main/java/org/openhab/core/ai/common/actions/items/GetItemGroupsAction.java:[118,13] Potential null pointer access: this expression has a '@Nullable' type
[WARNING] /Users/kgoderis/Development/openhab/git/openhab-core/bundles/org.openhab.core.ai.common/src/main/java/org/openhab/core/ai/common/actions/items/GetItemGroupsAction.java:[141,25] Potential null pointer access: this expression has a '@Nullable' type
[WARNING] /Users/kgoderis/Development/openhab/git/openhab-core/bundles/org.openhab.core.ai.common/src/main/java/org/openhab/core/ai/common/actions/items/GetItemGroupsAction.java:[141,46] Null type mismatch: required 'java.lang.@NonNull String' but the provided value is inferred as @org.eclipse.jdt.annotation.Nullable
[WARNING] /Users/kgoderis/Development/openhab/git/openhab-core/bundles/org.openhab.core.ai.common/src/main/java/org/openhab/core/ai/common/actions/items/GetItemGroupsAction.java:[144,36] Null type mismatch: required 'java.lang.@NonNull Object' but the provided value is inferred as @org.eclipse.jdt.annotation.Nullable
[WARNING] /Users/kgoderis/Development/openhab/git/openhab-core/bundles/org.openhab.core.ai.common/src/main/java/org/openhab/core/ai/common/actions/items/GetItemGroupsAction.java:[153,45] Potential null pointer access: this expression has a '@Nullable' type
[WARNING] /Users/kgoderis/Development/openhab/git/openhab-core/bundles/org.openhab.core.ai.common/src/main/java/org/openhab/core/ai/common/actions/items/GetItemGroupsAction.java:[165,38] Potential null pointer access: this expression has a '@Nullable' type
[WARNING] /Users/kgoderis/Development/openhab/git/openhab-core/bundles/org.openhab.core.ai.common/src/main/java/org/openhab/core/ai/common/actions/items/GetItemGroupsAction.java:[171,44] Potential null pointer access: The method getBaseItem() may return null
[WARNING] /Users/kgoderis/Development/openhab/git/openhab-core/bundles/org.openhab.core.ai.common/src/main/java/org/openhab/core/ai/common/actions/items/GetItemGroupsAction.java:[177,40] Potential null pointer access: The method getFunction() may return null
[WARNING] /Users/kgoderis/Development/openhab/git/openhab-core/bundles/org.openhab.core.ai.common/src/main/java/org/openhab/core/ai/common/actions/items/GetItemGroupsAction.java:[190,54] Potential null pointer access: The method getFunction() may return null
[WARNING] /Users/kgoderis/Development/openhab/git/openhab-core/bundles/org.openhab.core.ai.common/src/main/java/org/openhab/core/ai/common/actions/items/GetItemGroupsAction.java:[191,60] Potential null pointer access: The method getFunction() may return null
[WARNING] /Users/kgoderis/Development/openhab/git/openhab-core/bundles/org.openhab.core.ai.common/src/main/java/org/openhab/core/ai/common/actions/items/GetItemGroupsAction.java:[223,18] The value of the local variable executionTime is not used
[WARNING] /Users/kgoderis/Development/openhab/git/openhab-core/bundles/org.openhab.core.ai.common/src/main/java/org/openhab/core/ai/common/actions/items/GetItemHistoryAction.java:[119,13] Redundant null check: comparing '@NonNull Map<@NonNull String,@NonNull Object>' against null
[WARNING] /Users/kgoderis/Development/openhab/git/openhab-core/bundles/org.openhab.core.ai.common/src/main/java/org/openhab/core/ai/common/actions/items/GetItemHistoryAction.java:[119,33] Dead code
[WARNING] /Users/kgoderis/Development/openhab/git/openhab-core/bundles/org.openhab.core.ai.common/src/main/java/org/openhab/core/ai/common/actions/items/GetItemHistoryAction.java:[130,13] Potential null pointer access: this expression has a '@Nullable' type
[WARNING] /Users/kgoderis/Development/openhab/git/openhab-core/bundles/org.openhab.core.ai.common/src/main/java/org/openhab/core/ai/common/actions/items/GetItemHistoryAction.java:[140,42] Potential null pointer access: this expression has a '@Nullable' type
[WARNING] /Users/kgoderis/Development/openhab/git/openhab-core/bundles/org.openhab.core.ai.common/src/main/java/org/openhab/core/ai/common/actions/items/GetItemHistoryAction.java:[171,40] Null type mismatch: required 'java.lang.@NonNull Object' but the provided value is inferred as @org.eclipse.jdt.annotation.Nullable
[WARNING] /Users/kgoderis/Development/openhab/git/openhab-core/bundles/org.openhab.core.ai.common/src/main/java/org/openhab/core/ai/common/actions/items/GetItemHistoryAction.java:[186,18] The value of the local variable item is not used
[WARNING] /Users/kgoderis/Development/openhab/git/openhab-core/bundles/org.openhab.core.ai.common/src/main/java/org/openhab/core/ai/common/actions/items/GetItemHistoryAction.java:[186,25] Potential null pointer access: this expression has a '@Nullable' type
[WARNING] /Users/kgoderis/Development/openhab/git/openhab-core/bundles/org.openhab.core.ai.common/src/main/java/org/openhab/core/ai/common/actions/items/GetItemHistoryAction.java:[186,46] Null type mismatch: required 'java.lang.@NonNull String' but the provided value is inferred as @org.eclipse.jdt.annotation.Nullable
[WARNING] /Users/kgoderis/Development/openhab/git/openhab-core/bundles/org.openhab.core.ai.common/src/main/java/org/openhab/core/ai/common/actions/items/GetItemHistoryAction.java:[189,42] Potential null pointer access: this expression has a '@Nullable' type
[WARNING] /Users/kgoderis/Development/openhab/git/openhab-core/bundles/org.openhab.core.ai.common/src/main/java/org/openhab/core/ai/common/actions/items/GetItemHistoryAction.java:[192,40] Null type mismatch: required 'java.lang.@NonNull Object' but the provided value is inferred as @org.eclipse.jdt.annotation.Nullable
[WARNING] /Users/kgoderis/Development/openhab/git/openhab-core/bundles/org.openhab.core.ai.common/src/main/java/org/openhab/core/ai/common/actions/items/GetItemHistoryAction.java:[208,40] Null type mismatch: required 'java.lang.@NonNull Object' but the provided value is inferred as @org.eclipse.jdt.annotation.Nullable
[WARNING] /Users/kgoderis/Development/openhab/git/openhab-core/bundles/org.openhab.core.ai.common/src/main/java/org/openhab/core/ai/common/actions/items/GetItemHistoryAction.java:[227,72] Null type mismatch: required 'java.lang.@NonNull String' but the provided value is inferred as @org.eclipse.jdt.annotation.Nullable
[WARNING] /Users/kgoderis/Development/openhab/git/openhab-core/bundles/org.openhab.core.ai.common/src/main/java/org/openhab/core/ai/common/actions/items/GetItemHistoryAction.java:[231,36] Null type mismatch: required 'java.lang.@NonNull Object' but the provided value is inferred as @org.eclipse.jdt.annotation.Nullable
[WARNING] /Users/kgoderis/Development/openhab/git/openhab-core/bundles/org.openhab.core.ai.common/src/main/java/org/openhab/core/ai/common/actions/items/GetItemHistoryAction.java:[257,18] The value of the local variable executionTime is not used
[WARNING] /Users/kgoderis/Development/openhab/git/openhab-core/bundles/org.openhab.core.ai.common/src/main/java/org/openhab/core/ai/common/actions/items/GetItemHistoryAction.java:[319,13] Redundant null check: comparing '@NonNull String' against null
[WARNING] /Users/kgoderis/Development/openhab/git/openhab-core/bundles/org.openhab.core.ai.common/src/main/java/org/openhab/core/ai/common/actions/items/GetItemHistoryAction.java:[408,21] Redundant null check: The variable state cannot be null at this location
[WARNING] /Users/kgoderis/Development/openhab/git/openhab-core/bundles/org.openhab.core.ai.common/src/main/java/org/openhab/core/ai/common/actions/items/GetItemHistoryAction.java:[426,24] Dead code
[WARNING] /Users/kgoderis/Development/openhab/git/openhab-core/bundles/org.openhab.core.ai.common/src/main/java/org/openhab/core/ai/common/actions/items/GetItemMetadataAction.java:[114,13] Redundant null check: comparing '@NonNull Map<@NonNull String,@NonNull Object>' against null
[WARNING] /Users/kgoderis/Development/openhab/git/openhab-core/bundles/org.openhab.core.ai.common/src/main/java/org/openhab/core/ai/common/actions/items/GetItemMetadataAction.java:[114,33] Dead code
[WARNING] /Users/kgoderis/Development/openhab/git/openhab-core/bundles/org.openhab.core.ai.common/src/main/java/org/openhab/core/ai/common/actions/items/GetItemMetadataAction.java:[125,13] Potential null pointer access: this expression has a '@Nullable' type
[WARNING] /Users/kgoderis/Development/openhab/git/openhab-core/bundles/org.openhab.core.ai.common/src/main/java/org/openhab/core/ai/common/actions/items/GetItemMetadataAction.java:[149,18] The value of the local variable item is not used
[WARNING] /Users/kgoderis/Development/openhab/git/openhab-core/bundles/org.openhab.core.ai.common/src/main/java/org/openhab/core/ai/common/actions/items/GetItemMetadataAction.java:[149,25] Potential null pointer access: this expression has a '@Nullable' type
[WARNING] /Users/kgoderis/Development/openhab/git/openhab-core/bundles/org.openhab.core.ai.common/src/main/java/org/openhab/core/ai/common/actions/items/GetItemMetadataAction.java:[149,46] Null type mismatch: required 'java.lang.@NonNull String' but the provided value is inferred as @org.eclipse.jdt.annotation.Nullable
[WARNING] /Users/kgoderis/Development/openhab/git/openhab-core/bundles/org.openhab.core.ai.common/src/main/java/org/openhab/core/ai/common/actions/items/GetItemMetadataAction.java:[152,36] Null type mismatch: required 'java.lang.@NonNull Object' but the provided value is inferred as @org.eclipse.jdt.annotation.Nullable
[WARNING] /Users/kgoderis/Development/openhab/git/openhab-core/bundles/org.openhab.core.ai.common/src/main/java/org/openhab/core/ai/common/actions/items/GetItemMetadataAction.java:[160,66] Null type mismatch: required 'java.lang.@NonNull String' but the provided value is inferred as @org.eclipse.jdt.annotation.Nullable
[WARNING] /Users/kgoderis/Development/openhab/git/openhab-core/bundles/org.openhab.core.ai.common/src/main/java/org/openhab/core/ai/common/actions/items/GetItemMetadataAction.java:[161,41] Potential null pointer access: this expression has a '@Nullable' type
[WARNING] /Users/kgoderis/Development/openhab/git/openhab-core/bundles/org.openhab.core.ai.common/src/main/java/org/openhab/core/ai/common/actions/items/GetItemMetadataAction.java:[188,54] Potential null pointer access: this expression has a '@Nullable' type
[WARNING] /Users/kgoderis/Development/openhab/git/openhab-core/bundles/org.openhab.core.ai.common/src/main/java/org/openhab/core/ai/common/actions/items/GetItemMetadataAction.java:[243,18] The value of the local variable executionTime is not used
[WARNING] /Users/kgoderis/Development/openhab/git/openhab-core/bundles/org.openhab.core.ai.common/src/main/java/org/openhab/core/ai/common/actions/items/GetItemStateAction.java:[110,13] Redundant null check: comparing '@NonNull Map<@NonNull String,@NonNull Object>' against null
[WARNING] /Users/kgoderis/Development/openhab/git/openhab-core/bundles/org.openhab.core.ai.common/src/main/java/org/openhab/core/ai/common/actions/items/GetItemStateAction.java:[110,33] Dead code
[WARNING] /Users/kgoderis/Development/openhab/git/openhab-core/bundles/org.openhab.core.ai.common/src/main/java/org/openhab/core/ai/common/actions/items/GetItemStateAction.java:[121,13] Potential null pointer access: this expression has a '@Nullable' type
[WARNING] /Users/kgoderis/Development/openhab/git/openhab-core/bundles/org.openhab.core.ai.common/src/main/java/org/openhab/core/ai/common/actions/items/GetItemStateAction.java:[157,25] Potential null pointer access: this expression has a '@Nullable' type
[WARNING] /Users/kgoderis/Development/openhab/git/openhab-core/bundles/org.openhab.core.ai.common/src/main/java/org/openhab/core/ai/common/actions/items/GetItemStateAction.java:[157,46] Null type mismatch: required 'java.lang.@NonNull String' but the provided value is inferred as @org.eclipse.jdt.annotation.Nullable
[WARNING] /Users/kgoderis/Development/openhab/git/openhab-core/bundles/org.openhab.core.ai.common/src/main/java/org/openhab/core/ai/common/actions/items/GetItemStateAction.java:[160,36] Null type mismatch: required 'java.lang.@NonNull Object' but the provided value is inferred as @org.eclipse.jdt.annotation.Nullable
[WARNING] /Users/kgoderis/Development/openhab/git/openhab-core/bundles/org.openhab.core.ai.common/src/main/java/org/openhab/core/ai/common/actions/items/GetItemStateAction.java:[165,40] Redundant null check: comparing '@NonNull State' against null
[WARNING] /Users/kgoderis/Development/openhab/git/openhab-core/bundles/org.openhab.core.ai.common/src/main/java/org/openhab/core/ai/common/actions/items/GetItemStateAction.java:[166,37] Redundant null check: comparing '@NonNull State' against null
[WARNING] /Users/kgoderis/Development/openhab/git/openhab-core/bundles/org.openhab.core.ai.common/src/main/java/org/openhab/core/ai/common/actions/items/GetItemStateAction.java:[168,57] Potential null pointer access: The method getLastStateChange() may return null
[WARNING] /Users/kgoderis/Development/openhab/git/openhab-core/bundles/org.openhab.core.ai.common/src/main/java/org/openhab/core/ai/common/actions/items/GetItemStateAction.java:[173,46] Redundant null check: comparing '@NonNull State' against null
[WARNING] /Users/kgoderis/Development/openhab/git/openhab-core/bundles/org.openhab.core.ai.common/src/main/java/org/openhab/core/ai/common/actions/items/GetItemStateAction.java:[174,48] Redundant null check: comparing '@NonNull State' against null
[WARNING] /Users/kgoderis/Development/openhab/git/openhab-core/bundles/org.openhab.core.ai.common/src/main/java/org/openhab/core/ai/common/actions/items/GetItemStateAction.java:[181,21] Redundant null check: comparing '@NonNull State' against null
[WARNING] /Users/kgoderis/Development/openhab/git/openhab-core/bundles/org.openhab.core.ai.common/src/main/java/org/openhab/core/ai/common/actions/items/GetItemStateAction.java:[207,74] Null type mismatch: required 'java.lang.@NonNull String' but the provided value is inferred as @org.eclipse.jdt.annotation.Nullable
[WARNING] /Users/kgoderis/Development/openhab/git/openhab-core/bundles/org.openhab.core.ai.common/src/main/java/org/openhab/core/ai/common/actions/items/GetItemStateAction.java:[232,18] The value of the local variable executionTime is not used
[WARNING] /Users/kgoderis/Development/openhab/git/openhab-core/bundles/org.openhab.core.ai.common/src/main/java/org/openhab/core/ai/common/actions/items/GetItemStatisticsAction.java:[121,13] Redundant null check: comparing '@NonNull Map<@NonNull String,@NonNull Object>' against null
[WARNING] /Users/kgoderis/Development/openhab/git/openhab-core/bundles/org.openhab.core.ai.common/src/main/java/org/openhab/core/ai/common/actions/items/GetItemStatisticsAction.java:[121,33] Dead code
[WARNING] /Users/kgoderis/Development/openhab/git/openhab-core/bundles/org.openhab.core.ai.common/src/main/java/org/openhab/core/ai/common/actions/items/GetItemStatisticsAction.java:[132,13] Potential null pointer access: this expression has a '@Nullable' type
[WARNING] /Users/kgoderis/Development/openhab/git/openhab-core/bundles/org.openhab.core.ai.common/src/main/java/org/openhab/core/ai/common/actions/items/GetItemStatisticsAction.java:[156,21] The value of the local variable includeStateBreakdown is not used
[WARNING] /Users/kgoderis/Development/openhab/git/openhab-core/bundles/org.openhab.core.ai.common/src/main/java/org/openhab/core/ai/common/actions/items/GetItemStatisticsAction.java:[157,21] The value of the local variable includeChangePatterns is not used
[WARNING] /Users/kgoderis/Development/openhab/git/openhab-core/bundles/org.openhab.core.ai.common/src/main/java/org/openhab/core/ai/common/actions/items/GetItemStatisticsAction.java:[158,21] The value of the local variable includeUsageMetrics is not used
[WARNING] /Users/kgoderis/Development/openhab/git/openhab-core/bundles/org.openhab.core.ai.common/src/main/java/org/openhab/core/ai/common/actions/items/GetItemStatisticsAction.java:[163,25] Potential null pointer access: this expression has a '@Nullable' type
[WARNING] /Users/kgoderis/Development/openhab/git/openhab-core/bundles/org.openhab.core.ai.common/src/main/java/org/openhab/core/ai/common/actions/items/GetItemStatisticsAction.java:[163,46] Null type mismatch: required 'java.lang.@NonNull String' but the provided value is inferred as @org.eclipse.jdt.annotation.Nullable
[WARNING] /Users/kgoderis/Development/openhab/git/openhab-core/bundles/org.openhab.core.ai.common/src/main/java/org/openhab/core/ai/common/actions/items/GetItemStatisticsAction.java:[164,35] Redundant null check: comparing '@NonNull State' against null
[WARNING] /Users/kgoderis/Development/openhab/git/openhab-core/bundles/org.openhab.core.ai.common/src/main/java/org/openhab/core/ai/common/actions/items/GetItemStatisticsAction.java:[172,36] Null type mismatch: required 'java.lang.@NonNull Object' but the provided value is inferred as @org.eclipse.jdt.annotation.Nullable
[WARNING] /Users/kgoderis/Development/openhab/git/openhab-core/bundles/org.openhab.core.ai.common/src/main/java/org/openhab/core/ai/common/actions/items/GetItemStatisticsAction.java:[180,46] Potential null pointer access: this expression has a '@Nullable' type
[WARNING] /Users/kgoderis/Development/openhab/git/openhab-core/bundles/org.openhab.core.ai.common/src/main/java/org/openhab/core/ai/common/actions/items/GetItemStatisticsAction.java:[181,68] The value of the local variable queryableService is not used
[WARNING] /Users/kgoderis/Development/openhab/git/openhab-core/bundles/org.openhab.core.ai.common/src/main/java/org/openhab/core/ai/common/actions/items/GetItemStatisticsAction.java:[217,18] The value of the local variable executionTime is not used
[WARNING] /Users/kgoderis/Development/openhab/git/openhab-core/bundles/org.openhab.core.ai.common/src/main/java/org/openhab/core/ai/common/actions/items/GetItemStatisticsAction.java:[283,45] Redundant null check: comparing '@NonNull State' against null
[WARNING] /Users/kgoderis/Development/openhab/git/openhab-core/bundles/org.openhab.core.ai.common/src/main/java/org/openhab/core/ai/common/actions/items/GetItemStatisticsAction.java:[286,42] Redundant null check: comparing '@NonNull State' against null
[WARNING] /Users/kgoderis/Development/openhab/git/openhab-core/bundles/org.openhab.core.ai.common/src/main/java/org/openhab/core/ai/common/actions/items/GetItemStatisticsAction.java:[289,53] Potential null pointer access: The method getLastStateChange() may return null
[WARNING] /Users/kgoderis/Development/openhab/git/openhab-core/bundles/org.openhab.core.ai.common/src/main/java/org/openhab/core/ai/common/actions/items/GetItemStatisticsAction.java:[324,13] Redundant null check: comparing '@NonNull String' against null
[WARNING] /Users/kgoderis/Development/openhab/git/openhab-core/bundles/org.openhab.core.ai.common/src/main/java/org/openhab/core/ai/common/actions/items/GetItemTagsAction.java:[109,13] Redundant null check: comparing '@NonNull Map<@NonNull String,@NonNull Object>' against null
[WARNING] /Users/kgoderis/Development/openhab/git/openhab-core/bundles/org.openhab.core.ai.common/src/main/java/org/openhab/core/ai/common/actions/items/GetItemTagsAction.java:[109,33] Dead code
[WARNING] /Users/kgoderis/Development/openhab/git/openhab-core/bundles/org.openhab.core.ai.common/src/main/java/org/openhab/core/ai/common/actions/items/GetItemTagsAction.java:[120,13] Potential null pointer access: this expression has a '@Nullable' type
[WARNING] /Users/kgoderis/Development/openhab/git/openhab-core/bundles/org.openhab.core.ai.common/src/main/java/org/openhab/core/ai/common/actions/items/GetItemTagsAction.java:[143,18] The value of the local variable item is not used
[WARNING] /Users/kgoderis/Development/openhab/git/openhab-core/bundles/org.openhab.core.ai.common/src/main/java/org/openhab/core/ai/common/actions/items/GetItemTagsAction.java:[143,25] Potential null pointer access: this expression has a '@Nullable' type
[WARNING] /Users/kgoderis/Development/openhab/git/openhab-core/bundles/org.openhab.core.ai.common/src/main/java/org/openhab/core/ai/common/actions/items/GetItemTagsAction.java:[143,46] Null type mismatch: required 'java.lang.@NonNull String' but the provided value is inferred as @org.eclipse.jdt.annotation.Nullable
[WARNING] /Users/kgoderis/Development/openhab/git/openhab-core/bundles/org.openhab.core.ai.common/src/main/java/org/openhab/core/ai/common/actions/items/GetItemTagsAction.java:[146,36] Null type mismatch: required 'java.lang.@NonNull Object' but the provided value is inferred as @org.eclipse.jdt.annotation.Nullable
[WARNING] /Users/kgoderis/Development/openhab/git/openhab-core/bundles/org.openhab.core.ai.common/src/main/java/org/openhab/core/ai/common/actions/items/GetItemTagsAction.java:[153,50] Potential null pointer access: this expression has a '@Nullable' type
[WARNING] /Users/kgoderis/Development/openhab/git/openhab-core/bundles/org.openhab.core.ai.common/src/main/java/org/openhab/core/ai/common/actions/items/GetItemTagsAction.java:[177,64] Null type mismatch: required 'java.lang.@NonNull String' but the provided value is inferred as @org.eclipse.jdt.annotation.Nullable
[WARNING] /Users/kgoderis/Development/openhab/git/openhab-core/bundles/org.openhab.core.ai.common/src/main/java/org/openhab/core/ai/common/actions/items/GetItemTagsAction.java:[178,45] Potential null pointer access: this expression has a '@Nullable' type
[WARNING] /Users/kgoderis/Development/openhab/git/openhab-core/bundles/org.openhab.core.ai.common/src/main/java/org/openhab/core/ai/common/actions/items/GetItemTagsAction.java:[223,18] The value of the local variable executionTime is not used
[WARNING] /Users/kgoderis/Development/openhab/git/openhab-core/bundles/org.openhab.core.ai.common/src/main/java/org/openhab/core/ai/common/actions/items/GetItemTypeAction.java:[104,13] Redundant null check: comparing '@NonNull Map<@NonNull String,@NonNull Object>' against null
[WARNING] /Users/kgoderis/Development/openhab/git/openhab-core/bundles/org.openhab.core.ai.common/src/main/java/org/openhab/core/ai/common/actions/items/GetItemTypeAction.java:[104,33] Dead code
[WARNING] /Users/kgoderis/Development/openhab/git/openhab-core/bundles/org.openhab.core.ai.common/src/main/java/org/openhab/core/ai/common/actions/items/GetItemTypeAction.java:[115,13] Potential null pointer access: this expression has a '@Nullable' type
[WARNING] /Users/kgoderis/Development/openhab/git/openhab-core/bundles/org.openhab.core.ai.common/src/main/java/org/openhab/core/ai/common/actions/items/GetItemTypeAction.java:[138,25] Potential null pointer access: this expression has a '@Nullable' type
[WARNING] /Users/kgoderis/Development/openhab/git/openhab-core/bundles/org.openhab.core.ai.common/src/main/java/org/openhab/core/ai/common/actions/items/GetItemTypeAction.java:[138,46] Null type mismatch: required 'java.lang.@NonNull String' but the provided value is inferred as @org.eclipse.jdt.annotation.Nullable
[WARNING] /Users/kgoderis/Development/openhab/git/openhab-core/bundles/org.openhab.core.ai.common/src/main/java/org/openhab/core/ai/common/actions/items/GetItemTypeAction.java:[162,21] Redundant null check: The variable currentState cannot be null at this location
[WARNING] /Users/kgoderis/Development/openhab/git/openhab-core/bundles/org.openhab.core.ai.common/src/main/java/org/openhab/core/ai/common/actions/items/GetItemTypeAction.java:[169,45] Null type mismatch: required 'java.lang.@NonNull Object' but the provided value is inferred as @org.eclipse.jdt.annotation.Nullable
[WARNING] /Users/kgoderis/Development/openhab/git/openhab-core/bundles/org.openhab.core.ai.common/src/main/java/org/openhab/core/ai/common/actions/items/GetItemTypeAction.java:[171,42] Null type mismatch: required 'java.lang.@NonNull Object' but the provided value is inferred as @org.eclipse.jdt.annotation.Nullable
[WARNING] /Users/kgoderis/Development/openhab/git/openhab-core/bundles/org.openhab.core.ai.common/src/main/java/org/openhab/core/ai/common/actions/items/GetItemTypeAction.java:[178,40] Potential null pointer access: The method getBaseItem() may return null
[WARNING] /Users/kgoderis/Development/openhab/git/openhab-core/bundles/org.openhab.core.ai.common/src/main/java/org/openhab/core/ai/common/actions/items/GetItemTypeAction.java:[184,36] Potential null pointer access: The method getFunction() may return null
[WARNING] /Users/kgoderis/Development/openhab/git/openhab-core/bundles/org.openhab.core.ai.common/src/main/java/org/openhab/core/ai/common/actions/items/GetItemTypeAction.java:[211,18] The value of the local variable executionTime is not used
[WARNING] /Users/kgoderis/Development/openhab/git/openhab-core/bundles/org.openhab.core.ai.common/src/main/java/org/openhab/core/ai/common/actions/items/ListItemsAction.java:[198,58] Null type mismatch: required 'java.lang.@NonNull String' but the provided value is inferred as @org.eclipse.jdt.annotation.Nullable
[WARNING] /Users/kgoderis/Development/openhab/git/openhab-core/bundles/org.openhab.core.ai.common/src/main/java/org/openhab/core/ai/common/actions/items/ListItemsAction.java:[198,65] Null type mismatch: required 'java.lang.@NonNull String' but the provided value is inferred as @org.eclipse.jdt.annotation.Nullable
[WARNING] /Users/kgoderis/Development/openhab/git/openhab-core/bundles/org.openhab.core.ai.common/src/main/java/org/openhab/core/ai/common/actions/items/ListItemsAction.java:[198,72] Null type mismatch: required 'java.lang.@NonNull String' but the provided value is inferred as @org.eclipse.jdt.annotation.Nullable
[WARNING] /Users/kgoderis/Development/openhab/git/openhab-core/bundles/org.openhab.core.ai.common/src/main/java/org/openhab/core/ai/common/actions/items/ListItemsAction.java:[198,77] Null type mismatch: required 'java.lang.@NonNull String' but the provided value is inferred as @org.eclipse.jdt.annotation.Nullable
[WARNING] /Users/kgoderis/Development/openhab/git/openhab-core/bundles/org.openhab.core.ai.common/src/main/java/org/openhab/core/ai/common/actions/items/ListItemsAction.java:[198,87] Null type mismatch: required 'java.lang.@NonNull Boolean' but the provided value is inferred as @org.eclipse.jdt.annotation.Nullable
[WARNING] /Users/kgoderis/Development/openhab/git/openhab-core/bundles/org.openhab.core.ai.common/src/main/java/org/openhab/core/ai/common/actions/items/ListItemsAction.java:[204,32] Potential null pointer access: The method get(Object) may return null
[WARNING] /Users/kgoderis/Development/openhab/git/openhab-core/bundles/org.openhab.core.ai.common/src/main/java/org/openhab/core/ai/common/actions/items/ListItemsAction.java:[209,18] The value of the local variable executionTime is not used
[WARNING] /Users/kgoderis/Development/openhab/git/openhab-core/bundles/org.openhab.core.ai.common/src/main/java/org/openhab/core/ai/common/actions/items/ListItemsAction.java:[274,37] Potential null pointer access: this expression has a '@Nullable' type
[WARNING] /Users/kgoderis/Development/openhab/git/openhab-core/bundles/org.openhab.core.ai.common/src/main/java/org/openhab/core/ai/common/actions/items/ListItemsAction.java:[295,32] Redundant null check: comparing '@NonNull String' against null
[WARNING] /Users/kgoderis/Development/openhab/git/openhab-core/bundles/org.openhab.core.ai.common/src/main/java/org/openhab/core/ai/common/actions/items/ListItemsAction.java:[295,70] Redundant null check: comparing '@NonNull String' against null
[WARNING] /Users/kgoderis/Development/openhab/git/openhab-core/bundles/org.openhab.core.ai.common/src/main/java/org/openhab/core/ai/common/actions/items/ListItemsAction.java:[296,25] Redundant null check: comparing '@NonNull String' against null
[WARNING] /Users/kgoderis/Development/openhab/git/openhab-core/bundles/org.openhab.core.ai.common/src/main/java/org/openhab/core/ai/common/actions/items/ListItemsAction.java:[296,64] Redundant null check: comparing '@NonNull String' against null
[WARNING] /Users/kgoderis/Development/openhab/git/openhab-core/bundles/org.openhab.core.ai.common/src/main/java/org/openhab/core/ai/common/actions/items/ListItemsAction.java:[297,25] Redundant null check: comparing '@NonNull String' against null
[WARNING] /Users/kgoderis/Development/openhab/git/openhab-core/bundles/org.openhab.core.ai.common/src/main/java/org/openhab/core/ai/common/actions/items/ListItemsAction.java:[298,25] Redundant null check: comparing '@NonNull Boolean' against null
[WARNING] /Users/kgoderis/Development/openhab/git/openhab-core/bundles/org.openhab.core.ai.common/src/main/java/org/openhab/core/ai/common/actions/items/ListItemsAction.java:[317,30] Null type mismatch: required 'java.lang.@NonNull Object' but the provided value is inferred as @org.eclipse.jdt.annotation.Nullable
[WARNING] /Users/kgoderis/Development/openhab/git/openhab-core/bundles/org.openhab.core.ai.common/src/main/java/org/openhab/core/ai/common/actions/items/ListItemsAction.java:[319,33] Null type mismatch: required 'java.lang.@NonNull Object' but the provided value is inferred as @org.eclipse.jdt.annotation.Nullable
[WARNING] /Users/kgoderis/Development/openhab/git/openhab-core/bundles/org.openhab.core.ai.common/src/main/java/org/openhab/core/ai/common/actions/items/ListItemsAction.java:[323,34] Redundant null check: The variable currentState cannot be null at this location
[WARNING] /Users/kgoderis/Development/openhab/git/openhab-core/bundles/org.openhab.core.ai.common/src/main/java/org/openhab/core/ai/common/actions/items/ListItemsAction.java:[324,38] Redundant null check: The variable currentState cannot be null at this location
[WARNING] /Users/kgoderis/Development/openhab/git/openhab-core/bundles/org.openhab.core.ai.common/src/main/java/org/openhab/core/ai/common/actions/items/ListItemsAction.java:[336,42] Potential null pointer access: this expression has a '@Nullable' type
[WARNING] /Users/kgoderis/Development/openhab/git/openhab-core/bundles/org.openhab.core.ai.common/src/main/java/org/openhab/core/ai/common/actions/items/ListItemsAction.java:[350,37] Potential null pointer access: this expression has a '@Nullable' type
[WARNING] /Users/kgoderis/Development/openhab/git/openhab-core/bundles/org.openhab.core.ai.common/src/main/java/org/openhab/core/ai/common/actions/items/ListItemsAction.java:[352,37] Potential null pointer access: this expression has a '@Nullable' type
[WARNING] /Users/kgoderis/Development/openhab/git/openhab-core/bundles/org.openhab.core.ai.common/src/main/java/org/openhab/core/ai/common/actions/items/ListItemsAction.java:[374,17] Redundant null check: comparing '@NonNull String' against null
[WARNING] /Users/kgoderis/Development/openhab/git/openhab-core/bundles/org.openhab.core.ai.common/src/main/java/org/openhab/core/ai/common/actions/items/ListItemsAction.java:[379,17] Redundant null check: comparing '@NonNull String' against null
[WARNING] /Users/kgoderis/Development/openhab/git/openhab-core/bundles/org.openhab.core.ai.common/src/main/java/org/openhab/core/ai/common/actions/items/ListItemsAction.java:[384,17] Redundant null check: comparing '@NonNull String' against null
[WARNING] /Users/kgoderis/Development/openhab/git/openhab-core/bundles/org.openhab.core.ai.common/src/main/java/org/openhab/core/ai/common/actions/items/ListItemsAction.java:[393,17] Redundant null check: comparing '@NonNull String' against null
[WARNING] /Users/kgoderis/Development/openhab/git/openhab-core/bundles/org.openhab.core.ai.common/src/main/java/org/openhab/core/ai/common/actions/items/ListItemsAction.java:[402,17] Redundant null check: comparing '@NonNull String' against null
[WARNING] /Users/kgoderis/Development/openhab/git/openhab-core/bundles/org.openhab.core.ai.common/src/main/java/org/openhab/core/ai/common/actions/items/ListItemsAction.java:[407,17] Redundant null check: comparing '@NonNull Boolean' against null
[WARNING] /Users/kgoderis/Development/openhab/git/openhab-core/bundles/org.openhab.core.ai.common/src/main/java/org/openhab/core/ai/common/actions/items/ListItemsAction.java:[453,69] Null type mismatch: required 'java.lang.@NonNull String' but the provided value is inferred as @org.eclipse.jdt.annotation.Nullable
[WARNING] /Users/kgoderis/Development/openhab/git/openhab-core/bundles/org.openhab.core.ai.common/src/main/java/org/openhab/core/ai/common/actions/items/ListItemsAction.java:[462,56] Null type mismatch: required 'java.lang.@NonNull String' but the provided value is inferred as @org.eclipse.jdt.annotation.Nullable
[WARNING] /Users/kgoderis/Development/openhab/git/openhab-core/bundles/org.openhab.core.ai.common/src/main/java/org/openhab/core/ai/common/actions/items/SearchItemsAction.java:[118,13] Redundant null check: comparing '@NonNull Map<@NonNull String,@NonNull Object>' against null
[WARNING] /Users/kgoderis/Development/openhab/git/openhab-core/bundles/org.openhab.core.ai.common/src/main/java/org/openhab/core/ai/common/actions/items/SearchItemsAction.java:[118,33] Dead code
[WARNING] /Users/kgoderis/Development/openhab/git/openhab-core/bundles/org.openhab.core.ai.common/src/main/java/org/openhab/core/ai/common/actions/items/SearchItemsAction.java:[162,47] Null type mismatch: required 'java.lang.@NonNull Object' but the provided value is inferred as @org.eclipse.jdt.annotation.Nullable
[WARNING] /Users/kgoderis/Development/openhab/git/openhab-core/bundles/org.openhab.core.ai.common/src/main/java/org/openhab/core/ai/common/actions/items/SearchItemsAction.java:[163,44] Null type mismatch: required 'java.lang.@NonNull Object' but the provided value is inferred as @org.eclipse.jdt.annotation.Nullable
[WARNING] /Users/kgoderis/Development/openhab/git/openhab-core/bundles/org.openhab.core.ai.common/src/main/java/org/openhab/core/ai/common/actions/items/SearchItemsAction.java:[164,39] Null type mismatch: required 'java.lang.@NonNull Object' but the provided value is inferred as @org.eclipse.jdt.annotation.Nullable
[WARNING] /Users/kgoderis/Development/openhab/git/openhab-core/bundles/org.openhab.core.ai.common/src/main/java/org/openhab/core/ai/common/actions/items/SearchItemsAction.java:[165,41] Null type mismatch: required 'java.lang.@NonNull Object' but the provided value is inferred as @org.eclipse.jdt.annotation.Nullable
[WARNING] /Users/kgoderis/Development/openhab/git/openhab-core/bundles/org.openhab.core.ai.common/src/main/java/org/openhab/core/ai/common/actions/items/SearchItemsAction.java:[166,44] Null type mismatch: required 'java.lang.@NonNull Object' but the provided value is inferred as @org.eclipse.jdt.annotation.Nullable
[WARNING] /Users/kgoderis/Development/openhab/git/openhab-core/bundles/org.openhab.core.ai.common/src/main/java/org/openhab/core/ai/common/actions/items/SearchItemsAction.java:[172,35] Potential null pointer access: this expression has a '@Nullable' type
[WARNING] /Users/kgoderis/Development/openhab/git/openhab-core/bundles/org.openhab.core.ai.common/src/main/java/org/openhab/core/ai/common/actions/items/SearchItemsAction.java:[177,62] Null type mismatch: required 'java.lang.@NonNull String' but the provided value is inferred as @org.eclipse.jdt.annotation.Nullable
[WARNING] /Users/kgoderis/Development/openhab/git/openhab-core/bundles/org.openhab.core.ai.common/src/main/java/org/openhab/core/ai/common/actions/items/SearchItemsAction.java:[178,59] Null type mismatch: required 'java.lang.@NonNull String' but the provided value is inferred as @org.eclipse.jdt.annotation.Nullable
[WARNING] /Users/kgoderis/Development/openhab/git/openhab-core/bundles/org.openhab.core.ai.common/src/main/java/org/openhab/core/ai/common/actions/items/SearchItemsAction.java:[178,102] Null type mismatch: required 'java.lang.@NonNull String' but the provided value is inferred as @org.eclipse.jdt.annotation.Nullable
[WARNING] /Users/kgoderis/Development/openhab/git/openhab-core/bundles/org.openhab.core.ai.common/src/main/java/org/openhab/core/ai/common/actions/items/SearchItemsAction.java:[179,56] Null type mismatch: required 'java.lang.@NonNull String' but the provided value is inferred as @org.eclipse.jdt.annotation.Nullable
[WARNING] /Users/kgoderis/Development/openhab/git/openhab-core/bundles/org.openhab.core.ai.common/src/main/java/org/openhab/core/ai/common/actions/items/SearchItemsAction.java:[179,101] Null type mismatch: required 'java.lang.@NonNull String' but the provided value is inferred as @org.eclipse.jdt.annotation.Nullable
[WARNING] /Users/kgoderis/Development/openhab/git/openhab-core/bundles/org.openhab.core.ai.common/src/main/java/org/openhab/core/ai/common/actions/items/SearchItemsAction.java:[195,18] The value of the local variable executionTime is not used
[WARNING] /Users/kgoderis/Development/openhab/git/openhab-core/bundles/org.openhab.core.ai.common/src/main/java/org/openhab/core/ai/common/actions/items/SearchItemsAction.java:[261,13] Redundant null check: comparing '@NonNull String' against null
[WARNING] /Users/kgoderis/Development/openhab/git/openhab-core/bundles/org.openhab.core.ai.common/src/main/java/org/openhab/core/ai/common/actions/items/SearchItemsAction.java:[286,13] Redundant null check: comparing '@NonNull String' against null
[WARNING] /Users/kgoderis/Development/openhab/git/openhab-core/bundles/org.openhab.core.ai.common/src/main/java/org/openhab/core/ai/common/actions/items/SearchItemsAction.java:[297,13] Redundant null check: comparing '@NonNull String' against null
[WARNING] /Users/kgoderis/Development/openhab/git/openhab-core/bundles/org.openhab.core.ai.common/src/main/java/org/openhab/core/ai/common/actions/items/SearchItemsAction.java:[301,16] Potential null pointer access: this expression has a '@Nullable' type
[WARNING] /Users/kgoderis/Development/openhab/git/openhab-core/bundles/org.openhab.core.ai.common/src/main/java/org/openhab/core/ai/common/actions/items/SearchItemsAction.java:[310,13] Redundant null check: comparing '@NonNull String' against null
[WARNING] /Users/kgoderis/Development/openhab/git/openhab-core/bundles/org.openhab.core.ai.common/src/main/java/org/openhab/core/ai/common/actions/items/SearchItemsAction.java:[314,16] Potential null pointer access: this expression has a '@Nullable' type
[WARNING] /Users/kgoderis/Development/openhab/git/openhab-core/bundles/org.openhab.core.ai.common/src/main/java/org/openhab/core/ai/common/actions/items/SearchItemsAction.java:[323,13] Redundant null check: comparing '@NonNull String' against null
[WARNING] /Users/kgoderis/Development/openhab/git/openhab-core/bundles/org.openhab.core.ai.common/src/main/java/org/openhab/core/ai/common/actions/items/SearchItemsAction.java:[342,33] Null type mismatch: required 'java.lang.@NonNull Object' but the provided value is inferred as @org.eclipse.jdt.annotation.Nullable
[WARNING] /Users/kgoderis/Development/openhab/git/openhab-core/bundles/org.openhab.core.ai.common/src/main/java/org/openhab/core/ai/common/actions/items/SearchItemsAction.java:[348,36] Null type mismatch: required 'java.lang.@NonNull Object' but the provided value is inferred as @org.eclipse.jdt.annotation.Nullable
[WARNING] /Users/kgoderis/Development/openhab/git/openhab-core/bundles/org.openhab.core.ai.common/src/main/java/org/openhab/core/ai/common/actions/items/SearchItemsAction.java:[349,33] Redundant null check: comparing '@NonNull State' against null
[WARNING] /Users/kgoderis/Development/openhab/git/openhab-core/bundles/org.openhab.core.ai.common/src/main/java/org/openhab/core/ai/common/actions/items/SearchItemsAction.java:[354,57] Potential null pointer access: The method getLastStateChange() may return null
[WARNING] /Users/kgoderis/Development/openhab/git/openhab-core/bundles/org.openhab.core.ai.common/src/main/java/org/openhab/core/ai/common/actions/items/SearchItemsAction.java:[361,36] Potential null pointer access: The method getBaseItem() may return null
[WARNING] /Users/kgoderis/Development/openhab/git/openhab-core/bundles/org.openhab.core.ai.common/src/main/java/org/openhab/core/ai/common/actions/items/SendItemCommandAction.java:[112,13] Redundant null check: comparing '@NonNull Map<@NonNull String,@NonNull Object>' against null
[WARNING] /Users/kgoderis/Development/openhab/git/openhab-core/bundles/org.openhab.core.ai.common/src/main/java/org/openhab/core/ai/common/actions/items/SendItemCommandAction.java:[112,33] Dead code
[WARNING] /Users/kgoderis/Development/openhab/git/openhab-core/bundles/org.openhab.core.ai.common/src/main/java/org/openhab/core/ai/common/actions/items/SendItemCommandAction.java:[128,25] Potential null pointer access: this expression has a '@Nullable' type
[WARNING] /Users/kgoderis/Development/openhab/git/openhab-core/bundles/org.openhab.core.ai.common/src/main/java/org/openhab/core/ai/common/actions/items/SendItemCommandAction.java:[165,25] Potential null pointer access: this expression has a '@Nullable' type
[WARNING] /Users/kgoderis/Development/openhab/git/openhab-core/bundles/org.openhab.core.ai.common/src/main/java/org/openhab/core/ai/common/actions/items/SendItemCommandAction.java:[165,46] Null type mismatch: required 'java.lang.@NonNull String' but the provided value is inferred as @org.eclipse.jdt.annotation.Nullable
[WARNING] /Users/kgoderis/Development/openhab/git/openhab-core/bundles/org.openhab.core.ai.common/src/main/java/org/openhab/core/ai/common/actions/items/SendItemCommandAction.java:[172,95] Null type mismatch: required 'java.lang.@NonNull String' but the provided value is inferred as @org.eclipse.jdt.annotation.Nullable
[WARNING] /Users/kgoderis/Development/openhab/git/openhab-core/bundles/org.openhab.core.ai.common/src/main/java/org/openhab/core/ai/common/actions/items/SendItemCommandAction.java:[189,95] Null type mismatch: required 'java.lang.@NonNull String' but the provided value is inferred as @org.eclipse.jdt.annotation.Nullable
[WARNING] /Users/kgoderis/Development/openhab/git/openhab-core/bundles/org.openhab.core.ai.common/src/main/java/org/openhab/core/ai/common/actions/items/SendItemCommandAction.java:[199,100] Null type mismatch: required 'java.lang.@NonNull String' but the provided value is inferred as @org.eclipse.jdt.annotation.Nullable
[WARNING] /Users/kgoderis/Development/openhab/git/openhab-core/bundles/org.openhab.core.ai.common/src/main/java/org/openhab/core/ai/common/actions/items/SendItemCommandAction.java:[201,13] Potential null pointer access: this expression has a '@Nullable' type
[WARNING] /Users/kgoderis/Development/openhab/git/openhab-core/bundles/org.openhab.core.ai.common/src/main/java/org/openhab/core/ai/common/actions/items/SendItemCommandAction.java:[205,36] Null type mismatch: required 'java.lang.@NonNull Object' but the provided value is inferred as @org.eclipse.jdt.annotation.Nullable
[WARNING] /Users/kgoderis/Development/openhab/git/openhab-core/bundles/org.openhab.core.ai.common/src/main/java/org/openhab/core/ai/common/actions/items/SendItemCommandAction.java:[206,35] Null type mismatch: required 'java.lang.@NonNull Object' but the provided value is inferred as @org.eclipse.jdt.annotation.Nullable
[WARNING] /Users/kgoderis/Development/openhab/git/openhab-core/bundles/org.openhab.core.ai.common/src/main/java/org/openhab/core/ai/common/actions/items/SendItemCommandAction.java:[210,40] Redundant null check: The variable currentState cannot be null at this location
[WARNING] /Users/kgoderis/Development/openhab/git/openhab-core/bundles/org.openhab.core.ai.common/src/main/java/org/openhab/core/ai/common/actions/items/SendItemCommandAction.java:[229,18] The value of the local variable executionTime is not used
[WARNING] /Users/kgoderis/Development/openhab/git/openhab-core/bundles/org.openhab.core.ai.common/src/main/java/org/openhab/core/ai/common/actions/items/SetItemMetadataAction.java:[114,13] Redundant null check: comparing '@NonNull Map<@NonNull String,@NonNull Object>' against null
[WARNING] /Users/kgoderis/Development/openhab/git/openhab-core/bundles/org.openhab.core.ai.common/src/main/java/org/openhab/core/ai/common/actions/items/SetItemMetadataAction.java:[114,33] Dead code
[WARNING] /Users/kgoderis/Development/openhab/git/openhab-core/bundles/org.openhab.core.ai.common/src/main/java/org/openhab/core/ai/common/actions/items/SetItemMetadataAction.java:[135,13] Potential null pointer access: this expression has a '@Nullable' type
[WARNING] /Users/kgoderis/Development/openhab/git/openhab-core/bundles/org.openhab.core.ai.common/src/main/java/org/openhab/core/ai/common/actions/items/SetItemMetadataAction.java:[167,18] The value of the local variable item is not used
[WARNING] /Users/kgoderis/Development/openhab/git/openhab-core/bundles/org.openhab.core.ai.common/src/main/java/org/openhab/core/ai/common/actions/items/SetItemMetadataAction.java:[167,25] Potential null pointer access: this expression has a '@Nullable' type
[WARNING] /Users/kgoderis/Development/openhab/git/openhab-core/bundles/org.openhab.core.ai.common/src/main/java/org/openhab/core/ai/common/actions/items/SetItemMetadataAction.java:[167,46] Null type mismatch: required 'java.lang.@NonNull String' but the provided value is inferred as @org.eclipse.jdt.annotation.Nullable
[WARNING] /Users/kgoderis/Development/openhab/git/openhab-core/bundles/org.openhab.core.ai.common/src/main/java/org/openhab/core/ai/common/actions/items/SetItemMetadataAction.java:[170,36] Null type mismatch: required 'java.lang.@NonNull Object' but the provided value is inferred as @org.eclipse.jdt.annotation.Nullable
[WARNING] /Users/kgoderis/Development/openhab/git/openhab-core/bundles/org.openhab.core.ai.common/src/main/java/org/openhab/core/ai/common/actions/items/SetItemMetadataAction.java:[171,37] Null type mismatch: required 'java.lang.@NonNull Object' but the provided value is inferred as @org.eclipse.jdt.annotation.Nullable
[WARNING] /Users/kgoderis/Development/openhab/git/openhab-core/bundles/org.openhab.core.ai.common/src/main/java/org/openhab/core/ai/common/actions/items/SetItemMetadataAction.java:[172,33] Null type mismatch: required 'java.lang.@NonNull Object' but the provided value is inferred as @org.eclipse.jdt.annotation.Nullable
[WARNING] /Users/kgoderis/Development/openhab/git/openhab-core/bundles/org.openhab.core.ai.common/src/main/java/org/openhab/core/ai/common/actions/items/SetItemMetadataAction.java:[173,41] Null type mismatch: required 'java.lang.@NonNull Object' but the provided value is inferred as @org.eclipse.jdt.annotation.Nullable
[WARNING] /Users/kgoderis/Development/openhab/git/openhab-core/bundles/org.openhab.core.ai.common/src/main/java/org/openhab/core/ai/common/actions/items/SetItemMetadataAction.java:[193,47] Null type mismatch: required 'java.lang.@NonNull String' but the provided value is inferred as @org.eclipse.jdt.annotation.Nullable
[WARNING] /Users/kgoderis/Development/openhab/git/openhab-core/bundles/org.openhab.core.ai.common/src/main/java/org/openhab/core/ai/common/actions/items/SetItemMetadataAction.java:[193,58] Null type mismatch: required 'java.lang.@NonNull String' but the provided value is inferred as @org.eclipse.jdt.annotation.Nullable
[WARNING] /Users/kgoderis/Development/openhab/git/openhab-core/bundles/org.openhab.core.ai.common/src/main/java/org/openhab/core/ai/common/actions/items/SetItemMetadataAction.java:[194,41] Potential null pointer access: this expression has a '@Nullable' type
[WARNING] /Users/kgoderis/Development/openhab/git/openhab-core/bundles/org.openhab.core.ai.common/src/main/java/org/openhab/core/ai/common/actions/items/SetItemMetadataAction.java:[215,54] Null type mismatch: required 'java.lang.@NonNull String' but the provided value is inferred as @org.eclipse.jdt.annotation.Nullable
[WARNING] /Users/kgoderis/Development/openhab/git/openhab-core/bundles/org.openhab.core.ai.common/src/main/java/org/openhab/core/ai/common/actions/items/SetItemMetadataAction.java:[218,13] Potential null pointer access: this expression has a '@Nullable' type
[WARNING] /Users/kgoderis/Development/openhab/git/openhab-core/bundles/org.openhab.core.ai.common/src/main/java/org/openhab/core/ai/common/actions/items/SetItemMetadataAction.java:[237,18] The value of the local variable executionTime is not used
[WARNING] /Users/kgoderis/Development/openhab/git/openhab-core/bundles/org.openhab.core.ai.common/src/main/java/org/openhab/core/ai/common/actions/items/SetItemStateAction.java:[112,13] Redundant null check: comparing '@NonNull Map<@NonNull String,@NonNull Object>' against null
[WARNING] /Users/kgoderis/Development/openhab/git/openhab-core/bundles/org.openhab.core.ai.common/src/main/java/org/openhab/core/ai/common/actions/items/SetItemStateAction.java:[112,33] Dead code
[WARNING] /Users/kgoderis/Development/openhab/git/openhab-core/bundles/org.openhab.core.ai.common/src/main/java/org/openhab/core/ai/common/actions/items/SetItemStateAction.java:[128,25] Potential null pointer access: this expression has a '@Nullable' type
[WARNING] /Users/kgoderis/Development/openhab/git/openhab-core/bundles/org.openhab.core.ai.common/src/main/java/org/openhab/core/ai/common/actions/items/SetItemStateAction.java:[164,25] Potential null pointer access: this expression has a '@Nullable' type
[WARNING] /Users/kgoderis/Development/openhab/git/openhab-core/bundles/org.openhab.core.ai.common/src/main/java/org/openhab/core/ai/common/actions/items/SetItemStateAction.java:[164,46] Null type mismatch: required 'java.lang.@NonNull String' but the provided value is inferred as @org.eclipse.jdt.annotation.Nullable
[WARNING] /Users/kgoderis/Development/openhab/git/openhab-core/bundles/org.openhab.core.ai.common/src/main/java/org/openhab/core/ai/common/actions/items/SetItemStateAction.java:[173,99] Null type mismatch: required 'java.lang.@NonNull String' but the provided value is inferred as @org.eclipse.jdt.annotation.Nullable
[WARNING] /Users/kgoderis/Development/openhab/git/openhab-core/bundles/org.openhab.core.ai.common/src/main/java/org/openhab/core/ai/common/actions/items/SetItemStateAction.java:[182,90] Null type mismatch: required 'java.lang.@NonNull String' but the provided value is inferred as @org.eclipse.jdt.annotation.Nullable
[WARNING] /Users/kgoderis/Development/openhab/git/openhab-core/bundles/org.openhab.core.ai.common/src/main/java/org/openhab/core/ai/common/actions/items/SetItemStateAction.java:[193,99] Null type mismatch: required 'java.lang.@NonNull String' but the provided value is inferred as @org.eclipse.jdt.annotation.Nullable
[WARNING] /Users/kgoderis/Development/openhab/git/openhab-core/bundles/org.openhab.core.ai.common/src/main/java/org/openhab/core/ai/common/actions/items/SetItemStateAction.java:[203,90] Null type mismatch: required 'java.lang.@NonNull String' but the provided value is inferred as @org.eclipse.jdt.annotation.Nullable
[WARNING] /Users/kgoderis/Development/openhab/git/openhab-core/bundles/org.openhab.core.ai.common/src/main/java/org/openhab/core/ai/common/actions/items/SetItemStateAction.java:[217,104] Null type mismatch: required 'java.lang.@NonNull String' but the provided value is inferred as @org.eclipse.jdt.annotation.Nullable
[WARNING] /Users/kgoderis/Development/openhab/git/openhab-core/bundles/org.openhab.core.ai.common/src/main/java/org/openhab/core/ai/common/actions/items/SetItemStateAction.java:[219,17] Potential null pointer access: this expression has a '@Nullable' type
[WARNING] /Users/kgoderis/Development/openhab/git/openhab-core/bundles/org.openhab.core.ai.common/src/main/java/org/openhab/core/ai/common/actions/items/SetItemStateAction.java:[223,96] Null type mismatch: required 'java.lang.@NonNull String' but the provided value is inferred as @org.eclipse.jdt.annotation.Nullable
[WARNING] /Users/kgoderis/Development/openhab/git/openhab-core/bundles/org.openhab.core.ai.common/src/main/java/org/openhab/core/ai/common/actions/items/SetItemStateAction.java:[224,17] Potential null pointer access: this expression has a '@Nullable' type
[WARNING] /Users/kgoderis/Development/openhab/git/openhab-core/bundles/org.openhab.core.ai.common/src/main/java/org/openhab/core/ai/common/actions/items/SetItemStateAction.java:[231,36] Null type mismatch: required 'java.lang.@NonNull Object' but the provided value is inferred as @org.eclipse.jdt.annotation.Nullable
[WARNING] /Users/kgoderis/Development/openhab/git/openhab-core/bundles/org.openhab.core.ai.common/src/main/java/org/openhab/core/ai/common/actions/items/SetItemStateAction.java:[232,41] Redundant null check: The variable previousState cannot be null at this location
[WARNING] /Users/kgoderis/Development/openhab/git/openhab-core/bundles/org.openhab.core.ai.common/src/main/java/org/openhab/core/ai/common/actions/items/SetItemStateAction.java:[233,36] Null type mismatch: required 'java.lang.@NonNull Object' but the provided value is inferred as @org.eclipse.jdt.annotation.Nullable
[WARNING] /Users/kgoderis/Development/openhab/git/openhab-core/bundles/org.openhab.core.ai.common/src/main/java/org/openhab/core/ai/common/actions/items/SetItemStateAction.java:[255,18] The value of the local variable executionTime is not used
[WARNING] /Users/kgoderis/Development/openhab/git/openhab-core/bundles/org.openhab.core.ai.common/src/main/java/org/openhab/core/ai/common/actions/items/SetItemTagsAction.java:[113,13] Redundant null check: comparing '@NonNull Map<@NonNull String,@NonNull Object>' against null
[WARNING] /Users/kgoderis/Development/openhab/git/openhab-core/bundles/org.openhab.core.ai.common/src/main/java/org/openhab/core/ai/common/actions/items/SetItemTagsAction.java:[113,33] Dead code
[WARNING] /Users/kgoderis/Development/openhab/git/openhab-core/bundles/org.openhab.core.ai.common/src/main/java/org/openhab/core/ai/common/actions/items/SetItemTagsAction.java:[135,13] Potential null pointer access: this expression has a '@Nullable' type
[WARNING] /Users/kgoderis/Development/openhab/git/openhab-core/bundles/org.openhab.core.ai.common/src/main/java/org/openhab/core/ai/common/actions/items/SetItemTagsAction.java:[157,74] Potential null pointer access: The variable tags may be null at this location
[WARNING] /Users/kgoderis/Development/openhab/git/openhab-core/bundles/org.openhab.core.ai.common/src/main/java/org/openhab/core/ai/common/actions/items/SetItemTagsAction.java:[160,18] The value of the local variable item is not used
[WARNING] /Users/kgoderis/Development/openhab/git/openhab-core/bundles/org.openhab.core.ai.common/src/main/java/org/openhab/core/ai/common/actions/items/SetItemTagsAction.java:[160,25] Potential null pointer access: this expression has a '@Nullable' type
[WARNING] /Users/kgoderis/Development/openhab/git/openhab-core/bundles/org.openhab.core.ai.common/src/main/java/org/openhab/core/ai/common/actions/items/SetItemTagsAction.java:[160,46] Null type mismatch: required 'java.lang.@NonNull String' but the provided value is inferred as @org.eclipse.jdt.annotation.Nullable
[WARNING] /Users/kgoderis/Development/openhab/git/openhab-core/bundles/org.openhab.core.ai.common/src/main/java/org/openhab/core/ai/common/actions/items/SetItemTagsAction.java:[163,36] Null type mismatch: required 'java.lang.@NonNull Object' but the provided value is inferred as @org.eclipse.jdt.annotation.Nullable
[WARNING] /Users/kgoderis/Development/openhab/git/openhab-core/bundles/org.openhab.core.ai.common/src/main/java/org/openhab/core/ai/common/actions/items/SetItemTagsAction.java:[188,47] Potential null pointer access: this expression has a '@Nullable' type
[WARNING] /Users/kgoderis/Development/openhab/git/openhab-core/bundles/org.openhab.core.ai.common/src/main/java/org/openhab/core/ai/common/actions/items/SetItemTagsAction.java:[198,72] Null type mismatch: required 'java.lang.@NonNull String' but the provided value is inferred as @org.eclipse.jdt.annotation.Nullable
[WARNING] /Users/kgoderis/Development/openhab/git/openhab-core/bundles/org.openhab.core.ai.common/src/main/java/org/openhab/core/ai/common/actions/items/SetItemTagsAction.java:[199,25] Potential null pointer access: this expression has a '@Nullable' type
[WARNING] /Users/kgoderis/Development/openhab/git/openhab-core/bundles/org.openhab.core.ai.common/src/main/java/org/openhab/core/ai/common/actions/items/SetItemTagsAction.java:[211,60] Null type mismatch: required 'java.lang.@NonNull String' but the provided value is inferred as @org.eclipse.jdt.annotation.Nullable
[WARNING] /Users/kgoderis/Development/openhab/git/openhab-core/bundles/org.openhab.core.ai.common/src/main/java/org/openhab/core/ai/common/actions/items/SetItemTagsAction.java:[212,50] Potential null pointer access: this expression has a '@Nullable' type
[WARNING] /Users/kgoderis/Development/openhab/git/openhab-core/bundles/org.openhab.core.ai.common/src/main/java/org/openhab/core/ai/common/actions/items/SetItemTagsAction.java:[223,37] Type safety: Unchecked cast from java.lang.Object to java.util.Map<java.lang.String,java.lang.Object>
[WARNING] /Users/kgoderis/Development/openhab/git/openhab-core/bundles/org.openhab.core.ai.common/src/main/java/org/openhab/core/ai/common/actions/items/SetItemTagsAction.java:[237,58] Null type mismatch: required 'java.lang.@NonNull String' but the provided value is inferred as @org.eclipse.jdt.annotation.Nullable
[WARNING] /Users/kgoderis/Development/openhab/git/openhab-core/bundles/org.openhab.core.ai.common/src/main/java/org/openhab/core/ai/common/actions/items/SetItemTagsAction.java:[238,17] Potential null pointer access: this expression has a '@Nullable' type
[WARNING] /Users/kgoderis/Development/openhab/git/openhab-core/bundles/org.openhab.core.ai.common/src/main/java/org/openhab/core/ai/common/actions/items/SetItemTagsAction.java:[241,61] Null type mismatch: required 'java.lang.@NonNull Object' but the provided value is inferred as @org.eclipse.jdt.annotation.Nullable
[WARNING] /Users/kgoderis/Development/openhab/git/openhab-core/bundles/org.openhab.core.ai.common/src/main/java/org/openhab/core/ai/common/actions/items/SetItemTagsAction.java:[241,85] Null type mismatch: required 'java.lang.@NonNull Object' but the provided value is inferred as @org.eclipse.jdt.annotation.Nullable
[WARNING] /Users/kgoderis/Development/openhab/git/openhab-core/bundles/org.openhab.core.ai.common/src/main/java/org/openhab/core/ai/common/actions/items/SetItemTagsAction.java:[268,18] The value of the local variable executionTime is not used
[WARNING] /Users/kgoderis/Development/openhab/git/openhab-core/bundles/org.openhab.core.ai.common/src/main/java/org/openhab/core/ai/common/actions/items/UpdateItemAction.java:[127,13] Redundant null check: comparing '@NonNull Map<@NonNull String,@NonNull Object>' against null
[WARNING] /Users/kgoderis/Development/openhab/git/openhab-core/bundles/org.openhab.core.ai.common/src/main/java/org/openhab/core/ai/common/actions/items/UpdateItemAction.java:[127,33] Dead code
[WARNING] /Users/kgoderis/Development/openhab/git/openhab-core/bundles/org.openhab.core.ai.common/src/main/java/org/openhab/core/ai/common/actions/items/UpdateItemAction.java:[138,13] Potential null pointer access: this expression has a '@Nullable' type
[WARNING] /Users/kgoderis/Development/openhab/git/openhab-core/bundles/org.openhab.core.ai.common/src/main/java/org/openhab/core/ai/common/actions/items/UpdateItemAction.java:[169,32] Potential null pointer access: this expression has a '@Nullable' type
[WARNING] /Users/kgoderis/Development/openhab/git/openhab-core/bundles/org.openhab.core.ai.common/src/main/java/org/openhab/core/ai/common/actions/items/UpdateItemAction.java:[169,53] Null type mismatch: required 'java.lang.@NonNull String' but the provided value is inferred as @org.eclipse.jdt.annotation.Nullable
[WARNING] /Users/kgoderis/Development/openhab/git/openhab-core/bundles/org.openhab.core.ai.common/src/main/java/org/openhab/core/ai/common/actions/items/UpdateItemAction.java:[182,39] Null type mismatch: required 'java.lang.@NonNull Object' but the provided value is inferred as @org.eclipse.jdt.annotation.Nullable
[WARNING] /Users/kgoderis/Development/openhab/git/openhab-core/bundles/org.openhab.core.ai.common/src/main/java/org/openhab/core/ai/common/actions/items/UpdateItemAction.java:[188,42] Null type mismatch: required 'java.lang.@NonNull Object' but the provided value is inferred as @org.eclipse.jdt.annotation.Nullable
[WARNING] /Users/kgoderis/Development/openhab/git/openhab-core/bundles/org.openhab.core.ai.common/src/main/java/org/openhab/core/ai/common/actions/items/UpdateItemAction.java:[241,35] Potential null pointer access: this expression has a '@Nullable' type
[WARNING] /Users/kgoderis/Development/openhab/git/openhab-core/bundles/org.openhab.core.ai.common/src/main/java/org/openhab/core/ai/common/actions/items/UpdateItemAction.java:[241,92] Null type mismatch: required 'java.lang.@NonNull String' but the provided value is inferred as @org.eclipse.jdt.annotation.Nullable
[WARNING] /Users/kgoderis/Development/openhab/git/openhab-core/bundles/org.openhab.core.ai.common/src/main/java/org/openhab/core/ai/common/actions/items/UpdateItemAction.java:[250,13] Potential null pointer access: this expression has a '@Nullable' type
[WARNING] /Users/kgoderis/Development/openhab/git/openhab-core/bundles/org.openhab.core.ai.common/src/main/java/org/openhab/core/ai/common/actions/items/UpdateItemAction.java:[250,33] Null type mismatch: required 'java.lang.@NonNull String' but the provided value is inferred as @org.eclipse.jdt.annotation.Nullable
[WARNING] /Users/kgoderis/Development/openhab/git/openhab-core/bundles/org.openhab.core.ai.common/src/main/java/org/openhab/core/ai/common/actions/items/UpdateItemAction.java:[251,13] Potential null pointer access: this expression has a '@Nullable' type
[WARNING] /Users/kgoderis/Development/openhab/git/openhab-core/bundles/org.openhab.core.ai.common/src/main/java/org/openhab/core/ai/common/actions/items/UpdateItemAction.java:[269,41] Type safety: Unchecked cast from java.lang.Object to java.util.Map<java.lang.String,java.lang.Object>
[WARNING] /Users/kgoderis/Development/openhab/git/openhab-core/bundles/org.openhab.core.ai.common/src/main/java/org/openhab/core/ai/common/actions/items/UpdateItemAction.java:[275,70] Null type mismatch: required 'java.lang.@NonNull String' but the provided value is inferred as @org.eclipse.jdt.annotation.Nullable
[WARNING] /Users/kgoderis/Development/openhab/git/openhab-core/bundles/org.openhab.core.ai.common/src/main/java/org/openhab/core/ai/common/actions/items/UpdateItemAction.java:[277,25] Potential null pointer access: this expression has a '@Nullable' type
[WARNING] /Users/kgoderis/Development/openhab/git/openhab-core/bundles/org.openhab.core.ai.common/src/main/java/org/openhab/core/ai/common/actions/items/UpdateItemAction.java:[289,34] Null type mismatch: required 'java.lang.@NonNull Object' but the provided value is inferred as @org.eclipse.jdt.annotation.Nullable
[WARNING] /Users/kgoderis/Development/openhab/git/openhab-core/bundles/org.openhab.core.ai.common/src/main/java/org/openhab/core/ai/common/actions/items/UpdateItemAction.java:[295,37] Null type mismatch: required 'java.lang.@NonNull Object' but the provided value is inferred as @org.eclipse.jdt.annotation.Nullable
[WARNING] /Users/kgoderis/Development/openhab/git/openhab-core/bundles/org.openhab.core.ai.common/src/main/java/org/openhab/core/ai/common/actions/items/UpdateItemAction.java:[329,18] The value of the local variable executionTime is not used
[WARNING] /Users/kgoderis/Development/openhab/git/openhab-core/bundles/org.openhab.core.ai.common/src/main/java/org/openhab/core/ai/common/actions/items/ValidateItemAction.java:[115,13] Redundant null check: comparing '@NonNull Map<@NonNull String,@NonNull Object>' against null
[WARNING] /Users/kgoderis/Development/openhab/git/openhab-core/bundles/org.openhab.core.ai.common/src/main/java/org/openhab/core/ai/common/actions/items/ValidateItemAction.java:[115,33] Dead code
[WARNING] /Users/kgoderis/Development/openhab/git/openhab-core/bundles/org.openhab.core.ai.common/src/main/java/org/openhab/core/ai/common/actions/items/ValidateItemAction.java:[126,13] Potential null pointer access: this expression has a '@Nullable' type
[WARNING] /Users/kgoderis/Development/openhab/git/openhab-core/bundles/org.openhab.core.ai.common/src/main/java/org/openhab/core/ai/common/actions/items/ValidateItemAction.java:[150,25] Potential null pointer access: this expression has a '@Nullable' type
[WARNING] /Users/kgoderis/Development/openhab/git/openhab-core/bundles/org.openhab.core.ai.common/src/main/java/org/openhab/core/ai/common/actions/items/ValidateItemAction.java:[150,46] Null type mismatch: required 'java.lang.@NonNull String' but the provided value is inferred as @org.eclipse.jdt.annotation.Nullable
[WARNING] /Users/kgoderis/Development/openhab/git/openhab-core/bundles/org.openhab.core.ai.common/src/main/java/org/openhab/core/ai/common/actions/items/ValidateItemAction.java:[153,36] Null type mismatch: required 'java.lang.@NonNull Object' but the provided value is inferred as @org.eclipse.jdt.annotation.Nullable
[WARNING] /Users/kgoderis/Development/openhab/git/openhab-core/bundles/org.openhab.core.ai.common/src/main/java/org/openhab/core/ai/common/actions/items/ValidateItemAction.java:[165,75] Potential null pointer access: The method getLabel() may return null
[WARNING] /Users/kgoderis/Development/openhab/git/openhab-core/bundles/org.openhab.core.ai.common/src/main/java/org/openhab/core/ai/common/actions/items/ValidateItemAction.java:[166,81] Potential null pointer access: The method getCategory() may return null
[WARNING] /Users/kgoderis/Development/openhab/git/openhab-core/bundles/org.openhab.core.ai.common/src/main/java/org/openhab/core/ai/common/actions/items/ValidateItemAction.java:[168,44] Potential null pointer access: The method getLabel() may return null
[WARNING] /Users/kgoderis/Development/openhab/git/openhab-core/bundles/org.openhab.core.ai.common/src/main/java/org/openhab/core/ai/common/actions/items/ValidateItemAction.java:[173,47] Potential null pointer access: The method getCategory() may return null
[WARNING] /Users/kgoderis/Development/openhab/git/openhab-core/bundles/org.openhab.core.ai.common/src/main/java/org/openhab/core/ai/common/actions/items/ValidateItemAction.java:[181,49] Redundant null check: comparing '@NonNull State' against null
[WARNING] /Users/kgoderis/Development/openhab/git/openhab-core/bundles/org.openhab.core.ai.common/src/main/java/org/openhab/core/ai/common/actions/items/ValidateItemAction.java:[183,25] Redundant null check: comparing '@NonNull State' against null
[WARNING] /Users/kgoderis/Development/openhab/git/openhab-core/bundles/org.openhab.core.ai.common/src/main/java/org/openhab/core/ai/common/actions/items/ValidateItemAction.java:[185,61] Potential null pointer access: The method getLastStateChange() may return null
[WARNING] /Users/kgoderis/Development/openhab/git/openhab-core/bundles/org.openhab.core.ai.common/src/main/java/org/openhab/core/ai/common/actions/items/ValidateItemAction.java:[187,21] Redundant null check: comparing '@NonNull State' against null
[WARNING] /Users/kgoderis/Development/openhab/git/openhab-core/bundles/org.openhab.core.ai.common/src/main/java/org/openhab/core/ai/common/actions/items/ValidateItemAction.java:[187,46] Dead code
[WARNING] /Users/kgoderis/Development/openhab/git/openhab-core/bundles/org.openhab.core.ai.common/src/main/java/org/openhab/core/ai/common/actions/items/ValidateItemAction.java:[203,32] Potential null pointer access: this expression has a '@Nullable' type
[WARNING] /Users/kgoderis/Development/openhab/git/openhab-core/bundles/org.openhab.core.ai.common/src/main/java/org/openhab/core/ai/common/actions/items/ValidateItemAction.java:[205,29] Potential null pointer access: The variable itemName may be null at this location
[WARNING] /Users/kgoderis/Development/openhab/git/openhab-core/bundles/org.openhab.core.ai.common/src/main/java/org/openhab/core/ai/common/actions/items/ValidateItemAction.java:[247,40] Potential null pointer access: The variable itemName may be null at this location
[WARNING] /Users/kgoderis/Development/openhab/git/openhab-core/bundles/org.openhab.core.ai.common/src/main/java/org/openhab/core/ai/common/actions/items/ValidateItemAction.java:[266,48] Potential null pointer access: The method getLabel() may return null
[WARNING] /Users/kgoderis/Development/openhab/git/openhab-core/bundles/org.openhab.core.ai.common/src/main/java/org/openhab/core/ai/common/actions/items/ValidateItemAction.java:[270,51] Potential null pointer access: The method getCategory() may return null
[WARNING] /Users/kgoderis/Development/openhab/git/openhab-core/bundles/org.openhab.core.ai.common/src/main/java/org/openhab/core/ai/common/actions/items/ValidateItemAction.java:[276,36] Potential null pointer access: this expression has a '@Nullable' type
[WARNING] /Users/kgoderis/Development/openhab/git/openhab-core/bundles/org.openhab.core.ai.common/src/main/java/org/openhab/core/ai/common/actions/items/ValidateItemAction.java:[278,33] Potential null pointer access: The variable itemName may be null at this location
[WARNING] /Users/kgoderis/Development/openhab/git/openhab-core/bundles/org.openhab.core.ai.common/src/main/java/org/openhab/core/ai/common/actions/items/ValidateItemAction.java:[322,18] The value of the local variable executionTime is not used
[WARNING] /Users/kgoderis/Development/openhab/git/openhab-core/bundles/org.openhab.core.ai.common/src/main/java/org/openhab/core/ai/common/actions/monitoring/CleanupLogsAction.java:[120,13] Redundant null check: comparing '@NonNull Map<String,Object>' against null
[WARNING] /Users/kgoderis/Development/openhab/git/openhab-core/bundles/org.openhab.core.ai.common/src/main/java/org/openhab/core/ai/common/actions/monitoring/CleanupLogsAction.java:[120,33] Dead code
[WARNING] /Users/kgoderis/Development/openhab/git/openhab-core/bundles/org.openhab.core.ai.common/src/main/java/org/openhab/core/ai/common/actions/monitoring/CleanupLogsAction.java:[252,18] The value of the local variable executionTime is not used
[WARNING] /Users/kgoderis/Development/openhab/git/openhab-core/bundles/org.openhab.core.ai.common/src/main/java/org/openhab/core/ai/common/actions/monitoring/GetAlertsAction.java:[107,13] Redundant null check: comparing '@NonNull Map<String,Object>' against null
[WARNING] /Users/kgoderis/Development/openhab/git/openhab-core/bundles/org.openhab.core.ai.common/src/main/java/org/openhab/core/ai/common/actions/monitoring/GetAlertsAction.java:[107,33] Dead code
[WARNING] /Users/kgoderis/Development/openhab/git/openhab-core/bundles/org.openhab.core.ai.common/src/main/java/org/openhab/core/ai/common/actions/monitoring/GetAlertsAction.java:[186,18] The value of the local variable executionTime is not used
[WARNING] /Users/kgoderis/Development/openhab/git/openhab-core/bundles/org.openhab.core.ai.common/src/main/java/org/openhab/core/ai/common/actions/monitoring/GetLogConfigurationAction.java:[102,13] Redundant null check: comparing '@NonNull Map<String,Object>' against null
[WARNING] /Users/kgoderis/Development/openhab/git/openhab-core/bundles/org.openhab.core.ai.common/src/main/java/org/openhab/core/ai/common/actions/monitoring/GetLogConfigurationAction.java:[102,33] Dead code
[WARNING] /Users/kgoderis/Development/openhab/git/openhab-core/bundles/org.openhab.core.ai.common/src/main/java/org/openhab/core/ai/common/actions/monitoring/GetLogConfigurationAction.java:[155,18] The value of the local variable executionTime is not used
[WARNING] /Users/kgoderis/Development/openhab/git/openhab-core/bundles/org.openhab.core.ai.common/src/main/java/org/openhab/core/ai/common/actions/monitoring/GetLogConfigurationAction.java:[216,21] The value of the local variable filePattern is not used
[WARNING] /Users/kgoderis/Development/openhab/git/openhab-core/bundles/org.openhab.core.ai.common/src/main/java/org/openhab/core/ai/common/actions/monitoring/GetLogConfigurationAction.java:[217,21] The value of the local variable levelPattern is not used
[WARNING] /Users/kgoderis/Development/openhab/git/openhab-core/bundles/org.openhab.core.ai.common/src/main/java/org/openhab/core/ai/common/actions/monitoring/GetLogStatisticsAction.java:[110,13] Redundant null check: comparing '@NonNull Map<String,Object>' against null
[WARNING] /Users/kgoderis/Development/openhab/git/openhab-core/bundles/org.openhab.core.ai.common/src/main/java/org/openhab/core/ai/common/actions/monitoring/GetLogStatisticsAction.java:[110,33] Dead code
[WARNING] /Users/kgoderis/Development/openhab/git/openhab-core/bundles/org.openhab.core.ai.common/src/main/java/org/openhab/core/ai/common/actions/monitoring/GetLogStatisticsAction.java:[192,35] Potential null pointer access: This expression of type java.lang.Long may be null but requires auto-unboxing
[WARNING] /Users/kgoderis/Development/openhab/git/openhab-core/bundles/org.openhab.core.ai.common/src/main/java/org/openhab/core/ai/common/actions/monitoring/GetLogStatisticsAction.java:[193,36] Potential null pointer access: This expression of type java.lang.Long may be null but requires auto-unboxing
[WARNING] /Users/kgoderis/Development/openhab/git/openhab-core/bundles/org.openhab.core.ai.common/src/main/java/org/openhab/core/ai/common/actions/monitoring/GetLogStatisticsAction.java:[194,38] Potential null pointer access: This expression of type java.lang.Long may be null but requires auto-unboxing
[WARNING] /Users/kgoderis/Development/openhab/git/openhab-core/bundles/org.openhab.core.ai.common/src/main/java/org/openhab/core/ai/common/actions/monitoring/GetLogStatisticsAction.java:[199,21] Potential null pointer access: The variable fileLoggerCounts may be null at this location
[WARNING] /Users/kgoderis/Development/openhab/git/openhab-core/bundles/org.openhab.core.ai.common/src/main/java/org/openhab/core/ai/common/actions/monitoring/GetLogStatisticsAction.java:[204,21] Potential null pointer access: The variable fileErrorPatterns may be null at this location
[WARNING] /Users/kgoderis/Development/openhab/git/openhab-core/bundles/org.openhab.core.ai.common/src/main/java/org/openhab/core/ai/common/actions/monitoring/GetLogStatisticsAction.java:[210,21] Potential null pointer access: The variable fileHourlyDistribution may be null at this location
[WARNING] /Users/kgoderis/Development/openhab/git/openhab-core/bundles/org.openhab.core.ai.common/src/main/java/org/openhab/core/ai/common/actions/monitoring/GetLogStatisticsAction.java:[257,18] The value of the local variable executionTime is not used
[WARNING] /Users/kgoderis/Development/openhab/git/openhab-core/bundles/org.openhab.core.ai.common/src/main/java/org/openhab/core/ai/common/actions/monitoring/GetLogsAction.java:[111,13] Redundant null check: comparing '@NonNull Map<String,Object>' against null
[WARNING] /Users/kgoderis/Development/openhab/git/openhab-core/bundles/org.openhab.core.ai.common/src/main/java/org/openhab/core/ai/common/actions/monitoring/GetLogsAction.java:[111,33] Dead code
[WARNING] /Users/kgoderis/Development/openhab/git/openhab-core/bundles/org.openhab.core.ai.common/src/main/java/org/openhab/core/ai/common/actions/monitoring/GetLogsAction.java:[255,18] The value of the local variable executionTime is not used
[WARNING] /Users/kgoderis/Development/openhab/git/openhab-core/bundles/org.openhab.core.ai.common/src/main/java/org/openhab/core/ai/common/actions/monitoring/GetMonitoringMetricsAction.java:[109,13] Redundant null check: comparing '@NonNull Map<String,Object>' against null
[WARNING] /Users/kgoderis/Development/openhab/git/openhab-core/bundles/org.openhab.core.ai.common/src/main/java/org/openhab/core/ai/common/actions/monitoring/GetMonitoringMetricsAction.java:[109,33] Dead code
[WARNING] /Users/kgoderis/Development/openhab/git/openhab-core/bundles/org.openhab.core.ai.common/src/main/java/org/openhab/core/ai/common/actions/monitoring/GetMonitoringMetricsAction.java:[171,18] The value of the local variable executionTime is not used
[WARNING] /Users/kgoderis/Development/openhab/git/openhab-core/bundles/org.openhab.core.ai.common/src/main/java/org/openhab/core/ai/common/actions/monitoring/GetMonitoringMetricsAction.java:[237,54] The method getSystemCpuLoad() from the type com.sun.management.OperatingSystemMXBean is deprecated since version 14
[WARNING] /Users/kgoderis/Development/openhab/git/openhab-core/bundles/org.openhab.core.ai.common/src/main/java/org/openhab/core/ai/common/actions/monitoring/GetMonitoringMetricsAction.java:[238,60] The method getTotalPhysicalMemorySize() from the type com.sun.management.OperatingSystemMXBean is deprecated since version 14
[WARNING] /Users/kgoderis/Development/openhab/git/openhab-core/bundles/org.openhab.core.ai.common/src/main/java/org/openhab/core/ai/common/actions/monitoring/GetMonitoringMetricsAction.java:[239,59] The method getFreePhysicalMemorySize() from the type com.sun.management.OperatingSystemMXBean is deprecated since version 14
[WARNING] /Users/kgoderis/Development/openhab/git/openhab-core/bundles/org.openhab.core.ai.common/src/main/java/org/openhab/core/ai/common/actions/monitoring/LoggingMonitoringAction.java:[133,13] Redundant null check: comparing '@NonNull Map<String,Object>' against null
[WARNING] /Users/kgoderis/Development/openhab/git/openhab-core/bundles/org.openhab.core.ai.common/src/main/java/org/openhab/core/ai/common/actions/monitoring/LoggingMonitoringAction.java:[133,33] Dead code
[WARNING] /Users/kgoderis/Development/openhab/git/openhab-core/bundles/org.openhab.core.ai.common/src/main/java/org/openhab/core/ai/common/actions/monitoring/LoggingMonitoringAction.java:[172,50] Potential null pointer access: The variable action may be null at this location
[WARNING] /Users/kgoderis/Development/openhab/git/openhab-core/bundles/org.openhab.core.ai.common/src/main/java/org/openhab/core/ai/common/actions/monitoring/LoggingMonitoringAction.java:[192,18] The value of the local variable executionTime is not used
[WARNING] /Users/kgoderis/Development/openhab/git/openhab-core/bundles/org.openhab.core.ai.common/src/main/java/org/openhab/core/ai/common/actions/monitoring/LoggingMonitoringAction.java:[331,17] The value of the local variable includeStackTrace is not used
[WARNING] /Users/kgoderis/Development/openhab/git/openhab-core/bundles/org.openhab.core.ai.common/src/main/java/org/openhab/core/ai/common/actions/monitoring/LoggingMonitoringAction.java:[395,54] The method getSystemCpuLoad() from the type com.sun.management.OperatingSystemMXBean is deprecated since version 14
[WARNING] /Users/kgoderis/Development/openhab/git/openhab-core/bundles/org.openhab.core.ai.common/src/main/java/org/openhab/core/ai/common/actions/monitoring/LoggingMonitoringAction.java:[396,60] The method getTotalPhysicalMemorySize() from the type com.sun.management.OperatingSystemMXBean is deprecated since version 14
[WARNING] /Users/kgoderis/Development/openhab/git/openhab-core/bundles/org.openhab.core.ai.common/src/main/java/org/openhab/core/ai/common/actions/monitoring/LoggingMonitoringAction.java:[397,59] The method getFreePhysicalMemorySize() from the type com.sun.management.OperatingSystemMXBean is deprecated since version 14
[WARNING] /Users/kgoderis/Development/openhab/git/openhab-core/bundles/org.openhab.core.ai.common/src/main/java/org/openhab/core/ai/common/actions/monitoring/RotateLogsAction.java:[112,13] Redundant null check: comparing '@NonNull Map<String,Object>' against null
[WARNING] /Users/kgoderis/Development/openhab/git/openhab-core/bundles/org.openhab.core.ai.common/src/main/java/org/openhab/core/ai/common/actions/monitoring/RotateLogsAction.java:[112,33] Dead code
[WARNING] /Users/kgoderis/Development/openhab/git/openhab-core/bundles/org.openhab.core.ai.common/src/main/java/org/openhab/core/ai/common/actions/monitoring/RotateLogsAction.java:[207,18] The value of the local variable executionTime is not used
[WARNING] /Users/kgoderis/Development/openhab/git/openhab-core/bundles/org.openhab.core.ai.common/src/main/java/org/openhab/core/ai/common/actions/monitoring/SearchLogsAction.java:[127,13] Redundant null check: comparing '@NonNull Map<String,Object>' against null
[WARNING] /Users/kgoderis/Development/openhab/git/openhab-core/bundles/org.openhab.core.ai.common/src/main/java/org/openhab/core/ai/common/actions/monitoring/SearchLogsAction.java:[127,33] Dead code
[WARNING] /Users/kgoderis/Development/openhab/git/openhab-core/bundles/org.openhab.core.ai.common/src/main/java/org/openhab/core/ai/common/actions/monitoring/SearchLogsAction.java:[264,18] The value of the local variable executionTime is not used
[WARNING] /Users/kgoderis/Development/openhab/git/openhab-core/bundles/org.openhab.core.ai.common/src/main/java/org/openhab/core/ai/common/actions/monitoring/SearchLogsAction.java:[374,34] Potential null pointer access: The variable t1 may be null at this location
[WARNING] /Users/kgoderis/Development/openhab/git/openhab-core/bundles/org.openhab.core.ai.common/src/main/java/org/openhab/core/ai/common/actions/monitoring/SearchLogsAction.java:[374,47] Null type mismatch: required 'java.lang.@NonNull String' but the provided value is inferred as @org.eclipse.jdt.annotation.Nullable
[WARNING] /Users/kgoderis/Development/openhab/git/openhab-core/bundles/org.openhab.core.ai.common/src/main/java/org/openhab/core/ai/common/actions/monitoring/SearchLogsAction.java:[379,34] Potential null pointer access: The variable f1 may be null at this location
[WARNING] /Users/kgoderis/Development/openhab/git/openhab-core/bundles/org.openhab.core.ai.common/src/main/java/org/openhab/core/ai/common/actions/monitoring/SearchLogsAction.java:[379,47] Null type mismatch: required 'java.lang.@NonNull String' but the provided value is inferred as @org.eclipse.jdt.annotation.Nullable
[WARNING] /Users/kgoderis/Development/openhab/git/openhab-core/bundles/org.openhab.core.ai.common/src/main/java/org/openhab/core/ai/common/actions/monitoring/SetLogConfigurationAction.java:[115,13] Redundant null check: comparing '@NonNull Map<String,Object>' against null
[WARNING] /Users/kgoderis/Development/openhab/git/openhab-core/bundles/org.openhab.core.ai.common/src/main/java/org/openhab/core/ai/common/actions/monitoring/SetLogConfigurationAction.java:[115,33] Dead code
[WARNING] /Users/kgoderis/Development/openhab/git/openhab-core/bundles/org.openhab.core.ai.common/src/main/java/org/openhab/core/ai/common/actions/monitoring/SetLogConfigurationAction.java:[204,21] Potential null pointer access: The variable action may be null at this location
[WARNING] /Users/kgoderis/Development/openhab/git/openhab-core/bundles/org.openhab.core.ai.common/src/main/java/org/openhab/core/ai/common/actions/monitoring/SetLogConfigurationAction.java:[251,18] The value of the local variable executionTime is not used
[WARNING] /Users/kgoderis/Development/openhab/git/openhab-core/bundles/org.openhab.core.ai.common/src/main/java/org/openhab/core/ai/common/actions/monitoring/SetLogConfigurationAction.java:[320,17] The value of the local variable loggerAdditivity is not used
[WARNING] /Users/kgoderis/Development/openhab/git/openhab-core/bundles/org.openhab.core.ai.common/src/main/java/org/openhab/core/ai/common/actions/monitoring/SetLogConfigurationAction.java:[347,29] The value of the local variable appenderConfig is not used
[WARNING] /Users/kgoderis/Development/openhab/git/openhab-core/bundles/org.openhab.core.ai.common/src/main/java/org/openhab/core/ai/common/actions/monitoring/SetLogConfigurationAction.java:[362,29] The value of the local variable appenderConfig is not used
[WARNING] /Users/kgoderis/Development/openhab/git/openhab-core/bundles/org.openhab.core.ai.common/src/main/java/org/openhab/core/ai/common/actions/monitoring/SetLogLevelAction.java:[98,13] Redundant null check: comparing '@NonNull Map<String,Object>' against null
[WARNING] /Users/kgoderis/Development/openhab/git/openhab-core/bundles/org.openhab.core.ai.common/src/main/java/org/openhab/core/ai/common/actions/monitoring/SetLogLevelAction.java:[98,33] Dead code
[WARNING] /Users/kgoderis/Development/openhab/git/openhab-core/bundles/org.openhab.core.ai.common/src/main/java/org/openhab/core/ai/common/actions/monitoring/SetLogLevelAction.java:[170,18] The value of the local variable executionTime is not used
[WARNING] /Users/kgoderis/Development/openhab/git/openhab-core/bundles/org.openhab.core.ai.common/src/main/java/org/openhab/core/ai/common/actions/network/GetNetworkConfigurationAction.java:[158,69] Null type mismatch: required 'java.lang.@NonNull String' but the provided value is inferred as @org.eclipse.jdt.annotation.Nullable
[WARNING] /Users/kgoderis/Development/openhab/git/openhab-core/bundles/org.openhab.core.ai.common/src/main/java/org/openhab/core/ai/common/actions/network/GetNetworkConfigurationAction.java:[223,21] Redundant null check: The variable specificInterface is specified as @NonNull
[WARNING] /Users/kgoderis/Development/openhab/git/openhab-core/bundles/org.openhab.core.ai.common/src/main/java/org/openhab/core/ai/common/actions/network/GetNetworkDevicesAction.java:[365,29] Potential null pointer access: The variable localDevices may be null at this location
[WARNING] /Users/kgoderis/Development/openhab/git/openhab-core/bundles/org.openhab.core.ai.common/src/main/java/org/openhab/core/ai/common/actions/network/GetNetworkDevicesAction.java:[372,35] Potential null pointer access: The variable capabilities may be null at this location
[WARNING] /Users/kgoderis/Development/openhab/git/openhab-core/bundles/org.openhab.core.ai.common/src/main/java/org/openhab/core/ai/common/actions/network/GetNetworkDevicesAction.java:[395,29] Potential null pointer access: The variable remoteDevices may be null at this location
[WARNING] /Users/kgoderis/Development/openhab/git/openhab-core/bundles/org.openhab.core.ai.common/src/main/java/org/openhab/core/ai/common/actions/network/GetNetworkDevicesAction.java:[420,29] Potential null pointer access: The variable localDevices may be null at this location
[WARNING] /Users/kgoderis/Development/openhab/git/openhab-core/bundles/org.openhab.core.ai.common/src/main/java/org/openhab/core/ai/common/actions/network/GetNetworkDevicesAction.java:[427,35] Potential null pointer access: The variable status may be null at this location
[WARNING] /Users/kgoderis/Development/openhab/git/openhab-core/bundles/org.openhab.core.ai.common/src/main/java/org/openhab/core/ai/common/actions/network/GetNetworkDevicesAction.java:[444,29] Potential null pointer access: The variable remoteDevices may be null at this location
[WARNING] /Users/kgoderis/Development/openhab/git/openhab-core/bundles/org.openhab.core.ai.common/src/main/java/org/openhab/core/ai/common/actions/network/GetNetworkDevicesAction.java:[475,28] Potential null pointer access: The variable localDevicesList may be null at this location
[WARNING] /Users/kgoderis/Development/openhab/git/openhab-core/bundles/org.openhab.core.ai.common/src/main/java/org/openhab/core/ai/common/actions/network/GetNetworkDevicesAction.java:[481,29] Potential null pointer access: The variable remoteDevicesList may be null at this location
[WARNING] /Users/kgoderis/Development/openhab/git/openhab-core/bundles/org.openhab.core.ai.common/src/main/java/org/openhab/core/ai/common/actions/network/GetNetworkInterfacesAction.java:[157,56] Null type mismatch: required 'java.lang.@NonNull String' but the provided value is inferred as @org.eclipse.jdt.annotation.Nullable
[WARNING] /Users/kgoderis/Development/openhab/git/openhab-core/bundles/org.openhab.core.ai.common/src/main/java/org/openhab/core/ai/common/actions/network/GetNetworkInterfacesAction.java:[206,21] Redundant null check: The variable specificInterface is specified as @NonNull
[WARNING] /Users/kgoderis/Development/openhab/git/openhab-core/bundles/org.openhab.core.ai.common/src/main/java/org/openhab/core/ai/common/actions/network/GetNetworkInterfacesAction.java:[322,17] Potential null pointer access: This expression of type java.lang.Boolean may be null but requires auto-unboxing
[WARNING] /Users/kgoderis/Development/openhab/git/openhab-core/bundles/org.openhab.core.ai.common/src/main/java/org/openhab/core/ai/common/actions/network/GetNetworkInterfacesAction.java:[325,17] Potential null pointer access: This expression of type java.lang.Boolean may be null but requires auto-unboxing
[WARNING] /Users/kgoderis/Development/openhab/git/openhab-core/bundles/org.openhab.core.ai.common/src/main/java/org/openhab/core/ai/common/actions/network/GetNetworkInterfacesAction.java:[328,17] Potential null pointer access: This expression of type java.lang.Boolean may be null but requires auto-unboxing
[WARNING] /Users/kgoderis/Development/openhab/git/openhab-core/bundles/org.openhab.core.ai.common/src/main/java/org/openhab/core/ai/common/actions/network/GetNetworkInterfacesAction.java:[331,17] Potential null pointer access: This expression of type java.lang.Boolean may be null but requires auto-unboxing
[WARNING] /Users/kgoderis/Development/openhab/git/openhab-core/bundles/org.openhab.core.ai.common/src/main/java/org/openhab/core/ai/common/actions/network/GetNetworkInterfacesAction.java:[334,17] Potential null pointer access: This expression of type java.lang.Boolean may be null but requires auto-unboxing
[WARNING] /Users/kgoderis/Development/openhab/git/openhab-core/bundles/org.openhab.core.ai.common/src/main/java/org/openhab/core/ai/common/actions/network/GetNetworkPortsAction.java:[178,21] Potential null pointer access: This expression of type java.lang.Boolean may be null but requires auto-unboxing
[WARNING] /Users/kgoderis/Development/openhab/git/openhab-core/bundles/org.openhab.core.ai.common/src/main/java/org/openhab/core/ai/common/actions/network/GetNetworkPortsAction.java:[260,35] Null type mismatch: required 'java.lang.@NonNull Object' but the provided value is inferred as @org.eclipse.jdt.annotation.Nullable
[WARNING] /Users/kgoderis/Development/openhab/git/openhab-core/bundles/org.openhab.core.ai.common/src/main/java/org/openhab/core/ai/common/actions/network/GetNetworkPortsAction.java:[473,31] Null type mismatch: required 'java.lang.@NonNull String' but the provided value is inferred as @org.eclipse.jdt.annotation.Nullable
[WARNING] /Users/kgoderis/Development/openhab/git/openhab-core/bundles/org.openhab.core.ai.common/src/main/java/org/openhab/core/ai/common/actions/network/GetNetworkProtocolsAction.java:[409,34] Potential null pointer access: The variable transportList may be null at this location
[WARNING] /Users/kgoderis/Development/openhab/git/openhab-core/bundles/org.openhab.core.ai.common/src/main/java/org/openhab/core/ai/common/actions/network/GetNetworkProtocolsAction.java:[417,36] Potential null pointer access: The variable applicationList may be null at this location
[WARNING] /Users/kgoderis/Development/openhab/git/openhab-core/bundles/org.openhab.core.ai.common/src/main/java/org/openhab/core/ai/common/actions/network/GetNetworkProtocolsAction.java:[424,33] Potential null pointer access: The variable securityList may be null at this location
[WARNING] /Users/kgoderis/Development/openhab/git/openhab-core/bundles/org.openhab.core.ai.common/src/main/java/org/openhab/core/ai/common/actions/network/GetNetworkRoutesAction.java:[305,27] Potential null pointer access: The variable localRoutesList may be null at this location
[WARNING] /Users/kgoderis/Development/openhab/git/openhab-core/bundles/org.openhab.core.ai.common/src/main/java/org/openhab/core/ai/common/actions/network/GetNetworkRoutesAction.java:[312,28] Potential null pointer access: The variable staticRoutesList may be null at this location
[WARNING] /Users/kgoderis/Development/openhab/git/openhab-core/bundles/org.openhab.core.ai.common/src/main/java/org/openhab/core/ai/common/actions/network/GetNetworkRoutesAction.java:[319,29] Potential null pointer access: The variable dynamicRoutesList may be null at this location
[WARNING] /Users/kgoderis/Development/openhab/git/openhab-core/bundles/org.openhab.core.ai.common/src/main/java/org/openhab/core/ai/common/actions/network/GetNetworkStatisticsAction.java:[158,69] Null type mismatch: required 'java.lang.@NonNull String' but the provided value is inferred as @org.eclipse.jdt.annotation.Nullable
[WARNING] /Users/kgoderis/Development/openhab/git/openhab-core/bundles/org.openhab.core.ai.common/src/main/java/org/openhab/core/ai/common/actions/network/GetNetworkStatisticsAction.java:[254,21] Redundant null check: The variable specificInterface is specified as @NonNull
[WARNING] /Users/kgoderis/Development/openhab/git/openhab-core/bundles/org.openhab.core.ai.common/src/main/java/org/openhab/core/ai/common/actions/network/ScanNetworkAction.java:[304,42] Null type mismatch: required 'java.lang.@NonNull Object' but the provided value is inferred as @org.eclipse.jdt.annotation.Nullable
[WARNING] /Users/kgoderis/Development/openhab/git/openhab-core/bundles/org.openhab.core.ai.common/src/main/java/org/openhab/core/ai/common/actions/network/ScanNetworkAction.java:[367,31] Null type mismatch: required 'java.lang.@NonNull String' but the provided value is inferred as @org.eclipse.jdt.annotation.Nullable
[WARNING] /Users/kgoderis/Development/openhab/git/openhab-core/bundles/org.openhab.core.ai.common/src/main/java/org/openhab/core/ai/common/actions/network/ScanNetworkAction.java:[375,28] Null type mismatch: required 'java.lang.@NonNull Integer' but the provided value is inferred as @org.eclipse.jdt.annotation.Nullable
[WARNING] /Users/kgoderis/Development/openhab/git/openhab-core/bundles/org.openhab.core.ai.common/src/main/java/org/openhab/core/ai/common/actions/network/TestConnectivityAction.java:[187,34] Type safety: Unchecked cast from java.lang.Object to java.util.List<java.util.Map<java.lang.String,java.lang.Object>>
[WARNING] /Users/kgoderis/Development/openhab/git/openhab-core/bundles/org.openhab.core.ai.common/src/main/java/org/openhab/core/ai/common/actions/network/TestConnectivityAction.java:[187,34] Null type mismatch: required 'java.util.@NonNull List<java.util.@NonNull Map<java.lang.@NonNull String,java.lang.@NonNull Object>>' but the provided value is inferred as @org.eclipse.jdt.annotation.Nullable
[WARNING] /Users/kgoderis/Development/openhab/git/openhab-core/bundles/org.openhab.core.ai.common/src/main/java/org/openhab/core/ai/common/actions/network/TestConnectivityAction.java:[255,41] Null type mismatch: required 'java.lang.@NonNull Object' but the provided value is inferred as @org.eclipse.jdt.annotation.Nullable
[WARNING] /Users/kgoderis/Development/openhab/git/openhab-core/bundles/org.openhab.core.ai.common/src/main/java/org/openhab/core/ai/common/actions/network/TestConnectivityAction.java:[287,45] Null type mismatch: required 'java.lang.@NonNull Object' but the provided value is inferred as @org.eclipse.jdt.annotation.Nullable
[WARNING] /Users/kgoderis/Development/openhab/git/openhab-core/bundles/org.openhab.core.ai.common/src/main/java/org/openhab/core/ai/common/actions/network/TestConnectivityAction.java:[320,41] Null type mismatch: required 'java.lang.@NonNull Object' but the provided value is inferred as @org.eclipse.jdt.annotation.Nullable
[WARNING] /Users/kgoderis/Development/openhab/git/openhab-core/bundles/org.openhab.core.ai.common/src/main/java/org/openhab/core/ai/common/actions/network/TestConnectivityAction.java:[345,13] Redundant null check: comparing '@NonNull List<@NonNull Map<@NonNull String,@NonNull Object>>' against null
[WARNING] /Users/kgoderis/Development/openhab/git/openhab-core/bundles/org.openhab.core.ai.common/src/main/java/org/openhab/core/ai/common/actions/network/TestConnectivityAction.java:[352,66] Redundant null check: comparing '@NonNull List<@NonNull Map<@NonNull String,@NonNull Object>>' against null
[WARNING] /Users/kgoderis/Development/openhab/git/openhab-core/bundles/org.openhab.core.ai.common/src/main/java/org/openhab/core/ai/common/actions/network/TestConnectivityAction.java:[354,20] Redundant null check: comparing '@NonNull List<@NonNull Map<@NonNull String,@NonNull Object>>' against null
[WARNING] /Users/kgoderis/Development/openhab/git/openhab-core/bundles/org.openhab.core.ai.common/src/main/java/org/openhab/core/ai/common/actions/persistence/BackupPersistenceAction.java:[172,60] Null type mismatch: required 'java.lang.@NonNull String' but the provided value is inferred as @org.eclipse.jdt.annotation.Nullable
[WARNING] /Users/kgoderis/Development/openhab/git/openhab-core/bundles/org.openhab.core.ai.common/src/main/java/org/openhab/core/ai/common/actions/persistence/BackupPersistenceAction.java:[173,63] Null type mismatch: required 'java.lang.@NonNull String' but the provided value is inferred as @org.eclipse.jdt.annotation.Nullable
[WARNING] /Users/kgoderis/Development/openhab/git/openhab-core/bundles/org.openhab.core.ai.common/src/main/java/org/openhab/core/ai/common/actions/persistence/BackupPersistenceAction.java:[224,13] Redundant null check: comparing '@NonNull String' against null
[WARNING] /Users/kgoderis/Development/openhab/git/openhab-core/bundles/org.openhab.core.ai.common/src/main/java/org/openhab/core/ai/common/actions/persistence/BackupPersistenceAction.java:[229,16] Dead code
[WARNING] /Users/kgoderis/Development/openhab/git/openhab-core/bundles/org.openhab.core.ai.common/src/main/java/org/openhab/core/ai/common/actions/persistence/BackupPersistenceAction.java:[245,34] Redundant null check: comparing '@NonNull String' against null
[WARNING] /Users/kgoderis/Development/openhab/git/openhab-core/bundles/org.openhab.core.ai.common/src/main/java/org/openhab/core/ai/common/actions/persistence/BackupPersistenceAction.java:[280,33] The method createAllServicesBackup(java.lang.String, boolean, boolean, boolean, boolean, boolean, java.lang.String) from the type org.openhab.core.ai.common.actions.persistence.BackupPersistenceAction is never used locally
[WARNING] /Users/kgoderis/Development/openhab/git/openhab-core/bundles/org.openhab.core.ai.common/src/main/java/org/openhab/core/ai/common/actions/persistence/BackupPersistenceAction.java:[287,34] Redundant null check: comparing '@NonNull String' against null
[WARNING] /Users/kgoderis/Development/openhab/git/openhab-core/bundles/org.openhab.core.ai.common/src/main/java/org/openhab/core/ai/common/actions/persistence/BackupPersistenceAction.java:[299,35] Null type mismatch: required 'java.util.@NonNull Collection<? extends java.lang.@NonNull String>' but the provided value is inferred as @org.eclipse.jdt.annotation.Nullable
[WARNING] /Users/kgoderis/Development/openhab/git/openhab-core/bundles/org.openhab.core.ai.common/src/main/java/org/openhab/core/ai/common/actions/persistence/BackupPersistenceAction.java:[398,42] Potential null pointer access: this expression has a '@Nullable' type
[WARNING] /Users/kgoderis/Development/openhab/git/openhab-core/bundles/org.openhab.core.ai.common/src/main/java/org/openhab/core/ai/common/actions/persistence/BackupPersistenceAction.java:[406,38] Redundant null check: comparing '@NonNull String' against null
[WARNING] /Users/kgoderis/Development/openhab/git/openhab-core/bundles/org.openhab.core.ai.common/src/main/java/org/openhab/core/ai/common/actions/persistence/BackupPersistenceAction.java:[419,21] Redundant null check: The variable configFile cannot be null at this location
[WARNING] /Users/kgoderis/Development/openhab/git/openhab-core/bundles/org.openhab.core.ai.common/src/main/java/org/openhab/core/ai/common/actions/persistence/BackupPersistenceAction.java:[427,21] Redundant null check: The variable dataFile cannot be null at this location
[WARNING] /Users/kgoderis/Development/openhab/git/openhab-core/bundles/org.openhab.core.ai.common/src/main/java/org/openhab/core/ai/common/actions/persistence/BackupPersistenceAction.java:[435,21] Redundant null check: The variable metadataFile cannot be null at this location
[WARNING] /Users/kgoderis/Development/openhab/git/openhab-core/bundles/org.openhab.core.ai.common/src/main/java/org/openhab/core/ai/common/actions/persistence/BackupPersistenceAction.java:[444,21] Redundant null check: The variable finalBackupFile cannot be null at this location
[WARNING] /Users/kgoderis/Development/openhab/git/openhab-core/bundles/org.openhab.core.ai.common/src/main/java/org/openhab/core/ai/common/actions/persistence/BackupPersistenceAction.java:[485,38] Redundant null check: comparing '@NonNull String' against null
[WARNING] /Users/kgoderis/Development/openhab/git/openhab-core/bundles/org.openhab.core.ai.common/src/main/java/org/openhab/core/ai/common/actions/persistence/BackupPersistenceAction.java:[489,47] Potential null pointer access: this expression has a '@Nullable' type
[WARNING] /Users/kgoderis/Development/openhab/git/openhab-core/bundles/org.openhab.core.ai.common/src/main/java/org/openhab/core/ai/common/actions/persistence/BackupPersistenceAction.java:[494,21] Potential null pointer access: This expression of type java.lang.Boolean may be null but requires auto-unboxing
[WARNING] /Users/kgoderis/Development/openhab/git/openhab-core/bundles/org.openhab.core.ai.common/src/main/java/org/openhab/core/ai/common/actions/persistence/BackupPersistenceAction.java:[497,43] Null type mismatch: required 'java.util.@NonNull Collection<? extends java.lang.@NonNull String>' but the provided value is inferred as @org.eclipse.jdt.annotation.Nullable
[WARNING] /Users/kgoderis/Development/openhab/git/openhab-core/bundles/org.openhab.core.ai.common/src/main/java/org/openhab/core/ai/common/actions/persistence/BackupPersistenceAction.java:[503,17] Redundant null check: The variable manifestFile cannot be null at this location
[WARNING] /Users/kgoderis/Development/openhab/git/openhab-core/bundles/org.openhab.core.ai.common/src/main/java/org/openhab/core/ai/common/actions/persistence/BackupPersistenceAction.java:[511,53] Redundant null check: The variable manifestFile cannot be null at this location
[WARNING] /Users/kgoderis/Development/openhab/git/openhab-core/bundles/org.openhab.core.ai.common/src/main/java/org/openhab/core/ai/common/actions/persistence/BackupPersistenceAction.java:[587,17] Redundant null check: comparing '@NonNull String' against null
[WARNING] /Users/kgoderis/Development/openhab/git/openhab-core/bundles/org.openhab.core.ai.common/src/main/java/org/openhab/core/ai/common/actions/persistence/CleanupPersistenceAction.java:[182,61] Null type mismatch: required 'java.lang.@NonNull String' but the provided value is inferred as @org.eclipse.jdt.annotation.Nullable
[WARNING] /Users/kgoderis/Development/openhab/git/openhab-core/bundles/org.openhab.core.ai.common/src/main/java/org/openhab/core/ai/common/actions/persistence/CleanupPersistenceAction.java:[182,72] Null type mismatch: required 'java.lang.@NonNull String' but the provided value is inferred as @org.eclipse.jdt.annotation.Nullable
[WARNING] /Users/kgoderis/Development/openhab/git/openhab-core/bundles/org.openhab.core.ai.common/src/main/java/org/openhab/core/ai/common/actions/persistence/CleanupPersistenceAction.java:[182,85] Null type mismatch: required 'java.lang.@NonNull String' but the provided value is inferred as @org.eclipse.jdt.annotation.Nullable
[WARNING] /Users/kgoderis/Development/openhab/git/openhab-core/bundles/org.openhab.core.ai.common/src/main/java/org/openhab/core/ai/common/actions/persistence/CleanupPersistenceAction.java:[245,38] Null type mismatch: required 'java.lang.@NonNull Object' but the provided value is inferred as @org.eclipse.jdt.annotation.Nullable
[WARNING] /Users/kgoderis/Development/openhab/git/openhab-core/bundles/org.openhab.core.ai.common/src/main/java/org/openhab/core/ai/common/actions/persistence/CleanupPersistenceAction.java:[260,33] The method performCleanup(java.lang.String, java.lang.String, java.lang.String, boolean) from the type org.openhab.core.ai.common.actions.persistence.CleanupPersistenceAction is never used locally
[WARNING] /Users/kgoderis/Development/openhab/git/openhab-core/bundles/org.openhab.core.ai.common/src/main/java/org/openhab/core/ai/common/actions/persistence/CleanupPersistenceAction.java:[379,30] Potential null pointer access: This expression of type java.lang.Integer may be null but requires auto-unboxing
[WARNING] /Users/kgoderis/Development/openhab/git/openhab-core/bundles/org.openhab.core.ai.common/src/main/java/org/openhab/core/ai/common/actions/persistence/CleanupPersistenceAction.java:[379,40] Potential null pointer access: The method get(Object) may return null
[WARNING] /Users/kgoderis/Development/openhab/git/openhab-core/bundles/org.openhab.core.ai.common/src/main/java/org/openhab/core/ai/common/actions/persistence/CleanupPersistenceAction.java:[380,19] Potential null pointer access: This expression of type java.lang.Integer may be null but requires auto-unboxing
[WARNING] /Users/kgoderis/Development/openhab/git/openhab-core/bundles/org.openhab.core.ai.common/src/main/java/org/openhab/core/ai/common/actions/persistence/CleanupPersistenceAction.java:[380,29] Potential null pointer access: The method get(Object) may return null
[WARNING] /Users/kgoderis/Development/openhab/git/openhab-core/bundles/org.openhab.core.ai.common/src/main/java/org/openhab/core/ai/common/actions/persistence/CleanupPersistenceAction.java:[381,19] Potential null pointer access: This expression of type java.lang.Integer may be null but requires auto-unboxing
[WARNING] /Users/kgoderis/Development/openhab/git/openhab-core/bundles/org.openhab.core.ai.common/src/main/java/org/openhab/core/ai/common/actions/persistence/CleanupPersistenceAction.java:[381,29] Potential null pointer access: The method get(Object) may return null
[WARNING] /Users/kgoderis/Development/openhab/git/openhab-core/bundles/org.openhab.core.ai.common/src/main/java/org/openhab/core/ai/common/actions/persistence/CleanupPersistenceAction.java:[381,73] Potential null pointer access: This expression of type java.lang.Integer may be null but requires auto-unboxing
[WARNING] /Users/kgoderis/Development/openhab/git/openhab-core/bundles/org.openhab.core.ai.common/src/main/java/org/openhab/core/ai/common/actions/persistence/CleanupPersistenceAction.java:[381,83] Potential null pointer access: The method get(Object) may return null
[WARNING] /Users/kgoderis/Development/openhab/git/openhab-core/bundles/org.openhab.core.ai.common/src/main/java/org/openhab/core/ai/common/actions/persistence/CleanupPersistenceAction.java:[383,28] Potential null pointer access: This expression of type java.lang.Integer may be null but requires auto-unboxing
[WARNING] /Users/kgoderis/Development/openhab/git/openhab-core/bundles/org.openhab.core.ai.common/src/main/java/org/openhab/core/ai/common/actions/persistence/CleanupPersistenceAction.java:[383,38] Potential null pointer access: The method get(Object) may return null
[WARNING] /Users/kgoderis/Development/openhab/git/openhab-core/bundles/org.openhab.core.ai.common/src/main/java/org/openhab/core/ai/common/actions/persistence/CleanupPersistenceAction.java:[384,19] Potential null pointer access: This expression of type java.lang.Integer may be null but requires auto-unboxing
[WARNING] /Users/kgoderis/Development/openhab/git/openhab-core/bundles/org.openhab.core.ai.common/src/main/java/org/openhab/core/ai/common/actions/persistence/CleanupPersistenceAction.java:[384,29] Potential null pointer access: The method get(Object) may return null
[WARNING] /Users/kgoderis/Development/openhab/git/openhab-core/bundles/org.openhab.core.ai.common/src/main/java/org/openhab/core/ai/common/actions/persistence/CleanupPersistenceAction.java:[384,71] Potential null pointer access: This expression of type java.lang.Integer may be null but requires auto-unboxing
[WARNING] /Users/kgoderis/Development/openhab/git/openhab-core/bundles/org.openhab.core.ai.common/src/main/java/org/openhab/core/ai/common/actions/persistence/CleanupPersistenceAction.java:[384,81] Potential null pointer access: The method get(Object) may return null
[WARNING] /Users/kgoderis/Development/openhab/git/openhab-core/bundles/org.openhab.core.ai.common/src/main/java/org/openhab/core/ai/common/actions/persistence/CleanupPersistenceAction.java:[385,19] Potential null pointer access: This expression of type java.lang.Integer may be null but requires auto-unboxing
[WARNING] /Users/kgoderis/Development/openhab/git/openhab-core/bundles/org.openhab.core.ai.common/src/main/java/org/openhab/core/ai/common/actions/persistence/CleanupPersistenceAction.java:[385,29] Potential null pointer access: The method get(Object) may return null
[WARNING] /Users/kgoderis/Development/openhab/git/openhab-core/bundles/org.openhab.core.ai.common/src/main/java/org/openhab/core/ai/common/actions/persistence/CleanupPersistenceAction.java:[415,42] Potential null pointer access: this expression has a '@Nullable' type
[WARNING] /Users/kgoderis/Development/openhab/git/openhab-core/bundles/org.openhab.core.ai.common/src/main/java/org/openhab/core/ai/common/actions/persistence/CleanupPersistenceAction.java:[518,17] Redundant null check: The variable dataDir cannot be null at this location
[WARNING] /Users/kgoderis/Development/openhab/git/openhab-core/bundles/org.openhab.core.ai.common/src/main/java/org/openhab/core/ai/common/actions/persistence/CleanupPersistenceAction.java:[679,34] Potential null pointer access: This expression of type java.lang.Integer may be null but requires auto-unboxing
[WARNING] /Users/kgoderis/Development/openhab/git/openhab-core/bundles/org.openhab.core.ai.common/src/main/java/org/openhab/core/ai/common/actions/persistence/CleanupPersistenceAction.java:[679,44] Potential null pointer access: The method get(Object) may return null
[WARNING] /Users/kgoderis/Development/openhab/git/openhab-core/bundles/org.openhab.core.ai.common/src/main/java/org/openhab/core/ai/common/actions/persistence/CleanupPersistenceAction.java:[680,23] Potential null pointer access: This expression of type java.lang.Integer may be null but requires auto-unboxing
[WARNING] /Users/kgoderis/Development/openhab/git/openhab-core/bundles/org.openhab.core.ai.common/src/main/java/org/openhab/core/ai/common/actions/persistence/CleanupPersistenceAction.java:[680,33] Potential null pointer access: The method get(Object) may return null
[WARNING] /Users/kgoderis/Development/openhab/git/openhab-core/bundles/org.openhab.core.ai.common/src/main/java/org/openhab/core/ai/common/actions/persistence/CleanupPersistenceAction.java:[680,72] Potential null pointer access: This expression of type java.lang.Integer may be null but requires auto-unboxing
[WARNING] /Users/kgoderis/Development/openhab/git/openhab-core/bundles/org.openhab.core.ai.common/src/main/java/org/openhab/core/ai/common/actions/persistence/CleanupPersistenceAction.java:[680,82] Potential null pointer access: The method get(Object) may return null
[WARNING] /Users/kgoderis/Development/openhab/git/openhab-core/bundles/org.openhab.core.ai.common/src/main/java/org/openhab/core/ai/common/actions/persistence/CleanupPersistenceAction.java:[681,23] Potential null pointer access: This expression of type java.lang.Integer may be null but requires auto-unboxing
[WARNING] /Users/kgoderis/Development/openhab/git/openhab-core/bundles/org.openhab.core.ai.common/src/main/java/org/openhab/core/ai/common/actions/persistence/CleanupPersistenceAction.java:[681,33] Potential null pointer access: The method get(Object) may return null
[WARNING] /Users/kgoderis/Development/openhab/git/openhab-core/bundles/org.openhab.core.ai.common/src/main/java/org/openhab/core/ai/common/actions/persistence/CleanupPersistenceAction.java:[683,32] Potential null pointer access: This expression of type java.lang.Integer may be null but requires auto-unboxing
[WARNING] /Users/kgoderis/Development/openhab/git/openhab-core/bundles/org.openhab.core.ai.common/src/main/java/org/openhab/core/ai/common/actions/persistence/CleanupPersistenceAction.java:[683,42] Potential null pointer access: The method get(Object) may return null
[WARNING] /Users/kgoderis/Development/openhab/git/openhab-core/bundles/org.openhab.core.ai.common/src/main/java/org/openhab/core/ai/common/actions/persistence/CleanupPersistenceAction.java:[684,23] Potential null pointer access: This expression of type java.lang.Integer may be null but requires auto-unboxing
[WARNING] /Users/kgoderis/Development/openhab/git/openhab-core/bundles/org.openhab.core.ai.common/src/main/java/org/openhab/core/ai/common/actions/persistence/CleanupPersistenceAction.java:[684,33] Potential null pointer access: The method get(Object) may return null
[WARNING] /Users/kgoderis/Development/openhab/git/openhab-core/bundles/org.openhab.core.ai.common/src/main/java/org/openhab/core/ai/common/actions/persistence/CleanupPersistenceAction.java:[684,70] Potential null pointer access: This expression of type java.lang.Integer may be null but requires auto-unboxing
[WARNING] /Users/kgoderis/Development/openhab/git/openhab-core/bundles/org.openhab.core.ai.common/src/main/java/org/openhab/core/ai/common/actions/persistence/CleanupPersistenceAction.java:[684,80] Potential null pointer access: The method get(Object) may return null
[WARNING] /Users/kgoderis/Development/openhab/git/openhab-core/bundles/org.openhab.core.ai.common/src/main/java/org/openhab/core/ai/common/actions/persistence/CleanupPersistenceAction.java:[685,23] Potential null pointer access: This expression of type java.lang.Integer may be null but requires auto-unboxing
[WARNING] /Users/kgoderis/Development/openhab/git/openhab-core/bundles/org.openhab.core.ai.common/src/main/java/org/openhab/core/ai/common/actions/persistence/CleanupPersistenceAction.java:[685,33] Potential null pointer access: The method get(Object) may return null
[WARNING] /Users/kgoderis/Development/openhab/git/openhab-core/bundles/org.openhab.core.ai.common/src/main/java/org/openhab/core/ai/common/actions/persistence/CleanupPersistenceAction.java:[688,47] Null type mismatch: required 'java.lang.@NonNull String' but the provided value is inferred as @org.eclipse.jdt.annotation.Nullable
[WARNING] /Users/kgoderis/Development/openhab/git/openhab-core/bundles/org.openhab.core.ai.common/src/main/java/org/openhab/core/ai/common/actions/persistence/CleanupPersistenceAction.java:[689,34] Null type mismatch: required 'java.lang.@NonNull String' but the provided value is inferred as @org.eclipse.jdt.annotation.Nullable
[WARNING] /Users/kgoderis/Development/openhab/git/openhab-core/bundles/org.openhab.core.ai.common/src/main/java/org/openhab/core/ai/common/actions/persistence/CleanupPersistenceAction.java:[690,34] Null type mismatch: required 'java.lang.@NonNull String' but the provided value is inferred as @org.eclipse.jdt.annotation.Nullable
[WARNING] /Users/kgoderis/Development/openhab/git/openhab-core/bundles/org.openhab.core.ai.common/src/main/java/org/openhab/core/ai/common/actions/persistence/CleanupPersistenceAction.java:[691,34] Null type mismatch: required 'java.lang.@NonNull String' but the provided value is inferred as @org.eclipse.jdt.annotation.Nullable
[WARNING] /Users/kgoderis/Development/openhab/git/openhab-core/bundles/org.openhab.core.ai.common/src/main/java/org/openhab/core/ai/common/actions/persistence/CleanupPersistenceAction.java:[719,34] Potential null pointer access: this expression has a '@Nullable' type
[WARNING] /Users/kgoderis/Development/openhab/git/openhab-core/bundles/org.openhab.core.ai.common/src/main/java/org/openhab/core/ai/common/actions/persistence/CleanupPersistenceAction.java:[734,20] Potential null pointer access: this expression has a '@Nullable' type
[WARNING] /Users/kgoderis/Development/openhab/git/openhab-core/bundles/org.openhab.core.ai.common/src/main/java/org/openhab/core/ai/common/actions/persistence/CleanupPersistenceAction.java:[742,17] Redundant null check: comparing '@NonNull String' against null
[WARNING] /Users/kgoderis/Development/openhab/git/openhab-core/bundles/org.openhab.core.ai.common/src/main/java/org/openhab/core/ai/common/actions/persistence/GetPersistenceConfigurationAction.java:[150,70] Null type mismatch: required 'java.lang.@NonNull String' but the provided value is inferred as @org.eclipse.jdt.annotation.Nullable
[WARNING] /Users/kgoderis/Development/openhab/git/openhab-core/bundles/org.openhab.core.ai.common/src/main/java/org/openhab/core/ai/common/actions/persistence/GetPersistenceConfigurationAction.java:[201,13] Redundant null check: comparing '@NonNull String' against null
[WARNING] /Users/kgoderis/Development/openhab/git/openhab-core/bundles/org.openhab.core.ai.common/src/main/java/org/openhab/core/ai/common/actions/persistence/GetPersistenceConfigurationAction.java:[206,16] Dead code
[WARNING] /Users/kgoderis/Development/openhab/git/openhab-core/bundles/org.openhab.core.ai.common/src/main/java/org/openhab/core/ai/common/actions/persistence/GetPersistenceConfigurationAction.java:[217,39] The method getAllServiceConfigurations(boolean, boolean, boolean, boolean) from the type org.openhab.core.ai.common.actions.persistence.GetPersistenceConfigurationAction is never used locally
[WARNING] /Users/kgoderis/Development/openhab/git/openhab-core/bundles/org.openhab.core.ai.common/src/main/java/org/openhab/core/ai/common/actions/persistence/GetPersistenceConfigurationAction.java:[480,47] Potential null pointer access: this expression has a '@Nullable' type
[WARNING] /Users/kgoderis/Development/openhab/git/openhab-core/bundles/org.openhab.core.ai.common/src/main/java/org/openhab/core/ai/common/actions/persistence/GetPersistenceConfigurationAction.java:[531,42] Potential null pointer access: this expression has a '@Nullable' type
[WARNING] /Users/kgoderis/Development/openhab/git/openhab-core/bundles/org.openhab.core.ai.common/src/main/java/org/openhab/core/ai/common/actions/persistence/GetPersistenceConfigurationAction.java:[544,56] The value of the local variable configurableService is not used
[WARNING] /Users/kgoderis/Development/openhab/git/openhab-core/bundles/org.openhab.core.ai.common/src/main/java/org/openhab/core/ai/common/actions/persistence/GetPersistenceDataAction.java:[204,61] Null type mismatch: required 'java.lang.@NonNull String' but the provided value is inferred as @org.eclipse.jdt.annotation.Nullable
[WARNING] /Users/kgoderis/Development/openhab/git/openhab-core/bundles/org.openhab.core.ai.common/src/main/java/org/openhab/core/ai/common/actions/persistence/GetPersistenceDataAction.java:[204,72] Null type mismatch: required 'java.lang.@NonNull String' but the provided value is inferred as @org.eclipse.jdt.annotation.Nullable
[WARNING] /Users/kgoderis/Development/openhab/git/openhab-core/bundles/org.openhab.core.ai.common/src/main/java/org/openhab/core/ai/common/actions/persistence/GetPersistenceDataAction.java:[204,82] Null type mismatch: required 'java.lang.@NonNull String' but the provided value is inferred as @org.eclipse.jdt.annotation.Nullable
[WARNING] /Users/kgoderis/Development/openhab/git/openhab-core/bundles/org.openhab.core.ai.common/src/main/java/org/openhab/core/ai/common/actions/persistence/GetPersistenceDataAction.java:[204,96] Null type mismatch: required 'java.lang.@NonNull String' but the provided value is inferred as @org.eclipse.jdt.annotation.Nullable
[WARNING] /Users/kgoderis/Development/openhab/git/openhab-core/bundles/org.openhab.core.ai.common/src/main/java/org/openhab/core/ai/common/actions/persistence/GetPersistenceDataAction.java:[205,21] Null type mismatch: required 'java.lang.@NonNull String' but the provided value is inferred as @org.eclipse.jdt.annotation.Nullable
[WARNING] /Users/kgoderis/Development/openhab/git/openhab-core/bundles/org.openhab.core.ai.common/src/main/java/org/openhab/core/ai/common/actions/persistence/GetPersistenceDataAction.java:[281,13] Redundant null check: comparing '@NonNull String' against null
[WARNING] /Users/kgoderis/Development/openhab/git/openhab-core/bundles/org.openhab.core.ai.common/src/main/java/org/openhab/core/ai/common/actions/persistence/GetPersistenceDataAction.java:[293,39] The method generateSimulatedDataPoints(java.lang.String, java.time.Instant, java.time.Instant, java.lang.String, java.lang.String, java.lang.Integer) from the type org.openhab.core.ai.common.actions.persistence.GetPersistenceDataAction is never used locally
[WARNING] /Users/kgoderis/Development/openhab/git/openhab-core/bundles/org.openhab.core.ai.common/src/main/java/org/openhab/core/ai/common/actions/persistence/GetPersistenceDataAction.java:[419,42] Potential null pointer access: this expression has a '@Nullable' type
[WARNING] /Users/kgoderis/Development/openhab/git/openhab-core/bundles/org.openhab.core.ai.common/src/main/java/org/openhab/core/ai/common/actions/persistence/GetPersistenceDataAction.java:[434,17] Redundant null check: comparing '@NonNull Instant' against null
[WARNING] /Users/kgoderis/Development/openhab/git/openhab-core/bundles/org.openhab.core.ai.common/src/main/java/org/openhab/core/ai/common/actions/persistence/GetPersistenceDataAction.java:[437,17] Redundant null check: comparing '@NonNull Instant' against null
[WARNING] /Users/kgoderis/Development/openhab/git/openhab-core/bundles/org.openhab.core.ai.common/src/main/java/org/openhab/core/ai/common/actions/persistence/GetPersistenceDataAction.java:[455,21] Redundant null check: The variable state cannot be null at this location
[WARNING] /Users/kgoderis/Development/openhab/git/openhab-core/bundles/org.openhab.core.ai.common/src/main/java/org/openhab/core/ai/common/actions/persistence/GetPersistenceDataAction.java:[469,24] Dead code
[WARNING] /Users/kgoderis/Development/openhab/git/openhab-core/bundles/org.openhab.core.ai.common/src/main/java/org/openhab/core/ai/common/actions/persistence/GetPersistenceDataAction.java:[481,21] Redundant null check: The variable limit is specified as @NonNull
[WARNING] /Users/kgoderis/Development/openhab/git/openhab-core/bundles/org.openhab.core.ai.common/src/main/java/org/openhab/core/ai/common/actions/persistence/GetPersistenceDataAction.java:[487,48] Redundant null check: comparing '@NonNull String' against null
[WARNING] /Users/kgoderis/Development/openhab/git/openhab-core/bundles/org.openhab.core.ai.common/src/main/java/org/openhab/core/ai/common/actions/persistence/GetPersistenceDataAction.java:[540,17] Potential null pointer access: The method computeIfAbsent(String, Function) may return null
[WARNING] /Users/kgoderis/Development/openhab/git/openhab-core/bundles/org.openhab.core.ai.common/src/main/java/org/openhab/core/ai/common/actions/persistence/GetPersistenceDataAction.java:[560,42] Redundant null check: The variable aggregatedValue cannot be null at this location
[WARNING] /Users/kgoderis/Development/openhab/git/openhab-core/bundles/org.openhab.core.ai.common/src/main/java/org/openhab/core/ai/common/actions/persistence/GetPersistenceDataAction.java:[561,42] Redundant null check: The variable aggregatedValue cannot be null at this location
[WARNING] /Users/kgoderis/Development/openhab/git/openhab-core/bundles/org.openhab.core.ai.common/src/main/java/org/openhab/core/ai/common/actions/persistence/GetPersistenceDataAction.java:[636,16] Potential null pointer access: this expression has a '@Nullable' type
[WARNING] /Users/kgoderis/Development/openhab/git/openhab-core/bundles/org.openhab.core.ai.common/src/main/java/org/openhab/core/ai/common/actions/persistence/GetPersistenceServiceAction.java:[165,64] Null type mismatch: required 'java.lang.@NonNull String' but the provided value is inferred as @org.eclipse.jdt.annotation.Nullable
[WARNING] /Users/kgoderis/Development/openhab/git/openhab-core/bundles/org.openhab.core.ai.common/src/main/java/org/openhab/core/ai/common/actions/persistence/GetPersistenceServiceAction.java:[222,13] Redundant null check: The variable service cannot be null at this location
[WARNING] /Users/kgoderis/Development/openhab/git/openhab-core/bundles/org.openhab.core.ai.common/src/main/java/org/openhab/core/ai/common/actions/persistence/GetPersistenceServiceAction.java:[225,16] Dead code
[WARNING] /Users/kgoderis/Development/openhab/git/openhab-core/bundles/org.openhab.core.ai.common/src/main/java/org/openhab/core/ai/common/actions/persistence/GetPersistenceServiceAction.java:[232,33] The method getSimulatedPersistenceService(java.lang.String, boolean, boolean, boolean, boolean, boolean) from the type org.openhab.core.ai.common.actions.persistence.GetPersistenceServiceAction is never used locally
[WARNING] /Users/kgoderis/Development/openhab/git/openhab-core/bundles/org.openhab.core.ai.common/src/main/java/org/openhab/core/ai/common/actions/persistence/GetPersistenceServiceAction.java:[513,53] Potential null pointer access: this expression has a '@Nullable' type
[WARNING] /Users/kgoderis/Development/openhab/git/openhab-core/bundles/org.openhab.core.ai.common/src/main/java/org/openhab/core/ai/common/actions/persistence/GetPersistenceStatisticsAction.java:[158,67] Null type mismatch: required 'java.lang.@NonNull String' but the provided value is inferred as @org.eclipse.jdt.annotation.Nullable
[WARNING] /Users/kgoderis/Development/openhab/git/openhab-core/bundles/org.openhab.core.ai.common/src/main/java/org/openhab/core/ai/common/actions/persistence/GetPersistenceStatisticsAction.java:[210,13] Redundant null check: comparing '@NonNull String' against null
[WARNING] /Users/kgoderis/Development/openhab/git/openhab-core/bundles/org.openhab.core.ai.common/src/main/java/org/openhab/core/ai/common/actions/persistence/GetPersistenceStatisticsAction.java:[215,16] Dead code
[WARNING] /Users/kgoderis/Development/openhab/git/openhab-core/bundles/org.openhab.core.ai.common/src/main/java/org/openhab/core/ai/common/actions/persistence/GetPersistenceStatisticsAction.java:[225,39] The method getAllServiceStatistics(boolean, boolean, boolean, boolean, java.lang.String) from the type org.openhab.core.ai.common.actions.persistence.GetPersistenceStatisticsAction is never used locally
[WARNING] /Users/kgoderis/Development/openhab/git/openhab-core/bundles/org.openhab.core.ai.common/src/main/java/org/openhab/core/ai/common/actions/persistence/GetPersistenceStatisticsAction.java:[469,29] Potential null pointer access: The variable statistics may be null at this location
[WARNING] /Users/kgoderis/Development/openhab/git/openhab-core/bundles/org.openhab.core.ai.common/src/main/java/org/openhab/core/ai/common/actions/persistence/GetPersistenceStatisticsAction.java:[543,47] Potential null pointer access: this expression has a '@Nullable' type
[WARNING] /Users/kgoderis/Development/openhab/git/openhab-core/bundles/org.openhab.core.ai.common/src/main/java/org/openhab/core/ai/common/actions/persistence/GetPersistenceStatisticsAction.java:[594,42] Potential null pointer access: this expression has a '@Nullable' type
[WARNING] /Users/kgoderis/Development/openhab/git/openhab-core/bundles/org.openhab.core.ai.common/src/main/java/org/openhab/core/ai/common/actions/persistence/ListPersistenceServicesAction.java:[226,39] The method getSimulatedPersistenceServices(boolean, boolean, boolean) from the type org.openhab.core.ai.common.actions.persistence.ListPersistenceServicesAction is never used locally
[WARNING] /Users/kgoderis/Development/openhab/git/openhab-core/bundles/org.openhab.core.ai.common/src/main/java/org/openhab/core/ai/common/actions/persistence/ListPersistenceServicesAction.java:[381,47] Potential null pointer access: this expression has a '@Nullable' type
[WARNING] /Users/kgoderis/Development/openhab/git/openhab-core/bundles/org.openhab.core.ai.common/src/main/java/org/openhab/core/ai/common/actions/persistence/PersistenceAction.java:[112,50] Potential null pointer access: The variable action may be null at this location
[WARNING] /Users/kgoderis/Development/openhab/git/openhab-core/bundles/org.openhab.core.ai.common/src/main/java/org/openhab/core/ai/common/actions/persistence/PersistenceAction.java:[122,18] The value of the local variable executionTime is not used
[WARNING] /Users/kgoderis/Development/openhab/git/openhab-core/bundles/org.openhab.core.ai.common/src/main/java/org/openhab/core/ai/common/actions/persistence/QueryPersistenceAction.java:[146,22] The value of the local variable warnings is not used
[WARNING] /Users/kgoderis/Development/openhab/git/openhab-core/bundles/org.openhab.core.ai.common/src/main/java/org/openhab/core/ai/common/actions/persistence/QueryPersistenceAction.java:[164,37] Null type mismatch: required 'java.lang.@NonNull CharSequence' but the provided value is inferred as @org.eclipse.jdt.annotation.Nullable
[WARNING] /Users/kgoderis/Development/openhab/git/openhab-core/bundles/org.openhab.core.ai.common/src/main/java/org/openhab/core/ai/common/actions/persistence/QueryPersistenceAction.java:[172,37] Null type mismatch: required 'java.lang.@NonNull CharSequence' but the provided value is inferred as @org.eclipse.jdt.annotation.Nullable
[WARNING] /Users/kgoderis/Development/openhab/git/openhab-core/bundles/org.openhab.core.ai.common/src/main/java/org/openhab/core/ai/common/actions/persistence/QueryPersistenceAction.java:[228,69] Potential null pointer access: The method get(Object) may return null
[WARNING] /Users/kgoderis/Development/openhab/git/openhab-core/bundles/org.openhab.core.ai.common/src/main/java/org/openhab/core/ai/common/actions/persistence/QueryPersistenceAction.java:[229,71] Potential null pointer access: The method get(Object) may return null
[WARNING] /Users/kgoderis/Development/openhab/git/openhab-core/bundles/org.openhab.core.ai.common/src/main/java/org/openhab/core/ai/common/actions/persistence/QueryPersistenceAction.java:[247,21] Redundant null check: The variable aggregationFunction cannot be null at this location
[WARNING] /Users/kgoderis/Development/openhab/git/openhab-core/bundles/org.openhab.core.ai.common/src/main/java/org/openhab/core/ai/common/actions/persistence/QueryPersistenceAction.java:[249,21] Redundant null check: The variable orderBy cannot be null at this location
[WARNING] /Users/kgoderis/Development/openhab/git/openhab-core/bundles/org.openhab.core.ai.common/src/main/java/org/openhab/core/ai/common/actions/persistence/QueryPersistenceAction.java:[249,62] Redundant null check: The variable orderDirection cannot be null at this location
[WARNING] /Users/kgoderis/Development/openhab/git/openhab-core/bundles/org.openhab.core.ai.common/src/main/java/org/openhab/core/ai/common/actions/persistence/QueryPersistenceAction.java:[302,33] Redundant null check: comparing '@NonNull String' against null
[WARNING] /Users/kgoderis/Development/openhab/git/openhab-core/bundles/org.openhab.core.ai.common/src/main/java/org/openhab/core/ai/common/actions/persistence/QueryPersistenceAction.java:[303,32] Redundant null check: comparing '@NonNull String' against null
[WARNING] /Users/kgoderis/Development/openhab/git/openhab-core/bundles/org.openhab.core.ai.common/src/main/java/org/openhab/core/ai/common/actions/persistence/QueryPersistenceAction.java:[308,41] Redundant null check: comparing '@NonNull String' against null
[WARNING] /Users/kgoderis/Development/openhab/git/openhab-core/bundles/org.openhab.core.ai.common/src/main/java/org/openhab/core/ai/common/actions/persistence/QueryPersistenceAction.java:[314,29] Redundant null check: comparing '@NonNull String' against null
[WARNING] /Users/kgoderis/Development/openhab/git/openhab-core/bundles/org.openhab.core.ai.common/src/main/java/org/openhab/core/ai/common/actions/persistence/QueryPersistenceAction.java:[316,36] Redundant null check: comparing '@NonNull String' against null
[WARNING] /Users/kgoderis/Development/openhab/git/openhab-core/bundles/org.openhab.core.ai.common/src/main/java/org/openhab/core/ai/common/actions/persistence/QueryPersistenceAction.java:[331,42] Potential null pointer access: this expression has a '@Nullable' type
[WARNING] /Users/kgoderis/Development/openhab/git/openhab-core/bundles/org.openhab.core.ai.common/src/main/java/org/openhab/core/ai/common/actions/persistence/QueryPersistenceAction.java:[373,16] Potential null pointer access: this expression has a '@Nullable' type
[WARNING] /Users/kgoderis/Development/openhab/git/openhab-core/bundles/org.openhab.core.ai.common/src/main/java/org/openhab/core/ai/common/actions/persistence/QueryPersistenceAction.java:[417,21] Redundant null check: The variable state cannot be null at this location
[WARNING] /Users/kgoderis/Development/openhab/git/openhab-core/bundles/org.openhab.core.ai.common/src/main/java/org/openhab/core/ai/common/actions/persistence/QueryPersistenceAction.java:[430,24] Dead code
[WARNING] /Users/kgoderis/Development/openhab/git/openhab-core/bundles/org.openhab.core.ai.common/src/main/java/org/openhab/core/ai/common/actions/persistence/QueryPersistenceAction.java:[519,17] Potential null pointer access: The method computeIfAbsent(String, Function) may return null
[WARNING] /Users/kgoderis/Development/openhab/git/openhab-core/bundles/org.openhab.core.ai.common/src/main/java/org/openhab/core/ai/common/actions/persistence/QueryPersistenceAction.java:[611,20] The method generateSimulatedValue(java.lang.String, java.time.ZonedDateTime) from the type org.openhab.core.ai.common.actions.persistence.QueryPersistenceAction is never used locally
[WARNING] /Users/kgoderis/Development/openhab/git/openhab-core/bundles/org.openhab.core.ai.common/src/main/java/org/openhab/core/ai/common/actions/persistence/QueryPersistenceAction.java:[638,39] The method applyAggregation(java.util.List<java.util.Map<java.lang.String,java.lang.Object>>, java.lang.String, java.lang.String) from the type org.openhab.core.ai.common.actions.persistence.QueryPersistenceAction is never used locally
[WARNING] /Users/kgoderis/Development/openhab/git/openhab-core/bundles/org.openhab.core.ai.common/src/main/java/org/openhab/core/ai/common/actions/persistence/QueryPersistenceAction.java:[654,30] Potential null pointer access: The variable timestamp may be null at this location
[WARNING] /Users/kgoderis/Development/openhab/git/openhab-core/bundles/org.openhab.core.ai.common/src/main/java/org/openhab/core/ai/common/actions/persistence/QueryPersistenceAction.java:[655,13] Potential null pointer access: The method computeIfAbsent(String, Function) may return null
[WARNING] /Users/kgoderis/Development/openhab/git/openhab-core/bundles/org.openhab.core.ai.common/src/main/java/org/openhab/core/ai/common/actions/persistence/QueryPersistenceAction.java:[655,74] Null type mismatch: required 'java.lang.@NonNull Object' but the provided value is inferred as @org.eclipse.jdt.annotation.Nullable
[WARNING] /Users/kgoderis/Development/openhab/git/openhab-core/bundles/org.openhab.core.ai.common/src/main/java/org/openhab/core/ai/common/actions/persistence/QueryPersistenceAction.java:[686,51] Redundant null check: comparing '@NonNull Object' against null
[WARNING] /Users/kgoderis/Development/openhab/git/openhab-core/bundles/org.openhab.core.ai.common/src/main/java/org/openhab/core/ai/common/actions/persistence/QueryPersistenceAction.java:[690,51] Redundant null check: The variable lastValue cannot be null at this location
[WARNING] /Users/kgoderis/Development/openhab/git/openhab-core/bundles/org.openhab.core.ai.common/src/main/java/org/openhab/core/ai/common/actions/persistence/QueryPersistenceAction.java:[693,51] Redundant null check: comparing '@NonNull Object' against null
[WARNING] /Users/kgoderis/Development/openhab/git/openhab-core/bundles/org.openhab.core.ai.common/src/main/java/org/openhab/core/ai/common/actions/persistence/RestorePersistenceAction.java:[162,47] Null type mismatch: required 'java.lang.@NonNull CharSequence' but the provided value is inferred as @org.eclipse.jdt.annotation.Nullable
[WARNING] /Users/kgoderis/Development/openhab/git/openhab-core/bundles/org.openhab.core.ai.common/src/main/java/org/openhab/core/ai/common/actions/persistence/RestorePersistenceAction.java:[170,47] Null type mismatch: required 'java.lang.@NonNull CharSequence' but the provided value is inferred as @org.eclipse.jdt.annotation.Nullable
[WARNING] /Users/kgoderis/Development/openhab/git/openhab-core/bundles/org.openhab.core.ai.common/src/main/java/org/openhab/core/ai/common/actions/persistence/RestorePersistenceAction.java:[236,17] Redundant null check: The variable startTimeStr cannot be null at this location
[WARNING] /Users/kgoderis/Development/openhab/git/openhab-core/bundles/org.openhab.core.ai.common/src/main/java/org/openhab/core/ai/common/actions/persistence/RestorePersistenceAction.java:[239,17] Redundant null check: The variable endTimeStr cannot be null at this location
[WARNING] /Users/kgoderis/Development/openhab/git/openhab-core/bundles/org.openhab.core.ai.common/src/main/java/org/openhab/core/ai/common/actions/persistence/RestorePersistenceAction.java:[244,65] Null type mismatch: required 'java.lang.@NonNull String' but the provided value is inferred as @org.eclipse.jdt.annotation.Nullable
[WARNING] /Users/kgoderis/Development/openhab/git/openhab-core/bundles/org.openhab.core.ai.common/src/main/java/org/openhab/core/ai/common/actions/persistence/RestorePersistenceAction.java:[244,77] Null type mismatch: required 'java.lang.@NonNull String' but the provided value is inferred as @org.eclipse.jdt.annotation.Nullable
[WARNING] /Users/kgoderis/Development/openhab/git/openhab-core/bundles/org.openhab.core.ai.common/src/main/java/org/openhab/core/ai/common/actions/persistence/RestorePersistenceAction.java:[244,88] Null type mismatch: required 'java.util.@NonNull List<java.lang.@NonNull String>' but the provided value is inferred as @org.eclipse.jdt.annotation.Nullable
[WARNING] /Users/kgoderis/Development/openhab/git/openhab-core/bundles/org.openhab.core.ai.common/src/main/java/org/openhab/core/ai/common/actions/persistence/RestorePersistenceAction.java:[361,21] The method validateBackupFile(java.lang.String) from the type org.openhab.core.ai.common.actions.persistence.RestorePersistenceAction is never used locally
[WARNING] /Users/kgoderis/Development/openhab/git/openhab-core/bundles/org.openhab.core.ai.common/src/main/java/org/openhab/core/ai/common/actions/persistence/RestorePersistenceAction.java:[366,13] Redundant null check: comparing '@NonNull String' against null
[WARNING] /Users/kgoderis/Development/openhab/git/openhab-core/bundles/org.openhab.core.ai.common/src/main/java/org/openhab/core/ai/common/actions/persistence/RestorePersistenceAction.java:[385,20] The method createPreRestoreBackup(java.lang.String) from the type org.openhab.core.ai.common.actions.persistence.RestorePersistenceAction is never used locally
[WARNING] /Users/kgoderis/Development/openhab/git/openhab-core/bundles/org.openhab.core.ai.common/src/main/java/org/openhab/core/ai/common/actions/persistence/RestorePersistenceAction.java:[392,26] The method performFullRestore(java.lang.String, java.lang.String, boolean) from the type org.openhab.core.ai.common.actions.persistence.RestorePersistenceAction is never used locally
[WARNING] /Users/kgoderis/Development/openhab/git/openhab-core/bundles/org.openhab.core.ai.common/src/main/java/org/openhab/core/ai/common/actions/persistence/RestorePersistenceAction.java:[411,26] The method performIncrementalRestore(java.lang.String, java.lang.String, java.time.ZonedDateTime, java.time.ZonedDateTime, boolean) from the type org.openhab.core.ai.common.actions.persistence.RestorePersistenceAction is never used locally
[WARNING] /Users/kgoderis/Development/openhab/git/openhab-core/bundles/org.openhab.core.ai.common/src/main/java/org/openhab/core/ai/common/actions/persistence/RestorePersistenceAction.java:[424,26] The method performSelectiveRestore(java.lang.String, java.lang.String, java.util.List<java.lang.String>, java.time.ZonedDateTime, java.time.ZonedDateTime, boolean) from the type org.openhab.core.ai.common.actions.persistence.RestorePersistenceAction is never used locally
[WARNING] /Users/kgoderis/Development/openhab/git/openhab-core/bundles/org.openhab.core.ai.common/src/main/java/org/openhab/core/ai/common/actions/persistence/RestorePersistenceAction.java:[446,21] The method validateRestore(java.lang.String, java.util.List<java.lang.String>) from the type org.openhab.core.ai.common.actions.persistence.RestorePersistenceAction is never used locally
[WARNING] /Users/kgoderis/Development/openhab/git/openhab-core/bundles/org.openhab.core.ai.common/src/main/java/org/openhab/core/ai/common/actions/persistence/RestorePersistenceAction.java:[456,13] Redundant null check: comparing '@NonNull String' against null
[WARNING] /Users/kgoderis/Development/openhab/git/openhab-core/bundles/org.openhab.core.ai.common/src/main/java/org/openhab/core/ai/common/actions/persistence/RestorePersistenceAction.java:[462,17] Null comparison always yields false: The variable item cannot be null at this location
[WARNING] /Users/kgoderis/Development/openhab/git/openhab-core/bundles/org.openhab.core.ai.common/src/main/java/org/openhab/core/ai/common/actions/persistence/RestorePersistenceAction.java:[475,17] Redundant null check: comparing '@NonNull String' against null
[WARNING] /Users/kgoderis/Development/openhab/git/openhab-core/bundles/org.openhab.core.ai.common/src/main/java/org/openhab/core/ai/common/actions/persistence/RestorePersistenceAction.java:[516,42] Potential null pointer access: this expression has a '@Nullable' type
[WARNING] /Users/kgoderis/Development/openhab/git/openhab-core/bundles/org.openhab.core.ai.common/src/main/java/org/openhab/core/ai/common/actions/persistence/RestorePersistenceAction.java:[557,42] Potential null pointer access: this expression has a '@Nullable' type
[WARNING] /Users/kgoderis/Development/openhab/git/openhab-core/bundles/org.openhab.core.ai.common/src/main/java/org/openhab/core/ai/common/actions/persistence/RestorePersistenceAction.java:[569,21] Redundant null check: The variable itemName cannot be null at this location
[WARNING] /Users/kgoderis/Development/openhab/git/openhab-core/bundles/org.openhab.core.ai.common/src/main/java/org/openhab/core/ai/common/actions/persistence/RestorePersistenceAction.java:[596,42] Potential null pointer access: this expression has a '@Nullable' type
[WARNING] /Users/kgoderis/Development/openhab/git/openhab-core/bundles/org.openhab.core.ai.common/src/main/java/org/openhab/core/ai/common/actions/persistence/RestorePersistenceAction.java:[609,25] Redundant null check: The variable itemName cannot be null at this location
[WARNING] /Users/kgoderis/Development/openhab/git/openhab-core/bundles/org.openhab.core.ai.common/src/main/java/org/openhab/core/ai/common/actions/persistence/RestorePersistenceAction.java:[638,42] Potential null pointer access: this expression has a '@Nullable' type
[WARNING] /Users/kgoderis/Development/openhab/git/openhab-core/bundles/org.openhab.core.ai.common/src/main/java/org/openhab/core/ai/common/actions/persistence/RestorePersistenceAction.java:[650,21] Redundant null check: The variable itemName cannot be null at this location
[WARNING] /Users/kgoderis/Development/openhab/git/openhab-core/bundles/org.openhab.core.ai.common/src/main/java/org/openhab/core/ai/common/actions/persistence/RestorePersistenceAction.java:[690,42] Potential null pointer access: this expression has a '@Nullable' type
[WARNING] /Users/kgoderis/Development/openhab/git/openhab-core/bundles/org.openhab.core.ai.common/src/main/java/org/openhab/core/ai/common/actions/persistence/RestorePersistenceAction.java:[774,25] Redundant null check: comparing '@NonNull ZonedDateTime' against null
[WARNING] /Users/kgoderis/Development/openhab/git/openhab-core/bundles/org.openhab.core.ai.common/src/main/java/org/openhab/core/ai/common/actions/persistence/RestorePersistenceAction.java:[775,29] Redundant null check: comparing '@NonNull ZonedDateTime' against null
[WARNING] /Users/kgoderis/Development/openhab/git/openhab-core/bundles/org.openhab.core.ai.common/src/main/java/org/openhab/core/ai/common/actions/persistence/RestorePersistenceAction.java:[791,20] Potential null pointer access: this expression has a '@Nullable' type
[WARNING] /Users/kgoderis/Development/openhab/git/openhab-core/bundles/org.openhab.core.ai.common/src/main/java/org/openhab/core/ai/common/actions/persistence/SetPersistenceConfigurationAction.java:[165,70] Null type mismatch: required 'java.lang.@NonNull String' but the provided value is inferred as @org.eclipse.jdt.annotation.Nullable
[WARNING] /Users/kgoderis/Development/openhab/git/openhab-core/bundles/org.openhab.core.ai.common/src/main/java/org/openhab/core/ai/common/actions/persistence/SetPersistenceConfigurationAction.java:[165,81] Null type mismatch: required 'java.util.@NonNull Map<java.lang.@NonNull String,java.lang.@NonNull Object>' but the provided value is inferred as @org.eclipse.jdt.annotation.Nullable
[WARNING] /Users/kgoderis/Development/openhab/git/openhab-core/bundles/org.openhab.core.ai.common/src/main/java/org/openhab/core/ai/common/actions/persistence/SetPersistenceConfigurationAction.java:[246,38] Null type mismatch: required 'java.lang.@NonNull Object' but the provided value is inferred as @org.eclipse.jdt.annotation.Nullable
[WARNING] /Users/kgoderis/Development/openhab/git/openhab-core/bundles/org.openhab.core.ai.common/src/main/java/org/openhab/core/ai/common/actions/persistence/SetPersistenceConfigurationAction.java:[383,26] The method applyConfigurationChanges(java.lang.String, java.util.Map<java.lang.String,java.lang.Object>) from the type org.openhab.core.ai.common.actions.persistence.SetPersistenceConfigurationAction is never used locally
[WARNING] /Users/kgoderis/Development/openhab/git/openhab-core/bundles/org.openhab.core.ai.common/src/main/java/org/openhab/core/ai/common/actions/persistence/SetPersistenceConfigurationAction.java:[417,42] Potential null pointer access: this expression has a '@Nullable' type
[WARNING] /Users/kgoderis/Development/openhab/git/openhab-core/bundles/org.openhab.core.ai.common/src/main/java/org/openhab/core/ai/common/actions/persistence/SetPersistenceConfigurationAction.java:[479,24] Redundant null check: comparing '@NonNull Object' against null
[WARNING] /Users/kgoderis/Development/openhab/git/openhab-core/bundles/org.openhab.core.ai.common/src/main/java/org/openhab/core/ai/common/actions/resources/ResourceManagementAction.java:[103,13] Redundant null check: comparing '@NonNull Map<String,Object>' against null
[WARNING] /Users/kgoderis/Development/openhab/git/openhab-core/bundles/org.openhab.core.ai.common/src/main/java/org/openhab/core/ai/common/actions/resources/ResourceManagementAction.java:[143,50] Potential null pointer access: The variable operation may be null at this location
[WARNING] /Users/kgoderis/Development/openhab/git/openhab-core/bundles/org.openhab.core.ai.common/src/main/java/org/openhab/core/ai/common/actions/resources/ResourceManagementAction.java:[158,18] The value of the local variable executionTime is not used
[WARNING] /Users/kgoderis/Development/openhab/git/openhab-core/bundles/org.openhab.core.ai.common/src/main/java/org/openhab/core/ai/common/actions/resources/ResourceManagementAction.java:[241,45] Null type mismatch: required 'java.io.@NonNull Serializable' but the provided value is inferred as @org.eclipse.jdt.annotation.Nullable
[WARNING] /Users/kgoderis/Development/openhab/git/openhab-core/bundles/org.openhab.core.ai.common/src/main/java/org/openhab/core/ai/common/actions/resources/ResourceManagementAction.java:[241,65] Null type mismatch: required 'java.io.@NonNull Serializable' but the provided value is inferred as @org.eclipse.jdt.annotation.Nullable
[WARNING] /Users/kgoderis/Development/openhab/git/openhab-core/bundles/org.openhab.core.ai.common/src/main/java/org/openhab/core/ai/common/actions/rules/BulkRuleOperationsAction.java:[113,13] Redundant null check: comparing '@NonNull Map<String,Object>' against null
[WARNING] /Users/kgoderis/Development/openhab/git/openhab-core/bundles/org.openhab.core.ai.common/src/main/java/org/openhab/core/ai/common/actions/rules/BulkRuleOperationsAction.java:[113,33] Dead code
[WARNING] /Users/kgoderis/Development/openhab/git/openhab-core/bundles/org.openhab.core.ai.common/src/main/java/org/openhab/core/ai/common/actions/rules/BulkRuleOperationsAction.java:[236,35] Potential null pointer access: The method getName() may return null
[WARNING] /Users/kgoderis/Development/openhab/git/openhab-core/bundles/org.openhab.core.ai.common/src/main/java/org/openhab/core/ai/common/actions/rules/BulkRuleOperationsAction.java:[237,74] Potential null pointer access: The method getDescription() may return null
[WARNING] /Users/kgoderis/Development/openhab/git/openhab-core/bundles/org.openhab.core.ai.common/src/main/java/org/openhab/core/ai/common/actions/rules/CreateRuleAction.java:[150,38] Null type mismatch: required 'java.lang.@NonNull String' but the provided value is inferred as @org.eclipse.jdt.annotation.Nullable
[WARNING] /Users/kgoderis/Development/openhab/git/openhab-core/bundles/org.openhab.core.ai.common/src/main/java/org/openhab/core/ai/common/actions/rules/CreateRuleAction.java:[202,40] Null type mismatch: required 'java.lang.@NonNull String' but the provided value is inferred as @org.eclipse.jdt.annotation.Nullable
[WARNING] /Users/kgoderis/Development/openhab/git/openhab-core/bundles/org.openhab.core.ai.common/src/main/java/org/openhab/core/ai/common/actions/rules/CreateRuleAction.java:[210,57] Null type mismatch: required 'java.lang.@NonNull String' but the provided value is inferred as @org.eclipse.jdt.annotation.Nullable
[WARNING] /Users/kgoderis/Development/openhab/git/openhab-core/bundles/org.openhab.core.ai.common/src/main/java/org/openhab/core/ai/common/actions/rules/DeleteRuleAction.java:[102,13] Redundant null check: comparing '@NonNull Map<String,Object>' against null
[WARNING] /Users/kgoderis/Development/openhab/git/openhab-core/bundles/org.openhab.core.ai.common/src/main/java/org/openhab/core/ai/common/actions/rules/DeleteRuleAction.java:[102,33] Dead code
[WARNING] /Users/kgoderis/Development/openhab/git/openhab-core/bundles/org.openhab.core.ai.common/src/main/java/org/openhab/core/ai/common/actions/rules/DeleteRuleAction.java:[118,21] The value of the local variable forceDelete is not used
[WARNING] /Users/kgoderis/Development/openhab/git/openhab-core/bundles/org.openhab.core.ai.common/src/main/java/org/openhab/core/ai/common/actions/rules/DeleteRuleAction.java:[124,42] Null type mismatch: required 'java.lang.@NonNull String' but the provided value is inferred as @org.eclipse.jdt.annotation.Nullable
[WARNING] /Users/kgoderis/Development/openhab/git/openhab-core/bundles/org.openhab.core.ai.common/src/main/java/org/openhab/core/ai/common/actions/rules/DeleteRuleAction.java:[168,37] Null type mismatch: required 'java.lang.@NonNull String' but the provided value is inferred as @org.eclipse.jdt.annotation.Nullable
[WARNING] /Users/kgoderis/Development/openhab/git/openhab-core/bundles/org.openhab.core.ai.common/src/main/java/org/openhab/core/ai/common/actions/rules/DisableRuleAction.java:[109,13] Redundant null check: comparing '@NonNull Map<String,Object>' against null
[WARNING] /Users/kgoderis/Development/openhab/git/openhab-core/bundles/org.openhab.core.ai.common/src/main/java/org/openhab/core/ai/common/actions/rules/DisableRuleAction.java:[109,33] Dead code
[WARNING] /Users/kgoderis/Development/openhab/git/openhab-core/bundles/org.openhab.core.ai.common/src/main/java/org/openhab/core/ai/common/actions/rules/DisableRuleAction.java:[130,42] Null type mismatch: required 'java.lang.@NonNull String' but the provided value is inferred as @org.eclipse.jdt.annotation.Nullable
[WARNING] /Users/kgoderis/Development/openhab/git/openhab-core/bundles/org.openhab.core.ai.common/src/main/java/org/openhab/core/ai/common/actions/rules/DisableRuleAction.java:[173,40] Null type mismatch: required 'java.lang.@NonNull String' but the provided value is inferred as @org.eclipse.jdt.annotation.Nullable
[WARNING] /Users/kgoderis/Development/openhab/git/openhab-core/bundles/org.openhab.core.ai.common/src/main/java/org/openhab/core/ai/common/actions/rules/EnableRuleAction.java:[105,13] Redundant null check: comparing '@NonNull Map<String,Object>' against null
[WARNING] /Users/kgoderis/Development/openhab/git/openhab-core/bundles/org.openhab.core.ai.common/src/main/java/org/openhab/core/ai/common/actions/rules/EnableRuleAction.java:[105,33] Dead code
[WARNING] /Users/kgoderis/Development/openhab/git/openhab-core/bundles/org.openhab.core.ai.common/src/main/java/org/openhab/core/ai/common/actions/rules/EnableRuleAction.java:[126,42] Null type mismatch: required 'java.lang.@NonNull String' but the provided value is inferred as @org.eclipse.jdt.annotation.Nullable
[WARNING] /Users/kgoderis/Development/openhab/git/openhab-core/bundles/org.openhab.core.ai.common/src/main/java/org/openhab/core/ai/common/actions/rules/EnableRuleAction.java:[182,40] Null type mismatch: required 'java.lang.@NonNull String' but the provided value is inferred as @org.eclipse.jdt.annotation.Nullable
[WARNING] /Users/kgoderis/Development/openhab/git/openhab-core/bundles/org.openhab.core.ai.common/src/main/java/org/openhab/core/ai/common/actions/rules/ExecuteRuleAction.java:[107,13] Redundant null check: comparing '@NonNull Map<String,Object>' against null
[WARNING] /Users/kgoderis/Development/openhab/git/openhab-core/bundles/org.openhab.core.ai.common/src/main/java/org/openhab/core/ai/common/actions/rules/ExecuteRuleAction.java:[107,33] Dead code
[WARNING] /Users/kgoderis/Development/openhab/git/openhab-core/bundles/org.openhab.core.ai.common/src/main/java/org/openhab/core/ai/common/actions/rules/ExecuteRuleAction.java:[135,17] The value of the local variable timeout is not used
[WARNING] /Users/kgoderis/Development/openhab/git/openhab-core/bundles/org.openhab.core.ai.common/src/main/java/org/openhab/core/ai/common/actions/rules/ExecuteRuleAction.java:[141,42] Null type mismatch: required 'java.lang.@NonNull String' but the provided value is inferred as @org.eclipse.jdt.annotation.Nullable
[WARNING] /Users/kgoderis/Development/openhab/git/openhab-core/bundles/org.openhab.core.ai.common/src/main/java/org/openhab/core/ai/common/actions/rules/ExecuteRuleAction.java:[163,35] Potential null pointer access: This expression of type java.lang.Boolean may be null but requires auto-unboxing
[WARNING] /Users/kgoderis/Development/openhab/git/openhab-core/bundles/org.openhab.core.ai.common/src/main/java/org/openhab/core/ai/common/actions/rules/ExecuteRuleAction.java:[163,57] Null type mismatch: required 'java.lang.@NonNull String' but the provided value is inferred as @org.eclipse.jdt.annotation.Nullable
[WARNING] /Users/kgoderis/Development/openhab/git/openhab-core/bundles/org.openhab.core.ai.common/src/main/java/org/openhab/core/ai/common/actions/rules/ExecuteRuleAction.java:[218,18] The value of the local variable executionTime is not used
[WARNING] /Users/kgoderis/Development/openhab/git/openhab-core/bundles/org.openhab.core.ai.common/src/main/java/org/openhab/core/ai/common/actions/rules/ExecuteRuleAction.java:[270,17] Redundant null check: comparing '@NonNull String' against null
[WARNING] /Users/kgoderis/Development/openhab/git/openhab-core/bundles/org.openhab.core.ai.common/src/main/java/org/openhab/core/ai/common/actions/rules/ExecuteRuleAction.java:[274,43] Potential null pointer access: The method getName() may return null
[WARNING] /Users/kgoderis/Development/openhab/git/openhab-core/bundles/org.openhab.core.ai.common/src/main/java/org/openhab/core/ai/common/actions/rules/ExecuteRuleAction.java:[278,17] Redundant null check: comparing '@NonNull List<@NonNull Trigger>' against null
[WARNING] /Users/kgoderis/Development/openhab/git/openhab-core/bundles/org.openhab.core.ai.common/src/main/java/org/openhab/core/ai/common/actions/rules/ExecuteRuleAction.java:[282,17] Redundant null check: comparing '@NonNull List<@NonNull Action>' against null
[WARNING] /Users/kgoderis/Development/openhab/git/openhab-core/bundles/org.openhab.core.ai.common/src/main/java/org/openhab/core/ai/common/actions/rules/GetRuleAction.java:[106,13] Redundant null check: comparing '@NonNull Map<String,Object>' against null
[WARNING] /Users/kgoderis/Development/openhab/git/openhab-core/bundles/org.openhab.core.ai.common/src/main/java/org/openhab/core/ai/common/actions/rules/GetRuleAction.java:[106,33] Dead code
[WARNING] /Users/kgoderis/Development/openhab/git/openhab-core/bundles/org.openhab.core.ai.common/src/main/java/org/openhab/core/ai/common/actions/rules/GetRuleAction.java:[131,42] Null type mismatch: required 'java.lang.@NonNull String' but the provided value is inferred as @org.eclipse.jdt.annotation.Nullable
[WARNING] /Users/kgoderis/Development/openhab/git/openhab-core/bundles/org.openhab.core.ai.common/src/main/java/org/openhab/core/ai/common/actions/rules/GetRuleAction.java:[208,51] Potential null pointer access: This expression of type java.lang.Boolean may be null but requires auto-unboxing
[WARNING] /Users/kgoderis/Development/openhab/git/openhab-core/bundles/org.openhab.core.ai.common/src/main/java/org/openhab/core/ai/common/actions/rules/GetRuleActionsAction.java:[101,13] Redundant null check: comparing '@NonNull Map<String,Object>' against null
[WARNING] /Users/kgoderis/Development/openhab/git/openhab-core/bundles/org.openhab.core.ai.common/src/main/java/org/openhab/core/ai/common/actions/rules/GetRuleActionsAction.java:[101,33] Dead code
[WARNING] /Users/kgoderis/Development/openhab/git/openhab-core/bundles/org.openhab.core.ai.common/src/main/java/org/openhab/core/ai/common/actions/rules/GetRuleActionsAction.java:[123,42] Null type mismatch: required 'java.lang.@NonNull String' but the provided value is inferred as @org.eclipse.jdt.annotation.Nullable
[WARNING] /Users/kgoderis/Development/openhab/git/openhab-core/bundles/org.openhab.core.ai.common/src/main/java/org/openhab/core/ai/common/actions/rules/GetRuleActionsAction.java:[230,38] Redundant null check: The variable typeUID cannot be null at this location
[WARNING] /Users/kgoderis/Development/openhab/git/openhab-core/bundles/org.openhab.core.ai.common/src/main/java/org/openhab/core/ai/common/actions/rules/GetRuleConditionsAction.java:[101,13] Redundant null check: comparing '@NonNull Map<String,Object>' against null
[WARNING] /Users/kgoderis/Development/openhab/git/openhab-core/bundles/org.openhab.core.ai.common/src/main/java/org/openhab/core/ai/common/actions/rules/GetRuleConditionsAction.java:[101,33] Dead code
[WARNING] /Users/kgoderis/Development/openhab/git/openhab-core/bundles/org.openhab.core.ai.common/src/main/java/org/openhab/core/ai/common/actions/rules/GetRuleConditionsAction.java:[123,42] Null type mismatch: required 'java.lang.@NonNull String' but the provided value is inferred as @org.eclipse.jdt.annotation.Nullable
[WARNING] /Users/kgoderis/Development/openhab/git/openhab-core/bundles/org.openhab.core.ai.common/src/main/java/org/openhab/core/ai/common/actions/rules/GetRuleConditionsAction.java:[230,38] Redundant null check: The variable typeUID cannot be null at this location
[WARNING] /Users/kgoderis/Development/openhab/git/openhab-core/bundles/org.openhab.core.ai.common/src/main/java/org/openhab/core/ai/common/actions/rules/GetRuleHistoryAction.java:[184,42] Null type mismatch: required 'java.lang.@NonNull String' but the provided value is inferred as @org.eclipse.jdt.annotation.Nullable
[WARNING] /Users/kgoderis/Development/openhab/git/openhab-core/bundles/org.openhab.core.ai.common/src/main/java/org/openhab/core/ai/common/actions/rules/GetRuleHistoryAction.java:[215,42] Potential null pointer access: this expression has a '@Nullable' type
[WARNING] /Users/kgoderis/Development/openhab/git/openhab-core/bundles/org.openhab.core.ai.common/src/main/java/org/openhab/core/ai/common/actions/rules/GetRuleHistoryAction.java:[352,21] Redundant null check: The variable state cannot be null at this location
[WARNING] /Users/kgoderis/Development/openhab/git/openhab-core/bundles/org.openhab.core.ai.common/src/main/java/org/openhab/core/ai/common/actions/rules/GetRuleHistoryAction.java:[366,21] Redundant null check: The variable state cannot be null at this location
[WARNING] /Users/kgoderis/Development/openhab/git/openhab-core/bundles/org.openhab.core.ai.common/src/main/java/org/openhab/core/ai/common/actions/rules/GetRuleStatisticsAction.java:[157,42] Null type mismatch: required 'java.lang.@NonNull String' but the provided value is inferred as @org.eclipse.jdt.annotation.Nullable
[WARNING] /Users/kgoderis/Development/openhab/git/openhab-core/bundles/org.openhab.core.ai.common/src/main/java/org/openhab/core/ai/common/actions/rules/GetRuleStatisticsAction.java:[184,42] Potential null pointer access: this expression has a '@Nullable' type
[WARNING] /Users/kgoderis/Development/openhab/git/openhab-core/bundles/org.openhab.core.ai.common/src/main/java/org/openhab/core/ai/common/actions/rules/GetRuleStatisticsAction.java:[345,21] Redundant null check: The variable state cannot be null at this location
[WARNING] /Users/kgoderis/Development/openhab/git/openhab-core/bundles/org.openhab.core.ai.common/src/main/java/org/openhab/core/ai/common/actions/rules/GetRuleStatisticsAction.java:[563,26] Potential null pointer access: This expression of type java.lang.Long may be null but requires auto-unboxing
[WARNING] /Users/kgoderis/Development/openhab/git/openhab-core/bundles/org.openhab.core.ai.common/src/main/java/org/openhab/core/ai/common/actions/rules/GetRuleStatisticsAction.java:[564,25] Potential null pointer access: This expression of type java.lang.Long may be null but requires auto-unboxing
[WARNING] /Users/kgoderis/Development/openhab/git/openhab-core/bundles/org.openhab.core.ai.common/src/main/java/org/openhab/core/ai/common/actions/rules/GetRuleStatisticsAction.java:[584,30] Potential null pointer access: This expression of type java.lang.Long may be null but requires auto-unboxing
[WARNING] /Users/kgoderis/Development/openhab/git/openhab-core/bundles/org.openhab.core.ai.common/src/main/java/org/openhab/core/ai/common/actions/rules/GetRuleStatisticsAction.java:[585,29] Potential null pointer access: This expression of type java.lang.Long may be null but requires auto-unboxing
[WARNING] /Users/kgoderis/Development/openhab/git/openhab-core/bundles/org.openhab.core.ai.common/src/main/java/org/openhab/core/ai/common/actions/rules/GetRuleStatusAction.java:[103,13] Redundant null check: comparing '@NonNull Map<String,Object>' against null
[WARNING] /Users/kgoderis/Development/openhab/git/openhab-core/bundles/org.openhab.core.ai.common/src/main/java/org/openhab/core/ai/common/actions/rules/GetRuleStatusAction.java:[103,33] Dead code
[WARNING] /Users/kgoderis/Development/openhab/git/openhab-core/bundles/org.openhab.core.ai.common/src/main/java/org/openhab/core/ai/common/actions/rules/GetRuleStatusAction.java:[126,42] Null type mismatch: required 'java.lang.@NonNull String' but the provided value is inferred as @org.eclipse.jdt.annotation.Nullable
[WARNING] /Users/kgoderis/Development/openhab/git/openhab-core/bundles/org.openhab.core.ai.common/src/main/java/org/openhab/core/ai/common/actions/rules/GetRuleStatusAction.java:[197,53] Potential null pointer access: This expression of type java.lang.Boolean may be null but requires auto-unboxing
[WARNING] /Users/kgoderis/Development/openhab/git/openhab-core/bundles/org.openhab.core.ai.common/src/main/java/org/openhab/core/ai/common/actions/rules/GetRuleTriggersAction.java:[101,13] Redundant null check: comparing '@NonNull Map<String,Object>' against null
[WARNING] /Users/kgoderis/Development/openhab/git/openhab-core/bundles/org.openhab.core.ai.common/src/main/java/org/openhab/core/ai/common/actions/rules/GetRuleTriggersAction.java:[101,33] Dead code
[WARNING] /Users/kgoderis/Development/openhab/git/openhab-core/bundles/org.openhab.core.ai.common/src/main/java/org/openhab/core/ai/common/actions/rules/GetRuleTriggersAction.java:[123,42] Null type mismatch: required 'java.lang.@NonNull String' but the provided value is inferred as @org.eclipse.jdt.annotation.Nullable
[WARNING] /Users/kgoderis/Development/openhab/git/openhab-core/bundles/org.openhab.core.ai.common/src/main/java/org/openhab/core/ai/common/actions/rules/GetRuleTriggersAction.java:[228,38] Redundant null check: The variable typeUID cannot be null at this location
[WARNING] /Users/kgoderis/Development/openhab/git/openhab-core/bundles/org.openhab.core.ai.common/src/main/java/org/openhab/core/ai/common/actions/rules/ListRulesAction.java:[120,13] Redundant null check: comparing '@NonNull Map<String,Object>' against null
[WARNING] /Users/kgoderis/Development/openhab/git/openhab-core/bundles/org.openhab.core.ai.common/src/main/java/org/openhab/core/ai/common/actions/rules/ListRulesAction.java:[120,33] Dead code
[WARNING] /Users/kgoderis/Development/openhab/git/openhab-core/bundles/org.openhab.core.ai.common/src/main/java/org/openhab/core/ai/common/actions/rules/ListRulesAction.java:[278,51] Potential null pointer access: This expression of type java.lang.Boolean may be null but requires auto-unboxing
[WARNING] /Users/kgoderis/Development/openhab/git/openhab-core/bundles/org.openhab.core.ai.common/src/main/java/org/openhab/core/ai/common/actions/rules/SearchRulesAction.java:[377,13] Redundant null check: The variable uid cannot be null at this location
[WARNING] /Users/kgoderis/Development/openhab/git/openhab-core/bundles/org.openhab.core.ai.common/src/main/java/org/openhab/core/ai/common/actions/rules/SearchRulesAction.java:[385,13] Redundant null check: comparing '@NonNull Set<@NonNull String>' against null
[WARNING] /Users/kgoderis/Development/openhab/git/openhab-core/bundles/org.openhab.core.ai.common/src/main/java/org/openhab/core/ai/common/actions/rules/SearchRulesAction.java:[426,16] Redundant null check: comparing '@NonNull Set<@NonNull String>' against null
[WARNING] /Users/kgoderis/Development/openhab/git/openhab-core/bundles/org.openhab.core.ai.common/src/main/java/org/openhab/core/ai/common/actions/rules/SearchRulesAction.java:[434,16] Potential null pointer access: The variable ruleType may be null at this location
[WARNING] /Users/kgoderis/Development/openhab/git/openhab-core/bundles/org.openhab.core.ai.common/src/main/java/org/openhab/core/ai/common/actions/rules/SearchRulesAction.java:[448,35] Redundant null check: comparing '@NonNull List<@NonNull Trigger>' against null
[WARNING] /Users/kgoderis/Development/openhab/git/openhab-core/bundles/org.openhab.core.ai.common/src/main/java/org/openhab/core/ai/common/actions/rules/SearchRulesAction.java:[456,37] Redundant null check: comparing '@NonNull List<@NonNull Condition>' against null
[WARNING] /Users/kgoderis/Development/openhab/git/openhab-core/bundles/org.openhab.core.ai.common/src/main/java/org/openhab/core/ai/common/actions/rules/SearchRulesAction.java:[464,34] Redundant null check: comparing '@NonNull List<@NonNull Action>' against null
[WARNING] /Users/kgoderis/Development/openhab/git/openhab-core/bundles/org.openhab.core.ai.common/src/main/java/org/openhab/core/ai/common/actions/rules/SearchRulesAction.java:[472,53] Potential null pointer access: This expression of type java.lang.Boolean may be null but requires auto-unboxing
[WARNING] /Users/kgoderis/Development/openhab/git/openhab-core/bundles/org.openhab.core.ai.common/src/main/java/org/openhab/core/ai/common/actions/rules/SearchRulesAction.java:[549,51] Potential null pointer access: This expression of type java.lang.Boolean may be null but requires auto-unboxing
[WARNING] /Users/kgoderis/Development/openhab/git/openhab-core/bundles/org.openhab.core.ai.common/src/main/java/org/openhab/core/ai/common/actions/rules/SearchRulesAction.java:[555,36] Redundant null check: comparing '@NonNull List<@NonNull Trigger>' against null
[WARNING] /Users/kgoderis/Development/openhab/git/openhab-core/bundles/org.openhab.core.ai.common/src/main/java/org/openhab/core/ai/common/actions/rules/SearchRulesAction.java:[556,38] Redundant null check: comparing '@NonNull List<@NonNull Condition>' against null
[WARNING] /Users/kgoderis/Development/openhab/git/openhab-core/bundles/org.openhab.core.ai.common/src/main/java/org/openhab/core/ai/common/actions/rules/SearchRulesAction.java:[557,35] Redundant null check: comparing '@NonNull List<@NonNull Action>' against null
[WARNING] /Users/kgoderis/Development/openhab/git/openhab-core/bundles/org.openhab.core.ai.common/src/main/java/org/openhab/core/ai/common/actions/rules/SearchRulesAction.java:[561,17] Redundant null check: comparing '@NonNull Configuration' against null
[WARNING] /Users/kgoderis/Development/openhab/git/openhab-core/bundles/org.openhab.core.ai.common/src/main/java/org/openhab/core/ai/common/actions/rules/UpdateRuleAction.java:[103,13] Redundant null check: comparing '@NonNull Map<String,Object>' against null
[WARNING] /Users/kgoderis/Development/openhab/git/openhab-core/bundles/org.openhab.core.ai.common/src/main/java/org/openhab/core/ai/common/actions/rules/UpdateRuleAction.java:[103,33] Dead code
[WARNING] /Users/kgoderis/Development/openhab/git/openhab-core/bundles/org.openhab.core.ai.common/src/main/java/org/openhab/core/ai/common/actions/rules/UpdateRuleAction.java:[146,50] Null type mismatch: required 'java.lang.@NonNull String' but the provided value is inferred as @org.eclipse.jdt.annotation.Nullable
[WARNING] /Users/kgoderis/Development/openhab/git/openhab-core/bundles/org.openhab.core.ai.common/src/main/java/org/openhab/core/ai/common/actions/rules/ValidateRuleAction.java:[111,13] Redundant null check: comparing '@NonNull Map<String,Object>' against null
[WARNING] /Users/kgoderis/Development/openhab/git/openhab-core/bundles/org.openhab.core.ai.common/src/main/java/org/openhab/core/ai/common/actions/rules/ValidateRuleAction.java:[111,33] Dead code
[WARNING] /Users/kgoderis/Development/openhab/git/openhab-core/bundles/org.openhab.core.ai.common/src/main/java/org/openhab/core/ai/common/actions/rules/ValidateRuleAction.java:[136,42] Null type mismatch: required 'java.lang.@NonNull String' but the provided value is inferred as @org.eclipse.jdt.annotation.Nullable
[WARNING] /Users/kgoderis/Development/openhab/git/openhab-core/bundles/org.openhab.core.ai.common/src/main/java/org/openhab/core/ai/common/actions/rules/ValidateRuleAction.java:[216,13] Redundant null check: comparing '@NonNull String' against null
[WARNING] /Users/kgoderis/Development/openhab/git/openhab-core/bundles/org.openhab.core.ai.common/src/main/java/org/openhab/core/ai/common/actions/rules/ValidateRuleAction.java:[227,39] Potential null pointer access: The method getName() may return null
[WARNING] /Users/kgoderis/Development/openhab/git/openhab-core/bundles/org.openhab.core.ai.common/src/main/java/org/openhab/core/ai/common/actions/rules/ValidateRuleAction.java:[240,17] Redundant null check: comparing '@NonNull List<@NonNull Trigger>' against null
[WARNING] /Users/kgoderis/Development/openhab/git/openhab-core/bundles/org.openhab.core.ai.common/src/main/java/org/openhab/core/ai/common/actions/rules/ValidateRuleAction.java:[252,25] Redundant null check: comparing '@NonNull String' against null
[WARNING] /Users/kgoderis/Development/openhab/git/openhab-core/bundles/org.openhab.core.ai.common/src/main/java/org/openhab/core/ai/common/actions/rules/ValidateRuleAction.java:[264,25] Redundant null check: comparing '@NonNull String' against null
[WARNING] /Users/kgoderis/Development/openhab/git/openhab-core/bundles/org.openhab.core.ai.common/src/main/java/org/openhab/core/ai/common/actions/rules/ValidateRuleAction.java:[281,17] Redundant null check: comparing '@NonNull List<@NonNull Action>' against null
[WARNING] /Users/kgoderis/Development/openhab/git/openhab-core/bundles/org.openhab.core.ai.common/src/main/java/org/openhab/core/ai/common/actions/rules/ValidateRuleAction.java:[293,25] Redundant null check: comparing '@NonNull String' against null
[WARNING] /Users/kgoderis/Development/openhab/git/openhab-core/bundles/org.openhab.core.ai.common/src/main/java/org/openhab/core/ai/common/actions/rules/ValidateRuleAction.java:[305,25] Redundant null check: comparing '@NonNull String' against null
[WARNING] /Users/kgoderis/Development/openhab/git/openhab-core/bundles/org.openhab.core.ai.common/src/main/java/org/openhab/core/ai/common/actions/rules/ValidateRuleAction.java:[321,35] Redundant null check: comparing '@NonNull List<@NonNull Condition>' against null
[WARNING] /Users/kgoderis/Development/openhab/git/openhab-core/bundles/org.openhab.core.ai.common/src/main/java/org/openhab/core/ai/common/actions/rules/ValidateRuleAction.java:[323,21] Redundant null check: comparing '@NonNull String' against null
[WARNING] /Users/kgoderis/Development/openhab/git/openhab-core/bundles/org.openhab.core.ai.common/src/main/java/org/openhab/core/ai/common/actions/rules/ValidateRuleAction.java:[335,21] Redundant null check: comparing '@NonNull String' against null
[WARNING] /Users/kgoderis/Development/openhab/git/openhab-core/bundles/org.openhab.core.ai.common/src/main/java/org/openhab/core/ai/common/actions/rules/ValidateRuleAction.java:[350,46] Potential null pointer access: The method getDescription() may return null
[WARNING] /Users/kgoderis/Development/openhab/git/openhab-core/bundles/org.openhab.core.ai.common/src/main/java/org/openhab/core/ai/common/actions/rules/ValidateRuleAction.java:[360,13] Redundant null check: comparing '@NonNull Set<@NonNull String>' against null
[WARNING] /Users/kgoderis/Development/openhab/git/openhab-core/bundles/org.openhab.core.ai.common/src/main/java/org/openhab/core/ai/common/actions/rules/ValidateRuleAction.java:[371,13] Redundant null check: comparing '@NonNull Configuration' against null
[WARNING] /Users/kgoderis/Development/openhab/git/openhab-core/bundles/org.openhab.core.ai.common/src/main/java/org/openhab/core/ai/common/actions/rules/ValidateRuleAction.java:[380,50] Potential null pointer access: The method getDescription() may return null
[WARNING] /Users/kgoderis/Development/openhab/git/openhab-core/bundles/org.openhab.core.ai.common/src/main/java/org/openhab/core/ai/common/actions/rules/ValidateRuleAction.java:[384,17] Redundant null check: comparing '@NonNull Set<@NonNull String>' against null
[WARNING] /Users/kgoderis/Development/openhab/git/openhab-core/bundles/org.openhab.core.ai.common/src/main/java/org/openhab/core/ai/common/actions/scripts/CheckScriptSyntaxAction.java:[117,13] Redundant null check: comparing '@NonNull Map<String,Object>' against null
[WARNING] /Users/kgoderis/Development/openhab/git/openhab-core/bundles/org.openhab.core.ai.common/src/main/java/org/openhab/core/ai/common/actions/scripts/CheckScriptSyntaxAction.java:[167,18] The value of the local variable executionTime is not used
[WARNING] /Users/kgoderis/Development/openhab/git/openhab-core/bundles/org.openhab.core.ai.common/src/main/java/org/openhab/core/ai/common/actions/scripts/CheckScriptSyntaxAction.java:[270,33] Type safety: Unchecked cast from java.lang.Object to java.util.List<java.util.Map<java.lang.String,java.lang.Object>>
[WARNING] /Users/kgoderis/Development/openhab/git/openhab-core/bundles/org.openhab.core.ai.common/src/main/java/org/openhab/core/ai/common/actions/scripts/CheckScriptSyntaxAction.java:[270,33] Null type mismatch: required 'java.util.@NonNull Collection<? extends java.util.Map<java.lang.String,java.lang.Object>>' but the provided value is inferred as @org.eclipse.jdt.annotation.Nullable
[WARNING] /Users/kgoderis/Development/openhab/git/openhab-core/bundles/org.openhab.core.ai.common/src/main/java/org/openhab/core/ai/common/actions/scripts/CheckScriptSyntaxAction.java:[272,39] Type safety: Unchecked cast from java.lang.Object to java.util.List<java.util.Map<java.lang.String,java.lang.Object>>
[WARNING] /Users/kgoderis/Development/openhab/git/openhab-core/bundles/org.openhab.core.ai.common/src/main/java/org/openhab/core/ai/common/actions/scripts/CheckScriptSyntaxAction.java:[272,39] Null type mismatch: required 'java.util.@NonNull Collection<? extends java.util.Map<java.lang.String,java.lang.Object>>' but the provided value is inferred as @org.eclipse.jdt.annotation.Nullable
[WARNING] /Users/kgoderis/Development/openhab/git/openhab-core/bundles/org.openhab.core.ai.common/src/main/java/org/openhab/core/ai/common/actions/scripts/CheckScriptSyntaxAction.java:[444,17] The value of the local variable inFunction is not used
[WARNING] /Users/kgoderis/Development/openhab/git/openhab-core/bundles/org.openhab.core.ai.common/src/main/java/org/openhab/core/ai/common/actions/scripts/CheckScriptSyntaxAction.java:[617,17] Potential null pointer access: The variable message may be null at this location
[WARNING] /Users/kgoderis/Development/openhab/git/openhab-core/bundles/org.openhab.core.ai.common/src/main/java/org/openhab/core/ai/common/actions/scripts/CheckScriptSyntaxAction.java:[626,17] Potential null pointer access: The variable message may be null at this location
[WARNING] /Users/kgoderis/Development/openhab/git/openhab-core/bundles/org.openhab.core.ai.common/src/main/java/org/openhab/core/ai/common/actions/scripts/CreateScriptAction.java:[108,13] Redundant null check: comparing '@NonNull Map<String,Object>' against null
[WARNING] /Users/kgoderis/Development/openhab/git/openhab-core/bundles/org.openhab.core.ai.common/src/main/java/org/openhab/core/ai/common/actions/scripts/CreateScriptAction.java:[163,18] The value of the local variable executionTime is not used
[WARNING] /Users/kgoderis/Development/openhab/git/openhab-core/bundles/org.openhab.core.ai.common/src/main/java/org/openhab/core/ai/common/actions/scripts/CreateScriptAction.java:[237,22] Potential null pointer access: This expression of type java.lang.Boolean may be null but requires auto-unboxing
[WARNING] /Users/kgoderis/Development/openhab/git/openhab-core/bundles/org.openhab.core.ai.common/src/main/java/org/openhab/core/ai/common/actions/scripts/CreateScriptAction.java:[237,32] Potential null pointer access: The method get(Object) may return null
[WARNING] /Users/kgoderis/Development/openhab/git/openhab-core/bundles/org.openhab.core.ai.common/src/main/java/org/openhab/core/ai/common/actions/scripts/DeleteScriptAction.java:[108,13] Redundant null check: comparing '@NonNull Map<String,Object>' against null
[WARNING] /Users/kgoderis/Development/openhab/git/openhab-core/bundles/org.openhab.core.ai.common/src/main/java/org/openhab/core/ai/common/actions/scripts/DeleteScriptAction.java:[156,18] The value of the local variable executionTime is not used
[WARNING] /Users/kgoderis/Development/openhab/git/openhab-core/bundles/org.openhab.core.ai.common/src/main/java/org/openhab/core/ai/common/actions/scripts/GetScriptAction.java:[101,13] Redundant null check: comparing '@NonNull Map<String,Object>' against null
[WARNING] /Users/kgoderis/Development/openhab/git/openhab-core/bundles/org.openhab.core.ai.common/src/main/java/org/openhab/core/ai/common/actions/scripts/GetScriptAction.java:[141,18] The value of the local variable executionTime is not used
[WARNING] /Users/kgoderis/Development/openhab/git/openhab-core/bundles/org.openhab.core.ai.common/src/main/java/org/openhab/core/ai/common/actions/scripts/GetScriptAction.java:[245,22] Potential null pointer access: The variable content may be null at this location
[WARNING] /Users/kgoderis/Development/openhab/git/openhab-core/bundles/org.openhab.core.ai.common/src/main/java/org/openhab/core/ai/common/actions/scripts/GetScriptAction.java:[307,17] Potential null pointer access: The variable scriptType may be null at this location
[WARNING] /Users/kgoderis/Development/openhab/git/openhab-core/bundles/org.openhab.core.ai.common/src/main/java/org/openhab/core/ai/common/actions/scripts/GetScriptEnginesAction.java:[102,13] Redundant null check: comparing '@NonNull Map<String,Object>' against null
[WARNING] /Users/kgoderis/Development/openhab/git/openhab-core/bundles/org.openhab.core.ai.common/src/main/java/org/openhab/core/ai/common/actions/scripts/GetScriptEnginesAction.java:[102,33] Dead code
[WARNING] /Users/kgoderis/Development/openhab/git/openhab-core/bundles/org.openhab.core.ai.common/src/main/java/org/openhab/core/ai/common/actions/scripts/GetScriptEnginesAction.java:[136,18] The value of the local variable executionTime is not used
[WARNING] /Users/kgoderis/Development/openhab/git/openhab-core/bundles/org.openhab.core.ai.common/src/main/java/org/openhab/core/ai/common/actions/scripts/ListScriptsAction.java:[119,13] Redundant null check: comparing '@NonNull Map<String,Object>' against null
[WARNING] /Users/kgoderis/Development/openhab/git/openhab-core/bundles/org.openhab.core.ai.common/src/main/java/org/openhab/core/ai/common/actions/scripts/ListScriptsAction.java:[119,33] Dead code
[WARNING] /Users/kgoderis/Development/openhab/git/openhab-core/bundles/org.openhab.core.ai.common/src/main/java/org/openhab/core/ai/common/actions/scripts/ListScriptsAction.java:[170,32] Potential null pointer access: The method get(Object) may return null
[WARNING] /Users/kgoderis/Development/openhab/git/openhab-core/bundles/org.openhab.core.ai.common/src/main/java/org/openhab/core/ai/common/actions/scripts/ListScriptsAction.java:[175,18] The value of the local variable executionTime is not used
[WARNING] /Users/kgoderis/Development/openhab/git/openhab-core/bundles/org.openhab.core.ai.common/src/main/java/org/openhab/core/ai/common/actions/scripts/ListScriptsAction.java:[375,38] Potential null pointer access: The method get(Object) may return null
[WARNING] /Users/kgoderis/Development/openhab/git/openhab-core/bundles/org.openhab.core.ai.common/src/main/java/org/openhab/core/ai/common/actions/scripts/ScriptExecutionAction.java:[126,13] Redundant null check: comparing '@NonNull Map<String,Object>' against null
[WARNING] /Users/kgoderis/Development/openhab/git/openhab-core/bundles/org.openhab.core.ai.common/src/main/java/org/openhab/core/ai/common/actions/scripts/ScriptExecutionAction.java:[126,33] Dead code
[WARNING] /Users/kgoderis/Development/openhab/git/openhab-core/bundles/org.openhab.core.ai.common/src/main/java/org/openhab/core/ai/common/actions/scripts/ScriptExecutionAction.java:[179,18] The value of the local variable executionTime is not used
[WARNING] /Users/kgoderis/Development/openhab/git/openhab-core/bundles/org.openhab.core.ai.common/src/main/java/org/openhab/core/ai/common/actions/scripts/ScriptExecutionAction.java:[260,14] Potential null pointer access: This expression of type java.lang.Boolean may be null but requires auto-unboxing
[WARNING] /Users/kgoderis/Development/openhab/git/openhab-core/bundles/org.openhab.core.ai.common/src/main/java/org/openhab/core/ai/common/actions/scripts/ScriptExecutionAction.java:[260,24] Potential null pointer access: The method get(Object) may return null
[WARNING] /Users/kgoderis/Development/openhab/git/openhab-core/bundles/org.openhab.core.ai.common/src/main/java/org/openhab/core/ai/common/actions/scripts/ScriptLibraryAction.java:[118,13] Redundant null check: comparing '@NonNull Map<String,Object>' against null
[WARNING] /Users/kgoderis/Development/openhab/git/openhab-core/bundles/org.openhab.core.ai.common/src/main/java/org/openhab/core/ai/common/actions/scripts/ScriptLibraryAction.java:[118,33] Dead code
[WARNING] /Users/kgoderis/Development/openhab/git/openhab-core/bundles/org.openhab.core.ai.common/src/main/java/org/openhab/core/ai/common/actions/scripts/ScriptLibraryAction.java:[188,18] The value of the local variable executionTime is not used
[WARNING] /Users/kgoderis/Development/openhab/git/openhab-core/bundles/org.openhab.core.ai.common/src/main/java/org/openhab/core/ai/common/actions/scripts/SearchScriptsAction.java:[118,13] Redundant null check: comparing '@NonNull Map<String,Object>' against null
[WARNING] /Users/kgoderis/Development/openhab/git/openhab-core/bundles/org.openhab.core.ai.common/src/main/java/org/openhab/core/ai/common/actions/scripts/SearchScriptsAction.java:[166,18] The value of the local variable executionTime is not used
[WARNING] /Users/kgoderis/Development/openhab/git/openhab-core/bundles/org.openhab.core.ai.common/src/main/java/org/openhab/core/ai/common/actions/scripts/SearchScriptsAction.java:[248,21] Potential null pointer access: This expression of type java.lang.Boolean may be null but requires auto-unboxing
[WARNING] /Users/kgoderis/Development/openhab/git/openhab-core/bundles/org.openhab.core.ai.common/src/main/java/org/openhab/core/ai/common/actions/scripts/SearchScriptsAction.java:[252,25] Potential null pointer access: This expression of type java.lang.Boolean may be null but requires auto-unboxing
[WARNING] /Users/kgoderis/Development/openhab/git/openhab-core/bundles/org.openhab.core.ai.common/src/main/java/org/openhab/core/ai/common/actions/scripts/SearchScriptsAction.java:[254,25] Potential null pointer access: This expression of type java.lang.Boolean may be null but requires auto-unboxing
[WARNING] /Users/kgoderis/Development/openhab/git/openhab-core/bundles/org.openhab.core.ai.common/src/main/java/org/openhab/core/ai/common/actions/scripts/SearchScriptsAction.java:[256,25] Potential null pointer access: This expression of type java.lang.Boolean may be null but requires auto-unboxing
[WARNING] /Users/kgoderis/Development/openhab/git/openhab-core/bundles/org.openhab.core.ai.common/src/main/java/org/openhab/core/ai/common/actions/scripts/UpdateScriptAction.java:[111,13] Redundant null check: comparing '@NonNull Map<String,Object>' against null
[WARNING] /Users/kgoderis/Development/openhab/git/openhab-core/bundles/org.openhab.core.ai.common/src/main/java/org/openhab/core/ai/common/actions/scripts/UpdateScriptAction.java:[159,18] The value of the local variable executionTime is not used
[WARNING] /Users/kgoderis/Development/openhab/git/openhab-core/bundles/org.openhab.core.ai.common/src/main/java/org/openhab/core/ai/common/actions/scripts/UpdateScriptAction.java:[248,22] Potential null pointer access: This expression of type java.lang.Boolean may be null but requires auto-unboxing
[WARNING] /Users/kgoderis/Development/openhab/git/openhab-core/bundles/org.openhab.core.ai.common/src/main/java/org/openhab/core/ai/common/actions/scripts/UpdateScriptAction.java:[248,32] Potential null pointer access: The method get(Object) may return null
[WARNING] /Users/kgoderis/Development/openhab/git/openhab-core/bundles/org.openhab.core.ai.common/src/main/java/org/openhab/core/ai/common/actions/scripts/ValidateScriptAction.java:[118,13] Redundant null check: comparing '@NonNull Map<String,Object>' against null
[WARNING] /Users/kgoderis/Development/openhab/git/openhab-core/bundles/org.openhab.core.ai.common/src/main/java/org/openhab/core/ai/common/actions/scripts/ValidateScriptAction.java:[169,18] The value of the local variable executionTime is not used
[WARNING] /Users/kgoderis/Development/openhab/git/openhab-core/bundles/org.openhab.core.ai.common/src/main/java/org/openhab/core/ai/common/actions/scripts/ValidateScriptAction.java:[262,22] Potential null pointer access: This expression of type java.lang.Boolean may be null but requires auto-unboxing
[WARNING] /Users/kgoderis/Development/openhab/git/openhab-core/bundles/org.openhab.core.ai.common/src/main/java/org/openhab/core/ai/common/actions/scripts/ValidateScriptAction.java:[262,32] Potential null pointer access: The method get(Object) may return null
[WARNING] /Users/kgoderis/Development/openhab/git/openhab-core/bundles/org.openhab.core.ai.common/src/main/java/org/openhab/core/ai/common/actions/scripts/ValidateScriptAction.java:[276,37] Potential null pointer access: The variable securityIssues may be null at this location
[WARNING] /Users/kgoderis/Development/openhab/git/openhab-core/bundles/org.openhab.core.ai.common/src/main/java/org/openhab/core/ai/common/actions/scripts/ValidateScriptAction.java:[288,37] Potential null pointer access: The variable styleIssues may be null at this location
[WARNING] /Users/kgoderis/Development/openhab/git/openhab-core/bundles/org.openhab.core.ai.common/src/main/java/org/openhab/core/ai/common/actions/scripts/ValidateScriptAction.java:[300,37] Potential null pointer access: The variable dependencyIssues may be null at this location
[WARNING] /Users/kgoderis/Development/openhab/git/openhab-core/bundles/org.openhab.core.ai.common/src/main/java/org/openhab/core/ai/common/actions/security/SecurityManagementAction.java:[112,13] Redundant null check: comparing '@NonNull Map<String,Object>' against null
[WARNING] /Users/kgoderis/Development/openhab/git/openhab-core/bundles/org.openhab.core.ai.common/src/main/java/org/openhab/core/ai/common/actions/security/SecurityManagementAction.java:[112,33] Dead code
[WARNING] /Users/kgoderis/Development/openhab/git/openhab-core/bundles/org.openhab.core.ai.common/src/main/java/org/openhab/core/ai/common/actions/security/SecurityManagementAction.java:[144,50] Potential null pointer access: The variable action may be null at this location
[WARNING] /Users/kgoderis/Development/openhab/git/openhab-core/bundles/org.openhab.core.ai.common/src/main/java/org/openhab/core/ai/common/actions/security/SecurityManagementAction.java:[162,18] The value of the local variable executionTime is not used
[WARNING] /Users/kgoderis/Development/openhab/git/openhab-core/bundles/org.openhab.core.ai.common/src/main/java/org/openhab/core/ai/common/actions/system/HealthCheckAction.java:[92,13] Redundant null check: comparing '@NonNull Map<String,Object>' against null
[WARNING] /Users/kgoderis/Development/openhab/git/openhab-core/bundles/org.openhab.core.ai.common/src/main/java/org/openhab/core/ai/common/actions/system/HealthCheckAction.java:[92,33] Dead code
[WARNING] /Users/kgoderis/Development/openhab/git/openhab-core/bundles/org.openhab.core.ai.common/src/main/java/org/openhab/core/ai/common/actions/system/HealthCheckAction.java:[113,18] The value of the local variable executionTime is not used
[WARNING] /Users/kgoderis/Development/openhab/git/openhab-core/bundles/org.openhab.core.ai.common/src/main/java/org/openhab/core/ai/common/actions/system/HealthCheckAction.java:[253,37] Null type mismatch: required 'java.lang.@NonNull String' but the provided value is inferred as @org.eclipse.jdt.annotation.Nullable
[WARNING] /Users/kgoderis/Development/openhab/git/openhab-core/bundles/org.openhab.core.ai.common/src/main/java/org/openhab/core/ai/common/actions/system/HealthCheckAction.java:[365,37] Null type mismatch: required 'java.lang.@NonNull String' but the provided value is inferred as @org.eclipse.jdt.annotation.Nullable
[WARNING] /Users/kgoderis/Development/openhab/git/openhab-core/bundles/org.openhab.core.ai.common/src/main/java/org/openhab/core/ai/common/actions/system/HealthCheckAction.java:[412,56] Null type mismatch: required 'java.lang.@NonNull String' but the provided value is inferred as @org.eclipse.jdt.annotation.Nullable
[WARNING] /Users/kgoderis/Development/openhab/git/openhab-core/bundles/org.openhab.core.ai.common/src/main/java/org/openhab/core/ai/common/actions/system/HealthCheckAction.java:[412,83] Null type mismatch: required 'java.lang.@NonNull String' but the provided value is inferred as @org.eclipse.jdt.annotation.Nullable
[WARNING] /Users/kgoderis/Development/openhab/git/openhab-core/bundles/org.openhab.core.ai.common/src/main/java/org/openhab/core/ai/common/actions/system/HealthCheckAction.java:[412,107] Null type mismatch: required 'java.lang.@NonNull String' but the provided value is inferred as @org.eclipse.jdt.annotation.Nullable
[WARNING] /Users/kgoderis/Development/openhab/git/openhab-core/bundles/org.openhab.core.ai.common/src/main/java/org/openhab/core/ai/common/actions/system/HealthCheckAction.java:[499,38] Null type mismatch: required 'java.lang.@NonNull String' but the provided value is inferred as @org.eclipse.jdt.annotation.Nullable
[WARNING] /Users/kgoderis/Development/openhab/git/openhab-core/bundles/org.openhab.core.ai.common/src/main/java/org/openhab/core/ai/common/actions/system/HealthCheckAction.java:[499,59] Null type mismatch: required 'java.lang.@NonNull String' but the provided value is inferred as @org.eclipse.jdt.annotation.Nullable
[WARNING] /Users/kgoderis/Development/openhab/git/openhab-core/bundles/org.openhab.core.ai.common/src/main/java/org/openhab/core/ai/common/actions/system/HealthCheckAction.java:[499,80] Null type mismatch: required 'java.lang.@NonNull String' but the provided value is inferred as @org.eclipse.jdt.annotation.Nullable
[WARNING] /Users/kgoderis/Development/openhab/git/openhab-core/bundles/org.openhab.core.ai.common/src/main/java/org/openhab/core/ai/common/actions/system/HealthCheckAction.java:[499,99] Null type mismatch: required 'java.lang.@NonNull String' but the provided value is inferred as @org.eclipse.jdt.annotation.Nullable
[WARNING] /Users/kgoderis/Development/openhab/git/openhab-core/bundles/org.openhab.core.ai.common/src/main/java/org/openhab/core/ai/common/actions/system/HealthCheckAction.java:[542,21] Potential null pointer access: The variable status may be null at this location
[WARNING] /Users/kgoderis/Development/openhab/git/openhab-core/bundles/org.openhab.core.ai.common/src/main/java/org/openhab/core/ai/common/actions/system/SystemDiagnosticsAction.java:[137,18] The value of the local variable executionTime is not used
[WARNING] /Users/kgoderis/Development/openhab/git/openhab-core/bundles/org.openhab.core.ai.common/src/main/java/org/openhab/core/ai/common/actions/system/SystemDiagnosticsAction.java:[342,26] Potential null pointer access: The variable roots may be null at this location
[WARNING] /Users/kgoderis/Development/openhab/git/openhab-core/bundles/org.openhab.core.ai.common/src/main/java/org/openhab/core/ai/common/actions/system/SystemDiagnosticsAction.java:[503,20] The method formatDuration(long) from the type org.openhab.core.ai.common.actions.system.SystemDiagnosticsAction is never used locally
[WARNING] /Users/kgoderis/Development/openhab/git/openhab-core/bundles/org.openhab.core.ai.common/src/main/java/org/openhab/core/ai/common/actions/system/SystemInfoAction.java:[112,18] The value of the local variable executionTime is not used
[WARNING] /Users/kgoderis/Development/openhab/git/openhab-core/bundles/org.openhab.core.ai.common/src/main/java/org/openhab/core/ai/common/actions/system/SystemStatusAction.java:[109,18] The value of the local variable executionTime is not used
[WARNING] /Users/kgoderis/Development/openhab/git/openhab-core/bundles/org.openhab.core.ai.common/src/main/java/org/openhab/core/ai/common/actions/system/SystemStatusAction.java:[173,78] The method getSystemCpuLoad() from the type com.sun.management.OperatingSystemMXBean is deprecated since version 14
[WARNING] /Users/kgoderis/Development/openhab/git/openhab-core/bundles/org.openhab.core.ai.common/src/main/java/org/openhab/core/ai/common/actions/things/DeleteThingAction.java:[191,41] Null type mismatch: required 'java.lang.@NonNull String' but the provided value is inferred as @org.eclipse.jdt.annotation.Nullable
[WARNING] /Users/kgoderis/Development/openhab/git/openhab-core/bundles/org.openhab.core.ai.common/src/main/java/org/openhab/core/ai/common/actions/things/DisableThingAction.java:[230,35] Null type mismatch: required 'java.lang.@NonNull Object' but the provided value is inferred as @org.eclipse.jdt.annotation.Nullable
[WARNING] /Users/kgoderis/Development/openhab/git/openhab-core/bundles/org.openhab.core.ai.common/src/main/java/org/openhab/core/ai/common/actions/things/DisableThingAction.java:[236,46] Null type mismatch: required 'java.lang.@NonNull String' but the provided value is inferred as @org.eclipse.jdt.annotation.Nullable
[WARNING] /Users/kgoderis/Development/openhab/git/openhab-core/bundles/org.openhab.core.ai.common/src/main/java/org/openhab/core/ai/common/actions/things/DisableThingAction.java:[241,39] Null type mismatch: required 'java.lang.@NonNull Object' but the provided value is inferred as @org.eclipse.jdt.annotation.Nullable
[WARNING] /Users/kgoderis/Development/openhab/git/openhab-core/bundles/org.openhab.core.ai.common/src/main/java/org/openhab/core/ai/common/actions/things/DisableThingAction.java:[248,35] Null type mismatch: required 'java.lang.@NonNull Object' but the provided value is inferred as @org.eclipse.jdt.annotation.Nullable
[WARNING] /Users/kgoderis/Development/openhab/git/openhab-core/bundles/org.openhab.core.ai.common/src/main/java/org/openhab/core/ai/common/actions/things/DisableThingAction.java:[271,35] Null type mismatch: required 'java.lang.@NonNull Object' but the provided value is inferred as @org.eclipse.jdt.annotation.Nullable
[WARNING] /Users/kgoderis/Development/openhab/git/openhab-core/bundles/org.openhab.core.ai.common/src/main/java/org/openhab/core/ai/common/actions/things/DisableThingAction.java:[275,35] Null type mismatch: required 'java.lang.@NonNull Object' but the provided value is inferred as @org.eclipse.jdt.annotation.Nullable
[WARNING] /Users/kgoderis/Development/openhab/git/openhab-core/bundles/org.openhab.core.ai.common/src/main/java/org/openhab/core/ai/common/actions/things/EnableThingAction.java:[230,35] Null type mismatch: required 'java.lang.@NonNull Object' but the provided value is inferred as @org.eclipse.jdt.annotation.Nullable
[WARNING] /Users/kgoderis/Development/openhab/git/openhab-core/bundles/org.openhab.core.ai.common/src/main/java/org/openhab/core/ai/common/actions/things/EnableThingAction.java:[236,46] Null type mismatch: required 'java.lang.@NonNull String' but the provided value is inferred as @org.eclipse.jdt.annotation.Nullable
[WARNING] /Users/kgoderis/Development/openhab/git/openhab-core/bundles/org.openhab.core.ai.common/src/main/java/org/openhab/core/ai/common/actions/things/EnableThingAction.java:[241,39] Null type mismatch: required 'java.lang.@NonNull Object' but the provided value is inferred as @org.eclipse.jdt.annotation.Nullable
[WARNING] /Users/kgoderis/Development/openhab/git/openhab-core/bundles/org.openhab.core.ai.common/src/main/java/org/openhab/core/ai/common/actions/things/EnableThingAction.java:[248,35] Null type mismatch: required 'java.lang.@NonNull Object' but the provided value is inferred as @org.eclipse.jdt.annotation.Nullable
[WARNING] /Users/kgoderis/Development/openhab/git/openhab-core/bundles/org.openhab.core.ai.common/src/main/java/org/openhab/core/ai/common/actions/things/EnableThingAction.java:[272,35] Null type mismatch: required 'java.lang.@NonNull Object' but the provided value is inferred as @org.eclipse.jdt.annotation.Nullable
[WARNING] /Users/kgoderis/Development/openhab/git/openhab-core/bundles/org.openhab.core.ai.common/src/main/java/org/openhab/core/ai/common/actions/things/EnableThingAction.java:[276,35] Null type mismatch: required 'java.lang.@NonNull Object' but the provided value is inferred as @org.eclipse.jdt.annotation.Nullable
[WARNING] /Users/kgoderis/Development/openhab/git/openhab-core/bundles/org.openhab.core.ai.common/src/main/java/org/openhab/core/ai/common/actions/things/GetThingAction.java:[115,13] Redundant null check: comparing '@NonNull Map<String,Object>' against null
[WARNING] /Users/kgoderis/Development/openhab/git/openhab-core/bundles/org.openhab.core.ai.common/src/main/java/org/openhab/core/ai/common/actions/things/GetThingAction.java:[115,33] Dead code
[WARNING] /Users/kgoderis/Development/openhab/git/openhab-core/bundles/org.openhab.core.ai.common/src/main/java/org/openhab/core/ai/common/actions/things/GetThingAction.java:[151,41] Null type mismatch: required 'java.lang.@NonNull String' but the provided value is inferred as @org.eclipse.jdt.annotation.Nullable
[WARNING] /Users/kgoderis/Development/openhab/git/openhab-core/bundles/org.openhab.core.ai.common/src/main/java/org/openhab/core/ai/common/actions/things/GetThingAction.java:[174,71] Potential null pointer access: The method getBridgeUID() may return null
[WARNING] /Users/kgoderis/Development/openhab/git/openhab-core/bundles/org.openhab.core.ai.common/src/main/java/org/openhab/core/ai/common/actions/things/GetThingAction.java:[188,39] Potential null pointer access: this expression has a '@Nullable' type
[WARNING] /Users/kgoderis/Development/openhab/git/openhab-core/bundles/org.openhab.core.ai.common/src/main/java/org/openhab/core/ai/common/actions/things/GetThingAction.java:[256,18] The value of the local variable executionTime is not used
[WARNING] /Users/kgoderis/Development/openhab/git/openhab-core/bundles/org.openhab.core.ai.common/src/main/java/org/openhab/core/ai/common/actions/things/GetThingAction.java:[329,55] Potential null pointer access: The method getChannelTypeUID() may return null
[WARNING] /Users/kgoderis/Development/openhab/git/openhab-core/bundles/org.openhab.core.ai.common/src/main/java/org/openhab/core/ai/common/actions/things/GetThingConfigurationAction.java:[139,41] Null type mismatch: required 'java.lang.@NonNull String' but the provided value is inferred as @org.eclipse.jdt.annotation.Nullable
[WARNING] /Users/kgoderis/Development/openhab/git/openhab-core/bundles/org.openhab.core.ai.common/src/main/java/org/openhab/core/ai/common/actions/things/GetThingConfigurationAction.java:[174,18] The value of the local variable executionTime is not used
[WARNING] /Users/kgoderis/Development/openhab/git/openhab-core/bundles/org.openhab.core.ai.common/src/main/java/org/openhab/core/ai/common/actions/things/GetThingConfigurationAction.java:[247,39] Potential null pointer access: this expression has a '@Nullable' type
[WARNING] /Users/kgoderis/Development/openhab/git/openhab-core/bundles/org.openhab.core.ai.common/src/main/java/org/openhab/core/ai/common/actions/things/GetThingConfigurationAction.java:[257,31] Potential null pointer access: The method getConfigDescriptionURI() may return null
[WARNING] /Users/kgoderis/Development/openhab/git/openhab-core/bundles/org.openhab.core.ai.common/src/main/java/org/openhab/core/ai/common/actions/things/GetThingConfigurationAction.java:[283,63] Potential null pointer access: The method getChannelTypeUID() may return null
[WARNING] /Users/kgoderis/Development/openhab/git/openhab-core/bundles/org.openhab.core.ai.common/src/main/java/org/openhab/core/ai/common/actions/things/GetThingConfigurationAction.java:[297,41] Potential null pointer access: The method getBridgeUID() may return null
[WARNING] /Users/kgoderis/Development/openhab/git/openhab-core/bundles/org.openhab.core.ai.common/src/main/java/org/openhab/core/ai/common/actions/things/GetThingStatusAction.java:[146,41] Null type mismatch: required 'java.lang.@NonNull String' but the provided value is inferred as @org.eclipse.jdt.annotation.Nullable
[WARNING] /Users/kgoderis/Development/openhab/git/openhab-core/bundles/org.openhab.core.ai.common/src/main/java/org/openhab/core/ai/common/actions/things/GetThingStatusAction.java:[173,56] Potential null pointer access: The method getBridgeUID() may return null
[WARNING] /Users/kgoderis/Development/openhab/git/openhab-core/bundles/org.openhab.core.ai.common/src/main/java/org/openhab/core/ai/common/actions/things/GetThingStatusAction.java:[210,18] The value of the local variable executionTime is not used
[WARNING] /Users/kgoderis/Development/openhab/git/openhab-core/bundles/org.openhab.core.ai.common/src/main/java/org/openhab/core/ai/common/actions/things/GetThingStatusAction.java:[308,42] Potential null pointer access: this expression has a '@Nullable' type
[WARNING] /Users/kgoderis/Development/openhab/git/openhab-core/bundles/org.openhab.core.ai.common/src/main/java/org/openhab/core/ai/common/actions/things/GetThingStatusAction.java:[349,21] Redundant null check: The variable state cannot be null at this location
[WARNING] /Users/kgoderis/Development/openhab/git/openhab-core/bundles/org.openhab.core.ai.common/src/main/java/org/openhab/core/ai/common/actions/things/ListThingsAction.java:[213,32] Potential null pointer access: The method get(Object) may return null
[WARNING] /Users/kgoderis/Development/openhab/git/openhab-core/bundles/org.openhab.core.ai.common/src/main/java/org/openhab/core/ai/common/actions/things/ListThingsAction.java:[218,18] The value of the local variable executionTime is not used
[WARNING] /Users/kgoderis/Development/openhab/git/openhab-core/bundles/org.openhab.core.ai.common/src/main/java/org/openhab/core/ai/common/actions/things/ListThingsAction.java:[349,43] Redundant null check: The variable config cannot be null at this location
[WARNING] /Users/kgoderis/Development/openhab/git/openhab-core/bundles/org.openhab.core.ai.common/src/main/java/org/openhab/core/ai/common/actions/things/ListThingsAction.java:[368,70] Potential null pointer access: The method getChannelTypeUID() may return null
[WARNING] /Users/kgoderis/Development/openhab/git/openhab-core/bundles/org.openhab.core.ai.common/src/main/java/org/openhab/core/ai/common/actions/things/ListThingsAction.java:[373,41] Redundant null check: The variable config cannot be null at this location
[WARNING] /Users/kgoderis/Development/openhab/git/openhab-core/bundles/org.openhab.core.ai.common/src/main/java/org/openhab/core/ai/common/actions/things/SearchThingsAction.java:[106,13] Redundant null check: comparing '@NonNull Map<String,Object>' against null
[WARNING] /Users/kgoderis/Development/openhab/git/openhab-core/bundles/org.openhab.core.ai.common/src/main/java/org/openhab/core/ai/common/actions/things/SearchThingsAction.java:[106,33] Dead code
[WARNING] /Users/kgoderis/Development/openhab/git/openhab-core/bundles/org.openhab.core.ai.common/src/main/java/org/openhab/core/ai/common/actions/things/SearchThingsAction.java:[148,33] Potential null pointer access: The method get(Object) may return null
[WARNING] /Users/kgoderis/Development/openhab/git/openhab-core/bundles/org.openhab.core.ai.common/src/main/java/org/openhab/core/ai/common/actions/things/SearchThingsAction.java:[199,18] The value of the local variable executionTime is not used
[WARNING] /Users/kgoderis/Development/openhab/git/openhab-core/bundles/org.openhab.core.ai.common/src/main/java/org/openhab/core/ai/common/actions/things/SearchThingsAction.java:[318,66] Potential null pointer access: The method getBridgeUID() may return null
[WARNING] /Users/kgoderis/Development/openhab/git/openhab-core/bundles/org.openhab.core.ai.common/src/main/java/org/openhab/core/ai/common/actions/things/ThingBridgeAction.java:[115,13] Redundant null check: comparing '@NonNull Map<String,Object>' against null
[WARNING] /Users/kgoderis/Development/openhab/git/openhab-core/bundles/org.openhab.core.ai.common/src/main/java/org/openhab/core/ai/common/actions/things/ThingBridgeAction.java:[244,29] Redundant null check: comparing '@NonNull ThingTypeUID' against null
[WARNING] /Users/kgoderis/Development/openhab/git/openhab-core/bundles/org.openhab.core.ai.common/src/main/java/org/openhab/core/ai/common/actions/things/ThingBridgeAction.java:[292,39] Redundant null check: comparing '@NonNull ThingTypeUID' against null
[WARNING] /Users/kgoderis/Development/openhab/git/openhab-core/bundles/org.openhab.core.ai.common/src/main/java/org/openhab/core/ai/common/actions/things/ThingBridgeAction.java:[293,44] Potential null pointer access: this expression has a '@Nullable' type
[WARNING] /Users/kgoderis/Development/openhab/git/openhab-core/bundles/org.openhab.core.ai.common/src/main/java/org/openhab/core/ai/common/actions/things/ThingBridgeAction.java:[328,38] Redundant null check: comparing '@NonNull ThingTypeUID' against null
[WARNING] /Users/kgoderis/Development/openhab/git/openhab-core/bundles/org.openhab.core.ai.common/src/main/java/org/openhab/core/ai/common/actions/things/ThingChannelsAction.java:[116,13] Redundant null check: comparing '@NonNull Map<String,Object>' against null
[WARNING] /Users/kgoderis/Development/openhab/git/openhab-core/bundles/org.openhab.core.ai.common/src/main/java/org/openhab/core/ai/common/actions/things/ThingChannelsAction.java:[297,39] Potential null pointer access: this expression has a '@Nullable' type
[WARNING] /Users/kgoderis/Development/openhab/git/openhab-core/bundles/org.openhab.core.ai.common/src/main/java/org/openhab/core/ai/common/actions/things/ThingChannelsAction.java:[307,58] Potential null pointer access: The method getState() may return null
[WARNING] /Users/kgoderis/Development/openhab/git/openhab-core/bundles/org.openhab.core.ai.common/src/main/java/org/openhab/core/ai/common/actions/things/ThingChannelsAction.java:[309,69] Potential null pointer access: The method getAutoUpdatePolicy() may return null
[WARNING] /Users/kgoderis/Development/openhab/git/openhab-core/bundles/org.openhab.core.ai.common/src/main/java/org/openhab/core/ai/common/actions/things/ThingConfigurationAction.java:[174,18] The value of the local variable executionTime is not used
[WARNING] /Users/kgoderis/Development/openhab/git/openhab-core/bundles/org.openhab.core.ai.common/src/main/java/org/openhab/core/ai/common/actions/things/ThingConfigurationAction.java:[294,23] Unnecessary @SuppressWarnings("unchecked")
[WARNING] /Users/kgoderis/Development/openhab/git/openhab-core/bundles/org.openhab.core.ai.common/src/main/java/org/openhab/core/ai/common/actions/things/ThingConfigurationAction.java:[328,27] Potential null pointer access: This expression of type java.lang.Boolean may be null but requires auto-unboxing
[WARNING] /Users/kgoderis/Development/openhab/git/openhab-core/bundles/org.openhab.core.ai.common/src/main/java/org/openhab/core/ai/common/actions/things/ThingConfigurationAction.java:[455,34] Redundant null check: comparing '@NonNull Configuration' against null
[WARNING] /Users/kgoderis/Development/openhab/git/openhab-core/bundles/org.openhab.core.ai.common/src/main/java/org/openhab/core/ai/common/actions/things/ThingConfigurationAction.java:[484,21] Redundant null check: comparing '@NonNull Configuration' against null
[WARNING] /Users/kgoderis/Development/openhab/git/openhab-core/bundles/org.openhab.core.ai.common/src/main/java/org/openhab/core/ai/common/actions/things/ThingLocationAction.java:[110,13] Redundant null check: comparing '@NonNull Map<String,Object>' against null
[WARNING] /Users/kgoderis/Development/openhab/git/openhab-core/bundles/org.openhab.core.ai.common/src/main/java/org/openhab/core/ai/common/actions/things/ThingLocationAction.java:[271,38] Potential null pointer access: The variable loc1 may be null at this location
[WARNING] /Users/kgoderis/Development/openhab/git/openhab-core/bundles/org.openhab.core.ai.common/src/main/java/org/openhab/core/ai/common/actions/things/ThingLocationAction.java:[271,63] Null type mismatch: required 'java.lang.@NonNull String' but the provided value is inferred as @org.eclipse.jdt.annotation.Nullable
[WARNING] /Users/kgoderis/Development/openhab/git/openhab-core/bundles/org.openhab.core.ai.common/src/main/java/org/openhab/core/ai/common/actions/things/ThingLocationAction.java:[276,38] Potential null pointer access: The variable label1 may be null at this location
[WARNING] /Users/kgoderis/Development/openhab/git/openhab-core/bundles/org.openhab.core.ai.common/src/main/java/org/openhab/core/ai/common/actions/things/ThingLocationAction.java:[276,65] Null type mismatch: required 'java.lang.@NonNull String' but the provided value is inferred as @org.eclipse.jdt.annotation.Nullable
[WARNING] /Users/kgoderis/Development/openhab/git/openhab-core/bundles/org.openhab.core.ai.common/src/main/java/org/openhab/core/ai/common/actions/things/ThingLocationAction.java:[344,38] Redundant null check: comparing '@NonNull ThingTypeUID' against null
[WARNING] /Users/kgoderis/Development/openhab/git/openhab-core/bundles/org.openhab.core.ai.common/src/main/java/org/openhab/core/ai/common/actions/things/ThingLocationAction.java:[349,66] Potential null pointer access: The method getBridgeUID() may return null
[WARNING] /Users/kgoderis/Development/openhab/git/openhab-core/bundles/org.openhab.core.ai.common/src/main/java/org/openhab/core/ai/common/actions/things/ThingPropertiesAction.java:[113,13] Redundant null check: comparing '@NonNull Map<String,Object>' against null
[WARNING] /Users/kgoderis/Development/openhab/git/openhab-core/bundles/org.openhab.core.ai.common/src/main/java/org/openhab/core/ai/common/actions/things/ThingPropertiesAction.java:[223,21] Redundant null check: comparing '@NonNull ThingTypeUID' against null
[WARNING] /Users/kgoderis/Development/openhab/git/openhab-core/bundles/org.openhab.core.ai.common/src/main/java/org/openhab/core/ai/common/actions/things/ThingPropertiesAction.java:[229,77] Potential null pointer access: The method getBridgeUID() may return null
[WARNING] /Users/kgoderis/Development/openhab/git/openhab-core/bundles/org.openhab.core.ai.common/src/main/java/org/openhab/core/ai/common/actions/things/ThingPropertiesAction.java:[235,71] Redundant null check: comparing '@NonNull ThingTypeUID' against null
[WARNING] /Users/kgoderis/Development/openhab/git/openhab-core/bundles/org.openhab.core.ai.common/src/main/java/org/openhab/core/ai/common/actions/things/ThingPropertiesAction.java:[236,39] Potential null pointer access: this expression has a '@Nullable' type
[WARNING] /Users/kgoderis/Development/openhab/git/openhab-core/bundles/org.openhab.core.ai.common/src/main/java/org/openhab/core/ai/common/actions/things/ThingPropertiesAction.java:[259,25] Redundant null check: comparing '@NonNull ThingTypeUID' against null
[WARNING] /Users/kgoderis/Development/openhab/git/openhab-core/bundles/org.openhab.core.ai.common/src/main/java/org/openhab/core/ai/common/actions/things/ThingPropertiesAction.java:[261,25] Redundant null check: comparing '@NonNull ThingTypeUID' against null
[WARNING] /Users/kgoderis/Development/openhab/git/openhab-core/bundles/org.openhab.core.ai.common/src/main/java/org/openhab/core/ai/common/actions/things/ThingStatusAction.java:[151,18] The value of the local variable executionTime is not used
[WARNING] /Users/kgoderis/Development/openhab/git/openhab-core/bundles/org.openhab.core.ai.common/src/main/java/org/openhab/core/ai/common/api/action/AIActionContext.java:[117,36] Redundant null check: comparing '@NonNull Map<@NonNull String,@NonNull Object>' against null
[WARNING] /Users/kgoderis/Development/openhab/git/openhab-core/bundles/org.openhab.core.ai.common/src/main/java/org/openhab/core/ai/common/api/action/AIActionException.java:[15,14] The serializable class AIActionException does not declare a static final serialVersionUID field of type long
[WARNING] /Users/kgoderis/Development/openhab/git/openhab-core/bundles/org.openhab.core.ai.common/src/main/java/org/openhab/core/ai/common/api/action/AIActionMetadata.java:[36,29] Redundant null check: comparing '@NonNull List<@NonNull String>' against null
[WARNING] /Users/kgoderis/Development/openhab/git/openhab-core/bundles/org.openhab.core.ai.common/src/main/java/org/openhab/core/ai/common/api/action/AIActionMetadata.java:[37,35] Redundant null check: comparing '@NonNull Map<@NonNull String,@NonNull Object>' against null
[WARNING] /Users/kgoderis/Development/openhab/git/openhab-core/bundles/org.openhab.core.ai.common/src/main/java/org/openhab/core/ai/common/api/action/AIActionMetadata.java:[38,32] Redundant null check: comparing '@NonNull Instant' against null
[WARNING] /Users/kgoderis/Development/openhab/git/openhab-core/bundles/org.openhab.core.ai.common/src/main/java/org/openhab/core/ai/common/api/action/AIActionMetadata.java:[39,37] Redundant null check: comparing '@NonNull Instant' against null
[WARNING] /Users/kgoderis/Development/openhab/git/openhab-core/bundles/org.openhab.core.ai.common/src/main/java/org/openhab/core/ai/common/api/action/AIActionMetadata.java:[41,33] Redundant null check: comparing '@NonNull List<@NonNull String>' against null
[WARNING] /Users/kgoderis/Development/openhab/git/openhab-core/bundles/org.openhab.core.ai.common/src/main/java/org/openhab/core/ai/common/api/action/AIActionMetadata.java:[42,37] Redundant null check: comparing '@NonNull Map<@NonNull String,@NonNull Object>' against null
[WARNING] /Users/kgoderis/Development/openhab/git/openhab-core/bundles/org.openhab.core.ai.common/src/main/java/org/openhab/core/ai/common/api/action/AIActionRegistry.java:[86,59] Potential null pointer access: this expression has a '@Nullable' type
[WARNING] /Users/kgoderis/Development/openhab/git/openhab-core/bundles/org.openhab.core.ai.common/src/main/java/org/openhab/core/ai/common/api/action/AIActionRegistry.java:[89,39] Potential null pointer access: this expression has a '@Nullable' type
[WARNING] /Users/kgoderis/Development/openhab/git/openhab-core/bundles/org.openhab.core.ai.common/src/main/java/org/openhab/core/ai/common/api/action/AIActionRegistry.java:[90,25] Redundant null check: The variable action cannot be null at this location
[WARNING] /Users/kgoderis/Development/openhab/git/openhab-core/bundles/org.openhab.core.ai.common/src/main/java/org/openhab/core/ai/common/api/action/AIActionRegistry.java:[93,25] Potential null pointer access: this expression has a '@Nullable' type
[WARNING] /Users/kgoderis/Development/openhab/git/openhab-core/bundles/org.openhab.core.ai.common/src/main/java/org/openhab/core/ai/common/api/action/AIActionResult.java:[37,25] Redundant null check: comparing '@NonNull Map<@NonNull String,@NonNull Object>' against null
[WARNING] /Users/kgoderis/Development/openhab/git/openhab-core/bundles/org.openhab.core.ai.common/src/main/java/org/openhab/core/ai/common/api/action/AIActionValidationResult.java:[28,23] Redundant null check: comparing '@NonNull List<@NonNull String>' against null
[WARNING] /Users/kgoderis/Development/openhab/git/openhab-core/bundles/org.openhab.core.ai.common/src/main/java/org/openhab/core/ai/common/api/action/AIActionValidationResult.java:[29,25] Redundant null check: comparing '@NonNull List<@NonNull String>' against null
[WARNING] /Users/kgoderis/Development/openhab/git/openhab-core/bundles/org.openhab.core.ai.common/src/main/java/org/openhab/core/ai/common/api/action/AIActionValidationResult.java:[30,36] Redundant null check: comparing '@NonNull Map<@NonNull String,@NonNull Object>' against null
[WARNING] /Users/kgoderis/Development/openhab/git/openhab-core/bundles/org.openhab.core.ai.common/src/main/java/org/openhab/core/ai/common/auth/AIAuthenticationContext.java:[29,19] The nullness annotation is redundant with a default that applies to this location
[WARNING] /Users/kgoderis/Development/openhab/git/openhab-core/bundles/org.openhab.core.ai.common/src/main/java/org/openhab/core/ai/common/auth/AIAuthenticationContext.java:[175,51] Potential null pointer access: this expression has a '@Nullable' type
[WARNING] /Users/kgoderis/Development/openhab/git/openhab-core/bundles/org.openhab.core.ai.common/src/main/java/org/openhab/core/ai/common/auth/AIAuthenticationManager.java:[58,13] Redundant null check: comparing '@NonNull AIAuthenticationProvider' against null
[WARNING] /Users/kgoderis/Development/openhab/git/openhab-core/bundles/org.openhab.core.ai.common/src/main/java/org/openhab/core/ai/common/auth/AIAuthenticationManager.java:[58,31] Dead code
[WARNING] /Users/kgoderis/Development/openhab/git/openhab-core/bundles/org.openhab.core.ai.common/src/main/java/org/openhab/core/ai/common/auth/AIAuthenticationManager.java:[130,92] Null type mismatch: required 'java.lang.@NonNull String' but the provided value is inferred as @org.eclipse.jdt.annotation.Nullable
[WARNING] /Users/kgoderis/Development/openhab/git/openhab-core/bundles/org.openhab.core.ai.common/src/main/java/org/openhab/core/ai/common/auth/AIAuthenticationManager.java:[164,21] Null type mismatch: required 'java.lang.@NonNull String' but the provided value is inferred as @org.eclipse.jdt.annotation.Nullable
[WARNING] /Users/kgoderis/Development/openhab/git/openhab-core/bundles/org.openhab.core.ai.common/src/main/java/org/openhab/core/ai/common/auth/AIAuthenticationManager.java:[177,13] Redundant null check: comparing '@NonNull AIAuthenticationContext' against null
[WARNING] /Users/kgoderis/Development/openhab/git/openhab-core/bundles/org.openhab.core.ai.common/src/main/java/org/openhab/core/ai/common/auth/AIAuthenticationManager.java:[203,13] Redundant null check: comparing '@NonNull AIAuthenticationContext' against null
[WARNING] /Users/kgoderis/Development/openhab/git/openhab-core/bundles/org.openhab.core.ai.common/src/main/java/org/openhab/core/ai/common/auth/AIAuthenticationManager.java:[203,30] Dead code
[WARNING] /Users/kgoderis/Development/openhab/git/openhab-core/bundles/org.openhab.core.ai.common/src/main/java/org/openhab/core/ai/common/auth/AIAuthenticationManager.java:[277,13] Redundant null check: comparing '@NonNull AIAuthenticationListener' against null
[WARNING] /Users/kgoderis/Development/openhab/git/openhab-core/bundles/org.openhab.core.ai.common/src/main/java/org/openhab/core/ai/common/auth/APIKeyAuthenticationProvider.java:[42,29] Redundant null check: comparing '@NonNull String' against null
[WARNING] /Users/kgoderis/Development/openhab/git/openhab-core/bundles/org.openhab.core.ai.common/src/main/java/org/openhab/core/ai/common/auth/APIKeyAuthenticationProvider.java:[54,13] Redundant null check: comparing '@NonNull String' against null
[WARNING] /Users/kgoderis/Development/openhab/git/openhab-core/bundles/org.openhab.core.ai.common/src/main/java/org/openhab/core/ai/common/auth/APIKeyAuthenticationProvider.java:[109,13] Redundant null check: comparing '@NonNull AIAuthenticationContext' against null
[WARNING] /Users/kgoderis/Development/openhab/git/openhab-core/bundles/org.openhab.core.ai.common/src/main/java/org/openhab/core/ai/common/auth/APIKeyAuthenticationProvider.java:[109,30] Dead code
[WARNING] /Users/kgoderis/Development/openhab/git/openhab-core/bundles/org.openhab.core.ai.common/src/main/java/org/openhab/core/ai/common/auth/APIKeyAuthenticationProvider.java:[175,13] Redundant null check: comparing '@NonNull String' against null
[WARNING] /Users/kgoderis/Development/openhab/git/openhab-core/bundles/org.openhab.core.ai.common/src/main/java/org/openhab/core/ai/common/auth/OAuth21AuthenticationProvider.java:[32,26] The value of the field org.openhab.core.ai.common.auth.OAuth21AuthenticationProvider.clientSecret is not used
[WARNING] /Users/kgoderis/Development/openhab/git/openhab-core/bundles/org.openhab.core.ai.common/src/main/java/org/openhab/core/ai/common/auth/OAuth21AuthenticationProvider.java:[33,26] The value of the field org.openhab.core.ai.common.auth.OAuth21AuthenticationProvider.redirectUri is not used
[WARNING] /Users/kgoderis/Development/openhab/git/openhab-core/bundles/org.openhab.core.ai.common/src/main/java/org/openhab/core/ai/common/auth/OAuth21AuthenticationProvider.java:[34,27] The value of the field org.openhab.core.ai.common.auth.OAuth21AuthenticationProvider.pkceEnabled is not used
[WARNING] /Users/kgoderis/Development/openhab/git/openhab-core/bundles/org.openhab.core.ai.common/src/main/java/org/openhab/core/ai/common/auth/OAuth21AuthenticationProvider.java:[114,13] Redundant null check: comparing '@NonNull AIAuthenticationContext' against null
[WARNING] /Users/kgoderis/Development/openhab/git/openhab-core/bundles/org.openhab.core.ai.common/src/main/java/org/openhab/core/ai/common/auth/OAuth21AuthenticationProvider.java:[114,30] Dead code
[WARNING] /Users/kgoderis/Development/openhab/git/openhab-core/bundles/org.openhab.core.ai.common/src/main/java/org/openhab/core/ai/common/auth/OAuth21AuthenticationProvider.java:[181,13] Redundant null check: comparing '@NonNull String' against null
[WARNING] /Users/kgoderis/Development/openhab/git/openhab-core/bundles/org.openhab.core.ai.common/src/main/java/org/openhab/core/ai/common/auth/OAuth21AuthenticationProvider.java:[255,23] The method getIssuer() from the type org.openhab.core.ai.common.auth.OAuth21AuthenticationProvider.OAuthTokenInfo is never used locally
[WARNING] /Users/kgoderis/Development/openhab/git/openhab-core/bundles/org.openhab.core.ai.common/src/main/java/org/openhab/core/ai/common/auth/OpenHABUsersAuthenticationProvider.java:[45,30] Redundant null check: comparing '@NonNull String' against null
[WARNING] /Users/kgoderis/Development/openhab/git/openhab-core/bundles/org.openhab.core.ai.common/src/main/java/org/openhab/core/ai/common/auth/OpenHABUsersAuthenticationProvider.java:[94,13] Redundant null check: comparing '@NonNull AIAuthenticationContext' against null
[WARNING] /Users/kgoderis/Development/openhab/git/openhab-core/bundles/org.openhab.core.ai.common/src/main/java/org/openhab/core/ai/common/auth/OpenHABUsersAuthenticationProvider.java:[94,30] Dead code
[WARNING] /Users/kgoderis/Development/openhab/git/openhab-core/bundles/org.openhab.core.ai.common/src/main/java/org/openhab/core/ai/common/config/AIConfigurationServiceImpl.java:[86,13] Redundant null check: comparing '@NonNull String' against null
[WARNING] /Users/kgoderis/Development/openhab/git/openhab-core/bundles/org.openhab.core.ai.common/src/main/java/org/openhab/core/ai/common/config/AIConfigurationServiceImpl.java:[110,17] Redundant null check: The variable configValue cannot be null at this location
[WARNING] /Users/kgoderis/Development/openhab/git/openhab-core/bundles/org.openhab.core.ai.common/src/main/java/org/openhab/core/ai/common/config/AIConfigurationServiceImpl.java:[111,36] Null type safety: required '@NonNull' but this expression has type 'T', a free type variable that may represent a '@Nullable' type
[WARNING] /Users/kgoderis/Development/openhab/git/openhab-core/bundles/org.openhab.core.ai.common/src/main/java/org/openhab/core/ai/common/config/AIConfigurationServiceImpl.java:[112,20] Dead code
[WARNING] /Users/kgoderis/Development/openhab/git/openhab-core/bundles/org.openhab.core.ai.common/src/main/java/org/openhab/core/ai/common/config/AIConfigurationServiceImpl.java:[123,16] Null type mismatch (type annotations): required 'T' but this expression has type '@Nullable T', where 'T' is a free type variable
[WARNING] /Users/kgoderis/Development/openhab/git/openhab-core/bundles/org.openhab.core.ai.common/src/main/java/org/openhab/core/ai/common/config/AIConfigurationServiceImpl.java:[128,13] Redundant null check: comparing '@NonNull String' against null
[WARNING] /Users/kgoderis/Development/openhab/git/openhab-core/bundles/org.openhab.core.ai.common/src/main/java/org/openhab/core/ai/common/config/AIConfigurationServiceImpl.java:[136,41] Null type mismatch: required 'java.lang.@NonNull String' but the provided value is inferred as @org.eclipse.jdt.annotation.Nullable
[WARNING] /Users/kgoderis/Development/openhab/git/openhab-core/bundles/org.openhab.core.ai.common/src/main/java/org/openhab/core/ai/common/config/AIConfigurationServiceImpl.java:[143,13] Redundant null check: comparing '@NonNull String' against null
[WARNING] /Users/kgoderis/Development/openhab/git/openhab-core/bundles/org.openhab.core.ai.common/src/main/java/org/openhab/core/ai/common/config/AIConfigurationServiceImpl.java:[159,13] Redundant null check: comparing '@NonNull String' against null
[WARNING] /Users/kgoderis/Development/openhab/git/openhab-core/bundles/org.openhab.core.ai.common/src/main/java/org/openhab/core/ai/common/config/AIConfigurationServiceImpl.java:[159,29] Dead code
[WARNING] /Users/kgoderis/Development/openhab/git/openhab-core/bundles/org.openhab.core.ai.common/src/main/java/org/openhab/core/ai/common/config/AIConfigurationServiceImpl.java:[169,13] Redundant null check: comparing '@NonNull String' against null
[WARNING] /Users/kgoderis/Development/openhab/git/openhab-core/bundles/org.openhab.core.ai.common/src/main/java/org/openhab/core/ai/common/config/AIConfigurationServiceImpl.java:[169,29] Dead code
[WARNING] /Users/kgoderis/Development/openhab/git/openhab-core/bundles/org.openhab.core.ai.common/src/main/java/org/openhab/core/ai/common/config/AIConfigurationServiceImpl.java:[179,16] Redundant null check: comparing '@NonNull String' against null
[WARNING] /Users/kgoderis/Development/openhab/git/openhab-core/bundles/org.openhab.core.ai.common/src/main/java/org/openhab/core/ai/common/config/AIConfigurationServiceImpl.java:[184,13] Redundant null check: comparing '@NonNull String' against null
[WARNING] /Users/kgoderis/Development/openhab/git/openhab-core/bundles/org.openhab.core.ai.common/src/main/java/org/openhab/core/ai/common/config/AIConfigurationServiceImpl.java:[225,13] Redundant null check: comparing '@NonNull String' against null
[WARNING] /Users/kgoderis/Development/openhab/git/openhab-core/bundles/org.openhab.core.ai.common/src/main/java/org/openhab/core/ai/common/config/AIConfigurationServiceImpl.java:[225,33] Redundant null check: comparing '@NonNull AIProtocolConfiguration' against null
[WARNING] /Users/kgoderis/Development/openhab/git/openhab-core/bundles/org.openhab.core.ai.common/src/main/java/org/openhab/core/ai/common/config/AIConfigurationServiceImpl.java:[281,13] Redundant null check: comparing '@NonNull AIConfigurationChangeListener' against null
[WARNING] /Users/kgoderis/Development/openhab/git/openhab-core/bundles/org.openhab.core.ai.common/src/main/java/org/openhab/core/ai/common/config/AIConfigurationServiceImpl.java:[289,13] Redundant null check: comparing '@NonNull AIConfigurationChangeListener' against null
[WARNING] /Users/kgoderis/Development/openhab/git/openhab-core/bundles/org.openhab.core.ai.common/src/main/java/org/openhab/core/ai/common/config/AIConfigurationServiceImpl.java:[345,40] Null type mismatch: required 'java.lang.@NonNull String' but the provided value is inferred as @org.eclipse.jdt.annotation.Nullable
[WARNING] /Users/kgoderis/Development/openhab/git/openhab-core/bundles/org.openhab.core.ai.common/src/main/java/org/openhab/core/ai/common/config/AIConfigurationServiceImpl.java:[391,13] Redundant null check: comparing '@NonNull String' against null
[WARNING] /Users/kgoderis/Development/openhab/git/openhab-core/bundles/org.openhab.core.ai.common/src/main/java/org/openhab/core/ai/common/config/AIConfigurationServiceImpl.java:[391,28] Dead code
[WARNING] /Users/kgoderis/Development/openhab/git/openhab-core/bundles/org.openhab.core.ai.common/src/main/java/org/openhab/core/ai/common/config/AIProtocolConfiguration.java:[46,37] Redundant null check: comparing '@NonNull Map<@NonNull String,@NonNull String>' against null
[WARNING] /Users/kgoderis/Development/openhab/git/openhab-core/bundles/org.openhab.core.ai.common/src/main/java/org/openhab/core/ai/common/config/AIProtocolConfiguration.java:[47,39] Redundant null check: comparing '@NonNull Map<@NonNull String,@NonNull Object>' against null
[WARNING] /Users/kgoderis/Development/openhab/git/openhab-core/bundles/org.openhab.core.ai.common/src/main/java/org/openhab/core/ai/common/stub/AIStubFramework.java:[27,39] The value of the field org.openhab.core.ai.common.stub.AIStubFramework.configuration is not used
[WARNING] /Users/kgoderis/Development/openhab/git/openhab-core/bundles/org.openhab.core.ai.common/src/main/java/org/openhab/core/ai/common/util/AIUtils.java:[89,16] Redundant null check: comparing '@NonNull String' against null
[WARNING] /Users/kgoderis/Development/openhab/git/openhab-core/bundles/org.openhab.core.ai.common/src/main/java/org/openhab/core/ai/common/util/AIUtils.java:[100,16] Redundant null check: comparing '@NonNull String' against null
[WARNING] /Users/kgoderis/Development/openhab/git/openhab-core/bundles/org.openhab.core.ai.common/src/main/java/org/openhab/core/ai/common/util/AIUtils.java:[111,13] Redundant null check: comparing '@NonNull String' against null
[WARNING] /Users/kgoderis/Development/openhab/git/openhab-core/bundles/org.openhab.core.ai.common/src/main/java/org/openhab/core/ai/common/util/AIUtils.java:[129,13] Redundant null check: comparing '@NonNull String' against null
[WARNING] /Users/kgoderis/Development/openhab/git/openhab-core/bundles/org.openhab.core.ai.common/src/main/java/org/openhab/core/ai/common/util/AIUtils.java:[129,28] Dead code
[WARNING] /Users/kgoderis/Development/openhab/git/openhab-core/bundles/org.openhab.core.ai.common/src/main/java/org/openhab/core/ai/common/util/AIUtils.java:[148,16] Redundant null check: comparing '@NonNull Instant' against null
[WARNING] /Users/kgoderis/Development/openhab/git/openhab-core/bundles/org.openhab.core.ai.common/src/main/java/org/openhab/core/ai/common/util/AIUtils.java:[158,16] Redundant null check: comparing '@NonNull String' against null
[WARNING] /Users/kgoderis/Development/openhab/git/openhab-core/bundles/org.openhab.core.ai.common/src/main/java/org/openhab/core/ai/common/util/AIUtils.java:[178,16] Redundant null check: comparing '@NonNull Object' against null
[WARNING] /Users/kgoderis/Development/openhab/git/openhab-core/bundles/org.openhab.core.ai.common/src/main/java/org/openhab/core/ai/common/util/AIUtils.java:[189,42] Redundant null check: comparing '@NonNull String' against null
[WARNING] /Users/kgoderis/Development/openhab/git/openhab-core/bundles/org.openhab.core.ai.common/src/main/java/org/openhab/core/ai/common/util/AIUtils.java:[190,17] Redundant null check: comparing '@NonNull String' against null
[WARNING] /Users/kgoderis/Development/openhab/git/openhab-core/bundles/org.openhab.core.ai.common/src/main/java/org/openhab/core/ai/common/util/AIUtils.java:[203,13] Redundant null check: comparing '@NonNull Map<K,V>' against null
[WARNING] /Users/kgoderis/Development/openhab/git/openhab-core/bundles/org.openhab.core.ai.common/src/main/java/org/openhab/core/ai/common/util/AIUtils.java:[203,43] Dead code
[WARNING] /Users/kgoderis/Development/openhab/git/openhab-core/bundles/org.openhab.core.ai.common/src/main/java/org/openhab/core/ai/common/util/AIUtils.java:[206,13] Redundant null check: comparing '@NonNull Map<K,V>' against null
[WARNING] /Users/kgoderis/Development/openhab/git/openhab-core/bundles/org.openhab.core.ai.common/src/main/java/org/openhab/core/ai/common/util/AIUtils.java:[206,27] Dead code
[WARNING] /Users/kgoderis/Development/openhab/git/openhab-core/bundles/org.openhab.core.ai.common/src/main/java/org/openhab/core/ai/common/util/AIUtils.java:[209,13] Redundant null check: comparing '@NonNull Map<K,V>' against null
[WARNING] /Users/kgoderis/Development/openhab/git/openhab-core/bundles/org.openhab.core.ai.common/src/main/java/org/openhab/core/ai/common/util/AIUtils.java:[209,27] Dead code
[INFO] 1471 warnings 
[INFO] -------------------------------------------------------------
[INFO] -------------------------------------------------------------
[ERROR] COMPILATION ERROR : 
[INFO] -------------------------------------------------------------
[ERROR] /Users/kgoderis/Development/openhab/git/openhab-core/bundles/org.openhab.core.ai.common/src/main/java/org/openhab/core/ai/common/config/AIProtocolConfiguration.java:[237,71] Null type mismatch (type annotations): required 'java.lang.@NonNull String' but this expression has type 'java.lang.@Nullable String'
[INFO] 1 error
[INFO] -------------------------------------------------------------
[INFO] ------------------------------------------------------------------------
[INFO] Reactor Summary for openHAB Core :: Bundles 5.0.0-SNAPSHOT:
[INFO] 
[INFO] openHAB Core :: Bundles ............................ SUCCESS [  3.198 s]
[INFO] openHAB Core :: Bundles :: Core .................... SUCCESS [  5.528 s]
[INFO] openHAB Core :: Bundles :: Test .................... SUCCESS [  0.432 s]
[INFO] openHAB Core :: Bundles :: Configuration Core ...... SUCCESS [  1.192 s]
[INFO] openHAB Core :: Bundles :: Add-on XML .............. SUCCESS [  1.270 s]
[INFO] openHAB Core :: Bundles :: Eclipse Add-on Service .. SUCCESS [  0.211 s]
[INFO] openHAB Core :: Bundles :: Console ................. SUCCESS [  0.326 s]
[INFO] openHAB Core :: Bundles :: Transformation Service .. SUCCESS [  0.314 s]
[INFO] openHAB Core :: Bundles :: Semantics ............... SUCCESS [  0.358 s]
[INFO] openHAB Core :: Bundles :: Thing ................... SUCCESS [  2.442 s]
[INFO] openHAB Core :: Bundles :: Ephemeris ............... SUCCESS [  0.244 s]
[INFO] openHAB Core :: Bundles :: Automation .............. SUCCESS [  2.043 s]
[INFO] openHAB Core :: Bundles :: Model Core .............. SUCCESS [ 57.338 s]
[INFO] openHAB Core :: Bundles :: Persistence ............. SUCCESS [  0.548 s]
[INFO] openHAB Core :: Bundles :: Model Sitemap ........... SUCCESS [  7.394 s]
[INFO] openHAB Core :: Bundles :: UI ...................... SUCCESS [  1.017 s]
[INFO] openHAB Core :: Bundles :: Marketplace Add-on Services SUCCESS [  0.463 s]
[INFO] openHAB Core :: Bundles :: Community Marketplace Add-on Service :: Karaf SUCCESS [  0.200 s]
[INFO] openHAB Core :: Bundles :: AI :: Common ............ FAILURE [  4.962 s]
[INFO] openHAB Core :: Bundles :: AI :: MCP ............... SKIPPED
[INFO] openHAB Core :: Bundles :: AI :: A2A ............... SKIPPED
[INFO] openHAB Core :: Bundles :: JAAS Authentication ..... SKIPPED
[INFO] openHAB Core :: Bundles :: Network I/O ............. SKIPPED
[INFO] openHAB Core :: Bundles :: OAuth2Client ............ SKIPPED
[INFO] openHAB Core :: Bundles :: Automation Script Modules SKIPPED
[INFO] openHAB Core :: Bundles :: Audio ................... SKIPPED
[INFO] openHAB Core :: Bundles :: Voice ................... SKIPPED
[INFO] openHAB Core :: Bundles :: Automation Media Modules  SKIPPED
[INFO] openHAB Core :: Bundles :: Automation Script RuleSupport SKIPPED
[INFO] openHAB Core :: Bundles :: REST Interface .......... SKIPPED
[INFO] openHAB Core :: Bundles :: Automation REST API ..... SKIPPED
[INFO] openHAB Core :: Bundles :: Configuration Discovery . SKIPPED
[INFO] openHAB Core :: Bundles :: Add-on Suggestion Service SKIPPED
[INFO] openHAB Core :: Bundles :: IP-based Suggested Add-on Finder SKIPPED
[INFO] openHAB Core :: Bundles :: mDNS Service ............ SKIPPED
[INFO] openHAB Core :: Bundles :: mDNS Suggested Add-on Finder SKIPPED
[INFO] openHAB Core :: Bundles :: Process-based Suggested Add-on Finder SKIPPED
[INFO] openHAB Core :: Bundles :: Configuration SDDP Discovery SKIPPED
[INFO] openHAB Core :: Bundles :: SDDP Suggested Add-on Finder SKIPPED
[INFO] openHAB Core :: Bundles :: uPnP Suggested Add-on Finder SKIPPED
[INFO] openHAB Core :: Bundles :: Configuration USB-Serial Discovery SKIPPED
[INFO] openHAB Core :: Bundles :: USB Suggested Add-on Finder SKIPPED
[INFO] openHAB Core :: Bundles :: Configuration mDNS Discovery SKIPPED
[INFO] openHAB Core :: Bundles :: Configuration USB-Serial Discovery for Linux using sysfs scanning SKIPPED
[INFO] openHAB Core :: Bundles :: Configuration USB-Serial Discovery using ser2net mDNS scanning SKIPPED
[INFO] openHAB Core :: Bundles :: Configuration USB-Serial Discovery for Windows SKIPPED
[INFO] openHAB Core :: Bundles :: Configuration UPnP Discovery SKIPPED
[INFO] openHAB Core :: Bundles :: Configuration Dispatcher  SKIPPED
[INFO] openHAB Core :: Bundles :: Serial Transport ........ SKIPPED
[INFO] openHAB Core :: Bundles :: Configuration Serial .... SKIPPED
[INFO] openHAB Core :: Bundles :: ID ...................... SKIPPED
[INFO] openHAB Core :: Bundles :: Karaf Integration ....... SKIPPED
[INFO] openHAB Core :: Bundles :: Binary To JSON converter  SKIPPED
[INFO] openHAB Core :: Bundles :: Console for OSGi framework Eclipse Equinox SKIPPED
[INFO] openHAB Core :: Bundles :: Console for OSGi Console RFC 147 SKIPPED
[INFO] openHAB Core :: Bundles :: Console for OSGi runtime Karaf SKIPPED
[INFO] openHAB Core :: Bundles :: HTTP Interface .......... SKIPPED
[INFO] openHAB Core :: Bundles :: HTTP Interface Authentication SKIPPED
[INFO] openHAB Core :: Bundles :: Monitor ................. SKIPPED
[INFO] openHAB Core :: Bundles :: Audio REST Interface .... SKIPPED
[INFO] openHAB Core :: Bundles :: Authentication Support for the REST Interface SKIPPED
[INFO] openHAB Core :: Bundles :: REST Interface :: Core .. SKIPPED
[INFO] openHAB Core :: Bundles :: REST UI Logging Module .. SKIPPED
[INFO] openHAB Core :: Bundles :: REST mDNS Announcer ..... SKIPPED
[INFO] openHAB Core :: Bundles :: Sitemap REST Interface .. SKIPPED
[INFO] openHAB Core :: Bundles :: SSE Interface ........... SKIPPED
[INFO] openHAB Core :: Bundles :: REST Interface :: Swagger 1 SKIPPED
[INFO] openHAB Core :: Bundles :: Transformation REST Interface SKIPPED
[INFO] openHAB Core :: Bundles :: UI REST Interface ....... SKIPPED
[INFO] openHAB Core :: Bundles :: Voice REST Interface .... SKIPPED
[INFO] openHAB Core :: Bundles :: Modbus Transport ........ SKIPPED
[INFO] openHAB Core :: Bundles :: MQTT Transport .......... SKIPPED
[INFO] openHAB Core :: Bundles :: Serial Transport for Java Communications API SKIPPED
[INFO] openHAB Core :: Bundles :: Serial Transport for RXTX SKIPPED
[INFO] openHAB Core :: Bundles :: Serial Transport for RFC2217 SKIPPED
[INFO] openHAB Core :: Bundles :: UPnP Transport .......... SKIPPED
[INFO] openHAB Core :: Bundles :: WebSocket ............... SKIPPED
[INFO] openHAB Core :: Bundles :: SSL Certificate Generator SKIPPED
[INFO] openHAB Core :: Bundles :: Model Items ............. SKIPPED
[INFO] openHAB Core :: Bundles :: Model Item IDE .......... SKIPPED
[INFO] openHAB Core :: Bundles :: Model Items Runtime ..... SKIPPED
[INFO] openHAB Core :: Bundles :: Model Persistence ....... SKIPPED
[INFO] openHAB Core :: Bundles :: Model Persistence IDE ... SKIPPED
[INFO] openHAB Core :: Bundles :: Model Script ............ SKIPPED
[INFO] openHAB Core :: Bundles :: Model Rules ............. SKIPPED
[INFO] openHAB Core :: Bundles :: Model Rule IDE .......... SKIPPED
[INFO] openHAB Core :: Bundles :: Model Script IDE ........ SKIPPED
[INFO] openHAB Core :: Bundles :: Model Sitemap IDE ....... SKIPPED
[INFO] openHAB Core :: Bundles :: Model Thing ............. SKIPPED
[INFO] openHAB Core :: Bundles :: Model Thing IDE ......... SKIPPED
[INFO] openHAB Core :: Bundles :: Language Server ......... SKIPPED
[INFO] openHAB Core :: Bundles :: Model Persistence Runtime SKIPPED
[INFO] openHAB Core :: Bundles :: Model Script Runtime .... SKIPPED
[INFO] openHAB Core :: Bundles :: Model Rules Runtime ..... SKIPPED
[INFO] openHAB Core :: Bundles :: Model Sitemap Runtime ... SKIPPED
[INFO] openHAB Core :: Bundles :: Model Thing Runtime ..... SKIPPED
[INFO] openHAB Core :: Bundles :: Model YAML .............. SKIPPED
[INFO] openHAB Core :: Bundles :: JSON Storage ............ SKIPPED
[INFO] openHAB Core :: Bundles :: Magic Bundle ............ SKIPPED
[INFO] openHAB Core :: Bundles :: UI Icon Support ......... SKIPPED
[INFO] ------------------------------------------------------------------------
[INFO] BUILD FAILURE
[INFO] ------------------------------------------------------------------------
[INFO] Total time:  01:29 min
[INFO] Finished at: 2025-08-02T13:14:47+02:00
[INFO] ------------------------------------------------------------------------
[ERROR] Failed to execute goal org.apache.maven.plugins:maven-compiler-plugin:3.14.0:compile (default-compile) on project org.openhab.core.ai.common: Compilation failure
[ERROR] /Users/kgoderis/Development/openhab/git/openhab-core/bundles/org.openhab.core.ai.common/src/main/java/org/openhab/core/ai/common/config/AIProtocolConfiguration.java:[237,71] Null type mismatch (type annotations): required 'java.lang.@NonNull String' but this expression has type 'java.lang.@Nullable String'
[ERROR] 
[ERROR] -> [Help 1]
org.apache.maven.lifecycle.LifecycleExecutionException: Failed to execute goal org.apache.maven.plugins:maven-compiler-plugin:3.14.0:compile (default-compile) on project org.openhab.core.ai.common: Compilation failure
/Users/kgoderis/Development/openhab/git/openhab-core/bundles/org.openhab.core.ai.common/src/main/java/org/openhab/core/ai/common/config/AIProtocolConfiguration.java:[237,71] Null type mismatch (type annotations): required 'java.lang.@NonNull String' but this expression has type 'java.lang.@Nullable String'

    at org.apache.maven.lifecycle.internal.MojoExecutor.doExecute2 (MojoExecutor.java:333)
    at org.apache.maven.lifecycle.internal.MojoExecutor.doExecute (MojoExecutor.java:316)
    at org.apache.maven.lifecycle.internal.MojoExecutor.execute (MojoExecutor.java:212)
    at org.apache.maven.lifecycle.internal.MojoExecutor.execute (MojoExecutor.java:174)
    at org.apache.maven.lifecycle.internal.MojoExecutor.access$000 (MojoExecutor.java:75)
    at org.apache.maven.lifecycle.internal.MojoExecutor$1.run (MojoExecutor.java:162)
    at org.apache.maven.plugin.DefaultMojosExecutionStrategy.execute (DefaultMojosExecutionStrategy.java:39)
    at org.apache.maven.lifecycle.internal.MojoExecutor.execute (MojoExecutor.java:159)
    at org.apache.maven.lifecycle.internal.LifecycleModuleBuilder.buildProject (LifecycleModuleBuilder.java:105)
    at org.apache.maven.lifecycle.internal.LifecycleModuleBuilder.buildProject (LifecycleModuleBuilder.java:73)
    at org.apache.maven.lifecycle.internal.builder.singlethreaded.SingleThreadedBuilder.build (SingleThreadedBuilder.java:53)
    at org.apache.maven.lifecycle.internal.LifecycleStarter.execute (LifecycleStarter.java:118)
    at org.apache.maven.DefaultMaven.doExecute (DefaultMaven.java:261)
    at org.apache.maven.DefaultMaven.doExecute (DefaultMaven.java:173)
    at org.apache.maven.DefaultMaven.execute (DefaultMaven.java:101)
    at org.apache.maven.cli.MavenCli.execute (MavenCli.java:906)
    at org.apache.maven.cli.MavenCli.doMain (MavenCli.java:283)
    at org.apache.maven.cli.MavenCli.main (MavenCli.java:206)
    at jdk.internal.reflect.DirectMethodHandleAccessor.invoke (DirectMethodHandleAccessor.java:103)
    at java.lang.reflect.Method.invoke (Method.java:580)
    at org.codehaus.plexus.classworlds.launcher.Launcher.launchEnhanced (Launcher.java:255)
    at org.codehaus.plexus.classworlds.launcher.Launcher.launch (Launcher.java:201)
    at org.codehaus.plexus.classworlds.launcher.Launcher.mainWithExitCode (Launcher.java:361)
    at org.codehaus.plexus.classworlds.launcher.Launcher.main (Launcher.java:314)
Caused by: org.apache.maven.plugin.compiler.CompilationFailureException: Compilation failure
/Users/kgoderis/Development/openhab/git/openhab-core/bundles/org.openhab.core.ai.common/src/main/java/org/openhab/core/ai/common/config/AIProtocolConfiguration.java:[237,71] Null type mismatch (type annotations): required 'java.lang.@NonNull String' but this expression has type 'java.lang.@Nullable String'

    at org.apache.maven.plugin.compiler.AbstractCompilerMojo.execute (AbstractCompilerMojo.java:1309)
    at org.apache.maven.plugin.compiler.CompilerMojo.execute (CompilerMojo.java:225)
    at org.apache.maven.plugin.DefaultBuildPluginManager.executeMojo (DefaultBuildPluginManager.java:126)
    at org.apache.maven.lifecycle.internal.MojoExecutor.doExecute2 (MojoExecutor.java:328)
    at org.apache.maven.lifecycle.internal.MojoExecutor.doExecute (MojoExecutor.java:316)
    at org.apache.maven.lifecycle.internal.MojoExecutor.execute (MojoExecutor.java:212)
    at org.apache.maven.lifecycle.internal.MojoExecutor.execute (MojoExecutor.java:174)
    at org.apache.maven.lifecycle.internal.MojoExecutor.access$000 (MojoExecutor.java:75)
    at org.apache.maven.lifecycle.internal.MojoExecutor$1.run (MojoExecutor.java:162)
    at org.apache.maven.plugin.DefaultMojosExecutionStrategy.execute (DefaultMojosExecutionStrategy.java:39)
    at org.apache.maven.lifecycle.internal.MojoExecutor.execute (MojoExecutor.java:159)
    at org.apache.maven.lifecycle.internal.LifecycleModuleBuilder.buildProject (LifecycleModuleBuilder.java:105)
    at org.apache.maven.lifecycle.internal.LifecycleModuleBuilder.buildProject (LifecycleModuleBuilder.java:73)
    at org.apache.maven.lifecycle.internal.builder.singlethreaded.SingleThreadedBuilder.build (SingleThreadedBuilder.java:53)
    at org.apache.maven.lifecycle.internal.LifecycleStarter.execute (LifecycleStarter.java:118)
    at org.apache.maven.DefaultMaven.doExecute (DefaultMaven.java:261)
    at org.apache.maven.DefaultMaven.doExecute (DefaultMaven.java:173)
    at org.apache.maven.DefaultMaven.execute (DefaultMaven.java:101)
    at org.apache.maven.cli.MavenCli.execute (MavenCli.java:906)
    at org.apache.maven.cli.MavenCli.doMain (MavenCli.java:283)
    at org.apache.maven.cli.MavenCli.main (MavenCli.java:206)
    at jdk.internal.reflect.DirectMethodHandleAccessor.invoke (DirectMethodHandleAccessor.java:103)
    at java.lang.reflect.Method.invoke (Method.java:580)
    at org.codehaus.plexus.classworlds.launcher.Launcher.launchEnhanced (Launcher.java:255)
    at org.codehaus.plexus.classworlds.launcher.Launcher.launch (Launcher.java:201)
    at org.codehaus.plexus.classworlds.launcher.Launcher.mainWithExitCode (Launcher.java:361)
    at org.codehaus.plexus.classworlds.launcher.Launcher.main (Launcher.java:314)
[ERROR] 
[ERROR] Re-run Maven using the -X switch to enable full debug logging.
[ERROR] 
[ERROR] For more information about the errors and possible solutions, please read the following articles:
[ERROR] [Help 1] http://cwiki.apache.org/confluence/display/MAVEN/MojoFailureException
[ERROR] 
[ERROR] After correcting the problems, you can resume the build with the command
[ERROR]   mvn <args> -rf :org.openhab.core.ai.common
